participant,s000,s001,s002,s003,s004,s005,s006,s007,s008,s009,s010,s011,s012,s013,s014,s015,s016,s017,s018,s019,s020,s021,s022,s023,s024,s025,s026,s027,s028,s029,s030,s031,s032,s033,s034,s035,s036,s037,s038,s039,s040,s041,s042,s043,s044,s045,s046,s047,s048,s049,s050,s051,s052,s053,s054,s055,s056,s057,s058,s059,s060,s061,s062,s063,s064,s065,s066,s067,s068,s069,s070,s071,s072,s073,s074,s075,s076,s077,s078,s079,s080,s081,s082,s083,s084,s085,s086,s087,s088,s089,s090,s091,s092,s093,s094,s095,s096,s097,s098,s099,s100,s101,s102,s103,s104,s105,s106,s107,s108,s109,s110,s111,s112,s113,s114,s115,s116,s117,s118,s119,s120,s121,s122,s123,s124,s125,s126,s127,s128,s129,s130,s131,s132,s133,s134,s135,s136,s137,s138,s139,s140,s141,s142,s143,s144,s145,s146,s147,s148,s149,s150,s151,s152,s153,s154,s155,s156,s157,s158,s159,s160,s161,s162,s163,s164,s165,s166,s167,s168,s169,s170,s171,s172,s173,s174,s175,s176,s177,s178,s179,s180,s181,s182,s183,s184,s185,s186,s187,s188,s189,s190,s191,s192,s193,s194,s195,s196,s197,s198,s199,s200,s201,s202,s203,s204,s205,s206,s207,s208,s209,s210,s211,s212,s213,s214,s215,s216,s217,s218,s219,s220,s221,s222,s223,s224,s225,s226,s227,s228,s229,s230,s231,s232,s233,s234,s235,s236,s237,s238,s239,s240,s241,s242,s243,s244,s245,s246,s247,s248,s249,s250,s251,s252,s253,s254,s255,s256,s257,s258,s259,s260,s261,s262,s263,s264,s265,s266,s267,s268,s269,s270,s271,s272,s273,s274,s275,s276,s277,s278,s279,s280,s281,s282,s283,s284,s285,s286,s287,s288,s289,s290,s291,s292,s293,s294,s295,s296,s297,s298,s299,s300,s301,s302,s303,s304,s305,s306,s307,s308,s309,s310,s311,s312,s313,s314,s315,s316,s317,s318,s319,s320,s321,s322,s323,s324,s325,s326,s327,s328,s329,s330,s331,s332,s333,s334,s335,s336,s337,s338,s339,s340,s341,s342,s343,s344,s345,s346,s347,s348,s349,s350,s351,s352,s353,s354,s355,s356,s357,s358,s359,s360,s361,s362,s363,s364,s365,s366,s367,s368,s369,s370,s371,s372,s373,s374,s375,s376,s377,s378,s379,s380,s381,s382,s383,s384,s385,s386,s387,s388,s389,s390,s391,s392,s393,s394,s395,s396,s397,s398,s399,s400,s401,s402,s403,s404,s405,s406,s407,s408,s409,s410,s411,s412,s413,s414,s415,s416,s417,s418,s419,s420,s421,s422,s423,s424,s425,s426,s427,s428,s429,s430,s431,s432,s433,s434,s435,s436,s437,s438,s439,s440,s441,s442,s443,s444,s445,s446,s447,s448,s449,s450,s451,s452,s453,s454,s455,s456,s457,s458,s459,s460,s461,s462,s463,s464,s465,s466,s467,s468,s469,s470,s471,s472,s473,s474,s475,s476,s477,s478,s479,s480,s481,s482,s483,s484,s485,s486,s487,s488,s489,s490,s491,s492,s493,s494,s495,s496,s497,s498,s499,s500,s501,s502,s503,s504,s505,s506,s507,s508,s509,s510,s511,s512,s513,s514,s515,s516,s517,s518,s519,s520,s521,s522,s523,s524,s525,s526,s527,s528,s529,s530,s531,s532,s533,s534,s535,s536,s537,s538,s539,s540,s541,s542,s543,s544,s545,s546,s547,s548,s549,s550,s551,s552,s553,s554,s555,s556,s557,s558,s559,s560,s561,s562,s563,s564,s565,s566,s567,s568,s569,s570,s571,s572,s573,s574,s575,s576,s577,s578,s579,s580,s581,s582,s583,s584,s585,s586,s587,s588,s589,s590,s591,s592,s593,s594,s595,s596,s597,s598,s599,s600,s601,s602,s603,s604,s605,s606,s607,s608,s609,s610,s611,s612,s613,s614,s615,s616,s617,s618,s619,s620,s621,s622,s623,s624,s625,s626,s627,s628,s629,s630,s631,s632,s633,s634,s635,s636,s637,s638,s639,s640,s641,s642,s643,s644,s645,s646,s647,s648,s649,s650,s651,s652,s653,s654,s655,s656,s657,s658,s659,s660,s661,s662,s663,s664,s665,s666,s667,s668,s669,s670,s671,s672,s673,s674,s675,s676,s677,s678,s679,s680,s681,s682,s683,s684,s685,s686,s687,s688,s689,s690,s691,s692,s693,s694,s695,s696,s697,s698,s699,s700,s701,s702,s703,s704,s705,s706,s707,s708,s709,s710,s711,s712,s713,s714,s715,s716,s717,s718,s719,s720,s721,s722,s723,s724,s725,s726,s727,s728,s729,s730,s731,s732,s733,s734,s735,s736,s737,s738,s739,s740,s741,s742,s743,s744,s745,s746,s747,s748,s749,s750,s751,s752,s753,s754,s755,s756,s757,s758,s759,s760,s761,s762,s763,s764,s765,s766,s767,s768,s769,s770,s771,s772,s773,s774,s775,s776,s777,s778,s779,s780,s781,s782,s783,s784,s785,s786,s787,s788,s789,s790,s791,s792,s793,s794,s795,s796,s797,s798,s799,s800,s801,s802,s803,s804,s805,s806,s807
P001,49.5,49.5,49.5,49.5,49.5,49.5,49.5,49.5,49.5,49.5,48.6,50.8,50.8,50.8,50.8,50.8,50.8,50.8,50.8,50.8,54.33,51.8,51.8,51.8,57.0,45.1,45.3,51.4,50.5,50.5,50.5,50.5,50.5,50.5,50.5,50.5,50.5,50.5,50.5,50.5,50.5,50.5,50.5,53.3,71.73,73.5,73.5,73.5,73.5,73.5,73.5,73.5,73.5,73.5,73.5,73.5,73.5,73.5,73.5,73.5,73.5,73.5,73.5,73.5,73.5,73.5,73.5,73.5,73.5,73.5,70.32,69.2,69.2,69.2,69.2,69.2,69.2,69.2,69.2,69.2,69.2,69.2,69.2,69.2,69.2,69.2,69.2,69.2,69.2,69.2,69.2,69.2,69.2,64.02,52.95,50.1,50.1,50.1,50.1,50.1,50.1,50.1,50.1,50.1,50.1,50.1,50.1,50.1,50.1,50.1,50.1,50.1,50.1,50.1,50.1,50.1,50.1,50.1,48.69,39.3,39.3,39.3,39.3,39.3,39.3,39.3,39.3,39.3,39.3,39.3,39.3,39.3,39.3,39.3,38.52,37.7,37.7,37.7,37.7,37.7,37.7,37.7,37.7,37.7,37.7,37.7,37.7,37.7,37.7,37.7,37.7,37.7,37.7,37.7,37.7,37.7,37.7,37.7,37.7,37.7,37.7,37.7,37.7,37.7,37.7,37.7,37.7,37.7,37.7,37.5,37.5,31.5,31.5,31.5,31.5,31.5,31.5,31.5,31.5,31.5,31.5,31.5,31.5,31.5,31.5,31.5,31.5,31.5,31.5,31.5,31.5,31.5,31.5,31.5,31.5,31.5,31.5,31.5,31.5,31.5,31.5,31.5,31.5,31.5,31.5,31.5,31.5,31.5,31.5,31.5,31.5,31.5,31.5,31.5,35.36,47.88,49.7,49.7,49.7,49.7,49.7,49.7,49.7,49.7,49.7,49.7,49.7,49.7,49.7,49.7,49.7,49.7,49.7,49.7,49.7,49.7,49.7,49.7,49.7,49.7,49.7,49.7,49.7,49.7,49.7,49.7,49.7,49.7,49.7,49.7,49.7,49.7,49.7,49.7,49.7,49.7,49.7,49.7,49.7,49.7,49.7,49.7,49.7,49.7,49.7,49.7,49.7,49.7,49.7,49.7,49.7,49.7,49.7,49.7,49.7,49.7,49.7,49.7,49.7,49.7,49.7,49.7,49.7,49.7,49.7,49.7,49.7,49.7,49.7,49.7,49.7,49.7,49.7,49.7,49.7,49.7,49.7,49.7,49.7,49.7,49.7,49.7,49.7,49.7,42.83,29.3,27.3,27.3,27.3,27.3,27.3,27.3,27.3,27.3,27.3,27.3,27.3,27.3,27.3,27.3,27.3,27.3,27.3,27.3,27.3,27.3,27.3,27.3,27.3,27.3,27.3,27.3,27.3,27.3,23.4,23.4,23.4,23.4,23.4,23.4,23.4,23.4,23.4,23.4,23.4,23.4,23.4,23.4,23.4,23.4,23.4,23.4,23.4,23.4,23.4,23.4,23.4,23.4,23.4,23.4,23.4,23.4,23.4,23.4,23.4,23.4,23.4,23.4,23.4,23.4,23.4,23.4,23.4,23.4,23.4,23.4,23.4,23.4,23.4,23.4,23.4,23.4,23.4,23.4,23.4,23.4,23.4,23.4,23.4,23.4,23.4,23.4,23.4,23.4,23.4,23.4,23.4,23.4,23.4,23.4,23.4,23.4,23.4,23.4,23.4,23.4,23.4,23.4,23.4,23.4,23.4,23.4,23.4,23.4,23.4,23.4,23.4,23.4,23.4,23.4,23.4,23.4,23.4,23.4,23.4,23.4,23.4,23.4,23.4,23.4,23.4,23.4,23.4,23.4,23.4,23.4,23.4,23.4,23.4,23.4,23.4,23.4,23.4,23.4,23.4,23.4,23.4,22.1,15.4,15.4,15.4,15.4,15.4,15.4,15.4,15.4,15.4,15.4,15.4,15.4,15.4,15.4,15.4,15.4,15.4,15.4,15.4,15.4,15.4,15.4,15.4,15.4,15.4,15.4,15.4,15.4,15.4,15.4,15.4,15.4,15.4,15.4,15.4,15.4,15.4,15.4,15.4,15.4,15.4,15.4,15.4,15.4,15.4,15.4,15.4,15.4,15.4,15.4,15.4,15.4,15.4,15.4,15.4,15.4,15.4,15.4,15.4,15.4,15.4,15.4,15.4,15.4,15.4,15.4,15.4,15.4,15.4,15.4,15.4,15.4,15.4,15.4,15.4,15.4,15.4,15.4,15.4,15.4,15.4,15.4,15.4,15.4,15.4,15.4,15.4,15.4,15.4,15.4,15.4,15.4,15.4,15.4,15.4,15.4,15.4,15.4,15.4,15.4,19.22,20.4,20.4,20.4,20.4,20.4,20.4,20.4,20.4,20.4,20.4,20.4,20.4,20.4,20.4,20.4,20.4,20.4,20.4,20.4,20.4,20.4,20.4,20.4,20.4,20.4,20.4,20.4,20.4,20.4,20.4,20.4,20.4,20.4,20.4,20.4,20.4,17.6,17.6,17.6,17.6,17.6,17.6,17.6,17.6,17.6,17.6,17.6,17.6,17.6,17.6,17.6,17.6,17.6,17.6,17.6,17.6,17.6,17.6,17.6,17.6,17.6,17.6,17.6,17.6,17.6,17.6,17.6,17.6,17.6,17.6,17.6,17.6,17.6,17.6,17.6,17.6,17.6,17.6,17.6,17.6,17.6,17.6,17.6,17.6,17.6,17.6,17.6,17.6,17.6,17.6,17.6,17.6,13.13,12.4,12.4,12.4,12.4,12.4,12.4,12.4,12.4,12.4,12.4,12.4,12.4,12.4,12.4,12.4,12.4,12.4,12.4,12.4,12.4,12.4,12.4,12.4,12.4,11.1,11.1,11.1,11.1,11.1,11.1,11.1,11.1,11.1,11.1,11.1,11.1,11.1,11.1,11.1,11.1,11.1,11.1,11.1,11.1,11.1,11.1,11.1,11.1,11.1,11.1,11.1,11.1,11.1,11.1,11.1,11.1,11.1,11.1,11.1,11.1,11.1,11.1,11.1,11.1,11.1,11.1,11.1,11.1,11.1,11.1,11.1,11.1,11.1,11.1,11.1,11.1,11.1,11.1,11.1,11.1,11.1,11.1,11.1,11.1,11.1,11.1,11.1,11.1,11.1,11.1,11.1,11.1,11.1,11.1,11.1,48.67,47.1,48.6,50.58,49.7,49.7,49.7,49.7,49.7,49.7,49.7,49.7,49.7,49.7,49.7,49.7,49.7,49.7,49.7,49.7,49.7,49.7,49.7,49.7,49.7,49.7,49.7,49.7,49.7,49.7,49.7,49.7,49.7,49.7,49.7,49.7,49.7,49.7,49.7,49.7,49.7,49.7,49.7,49.7,49.7,49.7,49.7,49.7,49.7,49.7,49.7,49.7,49.7,49.7,49.7,49.7,49.7,49.7,49.7,49.7,49.7,49.7,49.7,49.7,49.7,49.7,49.7,49.7,49.7,49.7,49.7
P002,50.5,50.5,50.5,50.5,50.5,50.5,50.5,50.5,50.5,50.5,51.7,53.4,55.31,56.14,58.25,59.4,59.6,60.8,61.3,61.3,61.3,61.35,61.7,62.5,63.53,64.8,66.0,65.78,64.7,64.7,64.5,64.2,64.2,64.2,64.2,64.5,65.0,65.66,66.94,67.0,67.0,67.1,70.1,70.5,70.5,70.5,70.7,70.7,71.0,71.1,71.1,72.33,74.1,74.1,74.1,74.1,74.1,74.1,74.5,74.5,74.5,74.5,75.0,75.0,75.3,75.3,74.1,76.1,76.2,76.2,75.5,75.5,75.3,74.8,74.7,74.7,74.7,73.9,72.8,72.7,72.7,72.5,72.5,72.5,71.62,70.14,68.5,67.64,67.3,67.3,67.17,66.29,65.1,65.0,64.8,64.8,64.8,65.3,65.3,64.8,64.8,64.8,64.8,64.5,63.6,62.7,61.9,61.9,61.9,61.9,63.7,63.7,63.7,65.6,65.6,65.6,65.9,65.9,67.6,69.4,69.6,69.8,69.8,69.8,70.1,70.1,68.46,67.7,67.7,67.7,67.7,67.7,67.7,67.7,67.7,67.7,67.7,68.7,70.3,70.8,69.1,67.83,66.27,65.6,65.4,64.7,64.7,64.4,60.0,57.7,55.36,52.9,50.5,50.5,50.5,50.5,50.5,50.5,50.5,50.6,50.6,50.6,50.8,50.9,50.9,50.9,50.9,51.1,51.1,51.1,50.75,48.6,48.6,48.6,48.3,48.3,48.1,48.1,47.7,47.7,47.7,47.7,43.7,42.48,41.06,40.0,39.8,39.8,38.1,38.0,38.0,37.2,37.94,38.53,39.46,41.34,42.82,44.86,46.9,49.46,50.3,50.3,50.5,50.5,50.5,50.5,50.5,50.5,50.5,50.6,50.5,49.2,47.8,47.2,46.5,46.5,46.5,46.5,46.5,46.5,46.5,46.5,47.7,48.8,49.5,50.3,50.5,50.6,51.4,51.5,51.5,49.7,49.8,51.4,53.09,53.4,53.4,53.4,52.99,52.9,52.9,52.9,52.9,52.9,52.6,52.6,52.6,52.6,52.6,52.2,51.9,51.33,50.8,50.8,50.8,50.8,50.8,50.8,50.6,50.6,50.6,50.6,50.6,50.6,50.6,50.8,50.8,50.6,50.6,50.5,50.5,50.5,50.5,50.5,50.5,50.8,51.4,50.83,50.8,50.8,50.8,50.9,51.2,51.2,51.2,51.7,51.7,52.3,52.3,52.3,52.3,52.3,54.26,54.3,53.9,54.5,55.2,55.66,56.12,56.5,57.1,57.1,57.1,57.1,57.1,57.1,57.1,57.1,57.1,57.1,57.1,57.6,58.41,58.8,59.3,59.4,59.4,59.4,59.4,59.4,59.4,59.4,59.4,59.0,58.8,58.2,58.0,56.8,56.5,55.4,54.2,52.3,52.0,50.2,51.1,51.1,50.9,50.5,50.3,50.3,50.57,52.0,52.43,52.5,54.0,54.0,54.0,54.0,54.0,54.0,54.0,54.0,54.0,54.0,54.0,54.0,54.0,54.0,54.0,54.0,54.0,54.0,54.0,54.0,54.0,54.0,54.0,54.0,54.0,54.0,54.0,54.0,52.8,52.3,52.3,52.8,50.6,50.6,50.6,50.6,50.6,50.6,50.6,50.6,50.6,50.2,50.2,44.99,42.9,40.6,39.4,36.6,30.36,29.6,28.4,28.4,26.58,27.2,30.4,30.4,30.9,31.6,31.6,36.67,37.0,37.8,45.2,48.6,51.5,51.9,55.47,53.5,49.82,48.8,48.6,46.8,46.8,45.1,44.75,44.1,44.0,41.8,39.7,38.0,35.5,35.5,35.5,35.5,34.9,34.9,34.9,34.9,34.7,35.2,37.0,40.67,40.9,40.9,41.92,42.4,43.8,49.8,50.61,51.9,50.67,46.9,47.82,52.0,52.0,35.84,29.3,21.6,21.6,23.5,23.0,25.62,25.2,24.5,26.6,28.03,28.5,33.15,34.1,31.5,31.8,33.0,33.0,33.0,33.0,33.0,33.6,35.0,39.5,41.4,43.1,43.1,44.06,45.4,49.4,49.7,49.7,47.7,45.7,45.5,45.4,45.2,44.6,43.9,43.4,42.7,40.48,33.3,25.2,24.32,17.6,17.4,15.9,15.6,15.3,16.2,16.8,16.93,18.2,18.2,18.4,19.0,23.1,26.2,29.78,33.27,33.6,36.9,38.0,41.2,40.9,40.9,41.4,41.5,40.4,39.8,40.37,40.4,29.65,27.3,27.3,26.5,25.6,25.8,25.6,26.5,27.0,24.64,19.0,17.7,17.7,18.1,18.1,17.4,20.7,25.55,30.2,40.1,44.4,42.12,42.0,42.1,42.3,42.3,42.1,36.0,35.8,33.25,28.67,28.1,28.1,28.1,28.1,29.6,29.0,23.71,20.8,16.7,16.0,15.9,15.7,18.93,20.5,25.56,27.5,30.6,30.7,31.2,29.2,27.9,18.2,13.73,9.34,5.1,2.2,1.44,4.5,6.6,8.2,8.3,9.47,8.87,8.2,0.0,0.5,0.0,6.2,7.7,9.0,11.9,15.3,16.0,21.09,25.0,29.8,29.9,32.33,38.84,45.99,53.9,57.6,60.0,61.7,60.8,60.8,61.1,59.9,59.9,59.1,56.8,49.1,42.7,21.9,15.9,9.4,9.4,3.57,2.94,6.01,8.5,8.66,7.9,6.6,1.5,0.0,2.77,4.3,5.1,2.5,3.1,4.2,4.6,6.71,11.9,18.02,21.8,20.17,19.76,19.0,18.2,14.2,17.4,17.3,17.3,18.1,19.4,19.6,19.8,20.5,22.4,18.8,17.3,17.1,16.4,17.0,17.7,17.7,17.7,16.8,16.7,17.3,18.44,21.1,21.9,22.47,23.3,24.46,24.8,25.2,25.2,25.2,25.6,25.8,25.5,25.5,25.5,25.5,24.4,24.2,25.0,26.64,31.0,29.98,29.3,29.2,30.7,40.6,41.4,43.2,49.2,55.05,57.78,57.9,57.9,57.9,58.0,58.0,58.0,58.0,58.0,58.0,59.1,59.6,59.7,61.4,61.4,61.4,61.4,61.3,61.3,61.3,61.1,61.3,61.4,61.6,62.2,62.2,62.2,62.2,62.2,63.3,63.3,63.7,75.6,70.5,66.7,65.9,66.5,64.7,62.0,62.0,57.94,55.46,55.9,54.5,52.5,51.9,51.5,51.4,51.4,51.2,51.2,50.6,50.9,50.9,50.9,50.9,50.9,53.2,54.6,56.5,56.5,56.6,56.8,56.8,56.8,56.8,56.9,56.9,57.48,57.7,57.7,57.7,58.2,58.2,58.6,58.8,61.7,63.3,63.9,63.9,63.9,63.9,63.0,61.1,58.2,55.9,52.9,51.5,50.3,50.3,49.4,52.11,58.77,62.0,64.5,67.1,68.1,70.5,71.1,71.1,71.1,71.1,71.1,71.5,71.56,71.9,72.4,72.7,72.2,69.3,69.1,69.1,69.1
P003,50.0,50.0,50.0,50.0,50.0,50.0,50.0,49.5,49.7,49.7,49.7,49.7,49.7,49.7,49.7,49.7,49.7,49.7,49.7,49.5,49.56,49.7,49.7,49.7,49.7,49.7,49.7,50.9,50.9,50.9,51.1,51.1,51.1,51.1,51.1,51.1,51.1,51.1,51.1,51.1,51.1,50.8,50.5,50.3,50.3,50.3,49.8,50.2,50.2,50.2,50.2,50.2,50.2,50.2,50.2,50.2,50.2,50.2,50.2,50.2,50.2,50.2,50.2,50.2,49.8,49.8,49.8,49.8,49.8,49.8,50.3,50.6,50.8,51.4,50.8,50.8,50.8,50.8,50.8,50.8,50.8,50.8,50.8,50.8,50.8,50.8,50.8,50.8,50.8,50.8,51.5,51.4,50.74,49.2,49.7,49.7,49.7,49.7,49.7,49.7,49.1,49.1,48.6,48.3,50.2,50.3,50.3,50.3,50.5,50.5,50.5,50.2,50.2,50.2,50.2,50.2,50.2,50.2,50.2,50.2,50.2,50.2,50.2,50.2,50.2,50.2,50.2,49.7,49.7,49.7,49.7,49.5,49.5,49.5,49.5,49.5,49.5,49.4,49.5,49.5,49.5,49.5,49.5,49.5,49.5,49.8,49.8,49.8,49.8,49.8,49.8,49.8,49.8,49.8,49.8,49.8,49.7,49.7,49.7,49.7,49.7,49.7,49.7,48.6,48.5,48.5,48.5,48.5,49.7,49.7,49.7,49.7,49.7,49.7,49.7,49.7,49.8,49.8,49.8,49.8,49.8,49.8,49.8,49.8,49.8,49.8,49.8,49.8,49.8,49.8,49.8,49.8,49.8,49.8,49.8,49.8,49.8,49.8,49.8,49.8,49.8,49.8,49.1,48.9,48.9,48.42,49.8,49.8,49.8,49.8,49.8,49.8,49.8,49.8,49.8,49.8,49.7,49.7,49.7,49.83,50.2,50.3,50.3,50.3,50.3,46.9,45.8,45.8,45.8,45.8,45.8,45.8,45.8,45.8,45.5,45.27,45.8,46.3,46.3,46.3,46.3,47.8,47.4,47.2,47.2,47.86,48.5,49.4,49.4,49.4,49.4,49.4,49.4,49.4,49.4,49.4,49.4,49.62,50.5,50.5,49.64,48.1,47.8,47.8,47.8,47.8,46.9,46.9,46.9,45.5,46.3,47.4,47.4,47.4,47.4,48.8,48.8,48.8,48.8,48.8,48.8,48.9,49.2,43.1,43.1,43.1,43.1,43.1,43.1,43.1,43.1,43.1,42.7,43.43,46.1,46.1,46.1,46.1,46.1,46.1,46.1,46.1,46.1,46.1,46.1,46.1,46.9,46.9,46.9,47.5,50.4,53.37,54.5,54.5,54.2,54.2,52.12,49.5,47.61,47.4,47.4,47.4,47.4,47.4,47.4,47.21,44.3,44.1,44.1,44.1,44.1,44.1,44.1,42.9,40.6,41.0,41.4,41.4,41.4,41.4,41.5,41.5,41.5,41.5,41.5,40.1,39.0,39.0,39.0,39.0,39.0,39.0,39.0,39.0,39.0,39.0,40.93,40.9,40.9,40.9,40.9,41.0,41.0,41.0,41.0,41.0,41.0,41.0,42.9,39.7,37.64,37.0,37.0,33.8,33.8,33.8,33.8,33.8,33.8,33.8,33.8,32.7,31.5,31.5,31.5,31.5,31.5,29.8,29.8,29.8,29.8,29.8,29.8,29.6,28.4,28.4,28.4,24.2,20.2,20.2,20.2,20.73,23.6,23.6,23.6,23.6,23.6,23.6,23.6,23.6,22.84,20.4,20.7,20.7,20.7,23.1,23.3,23.3,23.3,23.3,23.3,23.3,23.1,23.9,23.9,23.3,29.1,30.6,30.6,30.6,30.6,30.6,30.6,38.1,18.8,11.6,11.4,11.9,11.9,9.7,9.7,9.7,9.7,12.2,14.7,17.6,20.1,20.1,16.4,9.9,6.2,6.2,6.2,6.0,6.0,6.0,2.8,2.6,2.6,2.6,2.6,2.6,2.6,2.6,2.6,4.3,8.44,12.57,15.3,17.44,18.1,18.1,18.1,18.1,18.1,18.1,18.1,18.1,18.1,18.1,20.5,21.03,22.8,19.0,18.1,18.1,18.1,18.1,18.1,18.1,18.1,18.1,18.1,20.8,20.5,17.1,17.4,17.7,17.0,17.0,21.3,24.7,27.15,27.8,28.03,27.8,27.8,27.8,27.8,27.8,27.8,27.6,27.6,27.6,25.9,25.9,25.9,24.8,19.3,19.3,20.76,19.4,19.4,19.4,19.4,19.6,19.6,19.6,19.6,19.6,19.6,19.6,19.6,19.4,19.3,19.9,19.9,19.9,19.9,19.9,19.9,19.9,24.23,24.5,24.5,24.5,24.5,23.1,23.6,23.5,24.5,24.5,24.5,24.5,24.5,24.5,28.2,28.5,28.5,28.5,31.2,31.2,31.2,31.2,31.2,31.2,31.2,21.9,19.22,18.8,18.8,16.83,12.8,12.8,12.56,4.3,2.9,2.9,2.3,0.2,0.0,0.0,0.0,0.0,0.0,0.0,0.0,0.0,0.0,0.0,0.0,7.54,9.6,0.8,8.5,10.3,10.3,4.8,4.73,4.6,4.6,2.2,2.2,2.0,5.2,8.0,13.9,17.0,16.5,16.4,16.4,16.4,16.4,16.4,16.4,28.2,24.57,20.1,20.1,20.1,17.25,15.4,15.4,12.7,0.0,0.0,0.0,0.0,0.0,0.0,0.0,0.0,0.0,0.0,0.0,0.0,0.0,0.0,3.73,0.0,0.0,0.0,0.0,0.0,0.0,0.0,0.0,0.0,0.0,0.0,0.0,7.8,13.3,14.2,0.0,0.0,0.0,0.0,0.0,1.7,10.0,13.1,13.4,14.4,14.5,14.7,14.7,15.3,16.2,16.2,14.8,18.38,19.3,20.7,20.7,20.7,20.7,20.7,20.7,19.8,16.5,16.5,16.5,14.0,13.0,13.0,13.0,12.8,12.8,12.76,11.3,11.3,11.3,11.3,15.0,21.04,24.4,24.4,27.2,27.3,27.3,28.9,29.9,29.9,38.5,48.8,48.8,44.1,44.9,44.9,42.4,37.2,36.7,36.7,40.7,46.3,53.1,50.5,50.5,50.6,49.7,49.2,50.2,49.5,49.5,49.5,49.5,49.5,49.5,50.5,50.5,50.5,50.5,50.6,50.8,53.91,54.3,54.3,54.3,54.3,54.3,54.3,54.3,54.8,54.8,54.8,54.9,54.9,54.9,54.9,54.9,55.7,55.4,55.4,55.4,59.1,59.1,59.1,59.1,59.1,59.1,58.2,58.3,57.9,58.23,58.6,58.6,58.6,58.6,58.5,58.5,58.5,58.5,58.5,58.5,58.5,58.5,58.5,58.5,57.01,57.3,54.2,53.7,53.7,53.7,53.7,51.96,50.8,50.8,50.8,50.8,50.8,50.6,48.8,48.8,48.8,48.8,48.8,48.8,51.4,51.4,51.4,51.4,51.4,51.4,51.4,50.9,50.9
P004,57.3,57.3,57.3,57.3,57.3,57.3,57.3,57.3,57.3,57.3,50.62,41.8,43.7,47.28,48.6,48.6,48.6,48.6,48.6,48.6,48.6,48.6,48.6,48.6,48.6,48.6,0.0,0.57,32.97,46.5,48.5,48.5,48.5,48.5,48.5,48.5,48.5,48.5,48.5,48.5,48.5,48.5,48.5,48.5,48.5,48.5,48.5,48.5,48.5,48.5,48.5,48.5,48.5,48.5,48.5,48.5,48.5,48.5,48.5,48.5,48.5,48.5,48.5,48.5,48.5,48.5,48.5,48.5,48.5,48.5,48.5,48.5,48.5,48.5,48.5,48.5,48.5,48.5,48.5,48.5,48.5,48.5,48.5,48.5,48.5,48.5,48.5,48.5,45.2,49.8,49.8,49.8,49.8,49.8,49.8,49.8,49.8,49.8,49.8,49.8,49.8,49.8,49.8,49.8,49.8,49.8,49.8,49.8,49.8,49.8,49.8,49.8,49.8,49.8,49.8,49.8,49.8,49.8,49.8,49.8,49.8,49.8,49.8,49.8,49.8,49.8,49.8,49.8,49.8,49.8,49.8,49.8,49.8,49.8,49.8,49.8,49.8,49.8,49.8,49.8,49.8,49.8,49.8,49.8,49.8,49.8,49.8,49.8,49.8,49.8,49.8,49.8,49.8,49.8,49.8,49.8,49.8,49.8,49.8,49.8,49.8,49.8,49.8,49.8,49.8,49.8,49.8,49.8,49.8,49.8,49.8,49.8,49.8,49.8,49.8,49.8,49.8,49.8,47.8,47.8,47.8,47.8,47.8,47.8,47.8,47.8,47.8,47.8,47.8,47.8,47.8,47.8,47.8,47.8,47.8,47.8,47.8,47.8,47.8,47.8,47.8,47.8,47.8,47.8,47.8,47.8,47.8,47.8,47.8,47.8,47.8,47.8,47.8,47.8,47.8,47.8,47.8,47.8,47.8,47.8,47.8,47.8,47.8,47.8,47.8,47.8,47.8,47.8,47.8,47.8,47.8,47.8,47.8,47.8,47.8,47.8,47.8,47.8,47.8,47.8,47.8,47.8,47.8,47.8,47.8,47.8,47.8,47.8,47.8,47.8,47.8,47.8,47.8,47.8,47.8,47.8,47.8,47.8,47.8,47.8,47.8,47.8,47.8,47.8,47.8,47.8,47.8,47.8,47.8,47.8,47.8,47.8,47.8,47.8,47.8,47.8,47.8,47.8,47.8,47.8,47.8,47.8,47.8,47.8,47.8,47.8,47.8,47.8,47.8,47.8,47.8,47.8,47.8,47.8,47.8,47.8,47.8,47.8,47.8,47.8,47.8,47.8,47.8,47.8,47.8,47.8,47.8,47.8,47.8,47.8,47.8,47.8,47.8,47.8,47.8,47.8,47.8,47.8,47.8,47.8,47.8,47.8,47.8,47.8,47.8,47.8,47.8,47.8,47.8,47.8,45.8,25.8,23.8,23.8,23.8,23.8,23.8,23.8,23.8,23.8,23.8,23.8,23.8,23.8,23.8,23.8,23.8,23.8,23.8,23.8,23.8,23.8,23.8,23.8,23.8,23.8,23.8,23.8,23.8,23.8,23.8,23.8,23.8,23.8,23.8,23.8,23.8,23.8,23.8,23.8,23.8,23.8,23.8,23.8,23.8,23.8,23.8,23.8,23.8,23.8,23.8,23.8,23.8,23.8,23.8,23.8,23.8,23.8,23.8,23.8,23.8,23.8,23.8,23.8,23.8,23.8,23.8,23.8,23.8,23.8,23.8,23.8,23.8,23.8,23.8,23.8,23.8,23.8,23.8,23.8,23.8,23.8,23.8,23.8,23.8,23.8,23.8,23.8,23.8,23.8,23.8,23.8,23.8,23.8,23.8,23.8,23.8,23.8,23.8,23.8,23.8,23.8,23.8,23.8,23.8,23.8,23.8,23.8,25.8,23.8,23.8,23.8,23.8,23.8,23.8,23.8,23.8,23.8,23.8,23.8,23.8,23.8,23.8,23.8,23.8,23.8,23.8,23.8,23.8,23.8,23.8,23.8,23.8,23.8,23.8,23.8,23.8,23.8,23.8,23.8,23.8,23.8,23.8,23.8,23.8,23.8,23.8,23.8,23.8,23.8,23.8,23.8,23.8,23.8,23.8,23.8,23.8,23.8,23.8,23.8,23.8,23.8,23.8,23.8,23.8,23.8,23.8,23.8,23.8,23.8,23.8,23.8,23.8,23.8,23.8,23.8,23.8,23.8,23.8,23.8,23.8,23.8,23.8,23.8,23.8,23.8,23.8,23.8,23.8,23.8,23.8,23.8,23.8,23.8,23.8,23.8,23.8,23.8,23.8,23.8,23.8,23.8,23.8,23.8,23.8,23.8,23.8,23.8,23.8,23.8,23.8,23.8,23.8,23.8,23.8,23.8,23.8,23.8,23.8,23.8,23.8,23.8,23.8,23.8,23.8,23.8,23.8,23.8,23.8,23.8,23.8,23.8,23.8,23.8,23.8,23.8,23.8,23.8,23.8,23.8,23.8,23.8,23.8,23.8,23.8,23.8,23.8,23.8,23.8,23.8,23.8,23.8,23.8,23.8,23.8,23.8,23.8,23.8,23.8,23.8,23.8,23.8,23.8,23.8,23.8,23.8,23.8,23.8,23.8,23.8,23.8,23.8,23.8,23.8,23.8,15.8,15.8,15.8,15.8,15.8,15.8,15.8,15.8,15.8,15.8,15.8,15.8,15.8,15.8,15.8,15.8,15.8,15.8,15.8,15.8,15.8,13.8,5.8,5.8,5.8,5.8,5.8,5.8,5.8,5.8,5.8,5.8,5.8,5.8,5.8,5.8,5.8,5.8,5.8,5.8,5.8,5.8,5.8,5.8,5.8,5.8,5.8,5.8,5.8,5.8,5.8,5.8,5.8,5.8,5.8,5.8,5.8,5.8,5.8,5.8,5.8,5.8,5.8,5.8,5.8,5.8,5.8,5.8,5.8,5.8,5.8,5.8,5.8,5.8,5.8,5.8,5.8,5.8,5.8,5.8,5.8,5.8,5.8,5.8,5.8,5.8,5.8,5.8,5.8,5.8,5.8,5.8,5.8,5.8,5.8,5.8,5.8,5.8,5.8,5.8,5.8,5.8,5.8,5.8,5.8,5.8,5.8,5.8,5.8,5.8,5.8,5.8,5.8,5.8,5.8,5.8,5.8,5.8,5.8,5.8,5.8,5.8,5.8,5.8,5.8,5.8,5.8,5.8,5.8,5.8,5.8,5.8,5.8,5.8,5.8,5.8,5.8,5.8,5.8,5.8,5.8,5.8,5.8,5.8,5.8,5.8,5.8,5.8,5.8,5.8,5.8,5.8,5.8,5.8,5.8,5.8,5.8,5.8,5.8,5.8,5.8,5.8,5.8,5.8,5.8,5.8,5.8,5.8,5.8,5.8,5.8,5.8,5.8,5.8,5.8,5.8,5.8,5.8,5.8,5.8,5.8,5.8,5.8,5.8,5.8,5.8,5.8,5.8,5.8,5.8,5.8,31.84,25.23,24.6,23.9,24.6,28.6,23.1,23.1,23.1,23.1,23.1,23.1
P005,82.9,82.9,82.2,82.2,82.2,82.2,80.79,77.8,77.5,76.4,76.4,76.4,76.4,53.55,50.7,50.7,50.7,50.7,50.7,50.7,50.7,50.7,50.7,50.7,50.7,48.8,48.8,48.8,48.8,48.8,48.8,48.8,48.8,48.8,48.8,48.8,48.8,48.8,48.8,48.8,48.8,48.8,48.8,48.8,48.8,48.8,48.8,48.8,48.8,48.8,48.8,48.8,48.8,48.8,48.8,48.8,48.8,48.8,48.8,48.8,48.8,48.8,48.8,48.8,50.2,54.2,54.2,54.2,54.2,54.2,54.2,54.2,54.2,54.2,54.2,54.2,54.2,54.2,54.2,54.2,54.2,54.2,54.2,54.2,68.1,68.1,68.1,68.1,68.1,68.1,67.8,68.3,68.5,68.7,68.7,68.7,68.7,68.7,68.7,68.7,68.7,68.7,68.7,68.7,68.7,68.7,68.7,68.7,68.7,68.7,68.7,68.7,66.19,53.5,53.5,53.5,53.5,53.5,53.5,53.5,53.5,53.5,53.5,53.5,53.5,53.5,53.5,53.5,53.5,53.5,53.5,53.5,53.5,53.5,53.5,53.5,53.5,53.5,53.5,53.5,53.5,53.5,53.5,53.5,53.5,53.5,53.5,53.5,53.5,53.5,53.5,53.5,53.5,53.5,53.5,53.5,53.5,53.5,53.5,53.5,53.5,53.5,50.5,56.9,62.0,62.35,66.0,66.0,66.0,66.0,63.23,39.1,38.9,38.0,38.2,40.7,65.08,65.3,67.8,67.8,71.3,71.3,71.3,71.3,71.3,71.3,71.3,60.07,55.25,54.6,54.6,54.6,54.6,54.6,54.6,54.6,54.6,54.6,54.6,54.6,54.6,54.6,54.6,54.6,54.6,54.6,54.6,54.6,54.6,54.6,54.6,54.6,54.6,54.6,54.6,54.6,54.6,54.6,54.6,54.6,54.6,54.6,54.6,54.6,54.6,56.5,56.0,56.0,56.0,56.0,56.0,56.0,56.0,56.0,56.0,56.0,56.0,56.0,56.0,56.0,56.0,56.0,56.0,61.21,50.9,50.7,50.7,50.7,50.7,50.7,50.7,50.7,50.7,50.7,50.7,50.7,50.7,50.7,50.7,50.7,50.7,50.7,50.5,50.5,50.5,50.45,51.26,51.2,50.5,50.5,50.2,50.2,50.2,50.2,50.2,50.2,50.2,50.2,50.2,51.66,64.76,60.6,63.9,57.9,56.44,56.0,58.3,60.52,64.4,64.4,64.4,64.4,64.4,69.9,68.1,69.4,69.34,52.3,51.4,51.4,51.4,51.4,51.4,51.4,51.4,51.4,51.4,51.4,51.4,51.4,51.4,51.4,51.4,51.4,51.4,51.4,51.4,51.4,51.4,51.4,51.4,51.4,51.4,51.4,51.4,51.4,51.4,51.4,51.4,51.4,51.4,51.4,51.4,51.4,51.4,48.6,48.6,48.6,48.6,48.6,48.6,48.6,48.6,48.6,48.6,48.6,48.6,48.6,48.6,48.6,48.6,48.6,48.6,48.6,48.6,48.6,48.6,48.6,48.6,48.6,48.6,48.6,48.6,48.6,48.6,65.0,56.9,56.9,56.9,56.9,56.9,56.9,56.9,56.9,56.9,56.9,56.9,56.9,56.9,56.9,56.9,56.9,56.9,56.9,56.9,56.9,56.9,56.9,56.9,56.9,56.9,56.9,56.9,56.9,56.9,56.9,56.9,56.9,56.9,56.9,56.9,56.9,70.66,40.52,38.0,38.5,42.6,44.0,42.1,42.1,40.7,44.2,43.5,45.8,49.26,50.2,50.26,52.15,53.96,54.6,54.2,51.4,51.4,50.5,40.28,37.73,36.6,35.2,35.2,36.3,36.6,37.0,37.0,37.0,37.0,37.0,37.0,37.0,37.0,37.0,37.0,37.0,37.0,37.0,37.0,37.0,37.0,37.0,37.0,37.0,37.0,37.0,37.0,37.0,37.0,37.0,37.0,37.0,37.0,37.0,37.0,37.0,37.0,37.0,37.0,37.0,34.0,46.3,46.8,47.2,47.7,47.9,48.1,48.1,48.1,48.1,48.1,48.1,48.1,48.1,48.1,48.1,48.1,48.1,48.1,48.1,48.1,48.1,48.1,48.1,48.1,48.1,48.1,48.1,48.1,48.1,48.1,48.1,48.1,48.1,48.1,48.1,48.1,48.1,48.1,48.1,48.1,48.1,48.1,48.1,48.1,48.1,48.1,48.1,31.9,31.9,31.9,31.9,31.9,31.9,31.9,31.9,31.9,31.9,31.9,31.9,31.9,31.9,31.9,31.9,31.9,31.9,31.9,39.8,31.7,31.7,31.7,31.7,27.8,27.8,30.1,31.0,31.54,31.9,33.8,28.2,27.5,27.5,27.5,26.54,26.4,17.6,17.6,17.6,17.6,17.6,17.6,17.6,17.6,17.6,17.6,17.6,17.6,20.48,17.4,10.0,9.59,9.7,9.7,8.8,8.8,8.8,8.8,8.8,8.8,8.8,8.8,8.8,8.8,8.8,8.8,8.8,8.8,8.8,8.8,8.8,8.8,8.8,8.8,8.8,8.8,8.8,8.74,7.4,14.8,22.5,24.8,24.8,24.8,24.8,24.8,24.8,24.8,24.8,24.8,24.8,24.8,24.8,24.8,24.8,24.8,24.8,24.8,24.8,24.8,24.8,24.8,24.8,24.8,24.8,24.8,24.8,24.8,18.44,18.1,18.1,18.1,18.1,18.1,18.1,18.1,6.7,6.7,6.7,6.7,6.7,6.7,6.7,6.7,6.7,6.7,6.7,6.7,6.7,8.3,8.66,10.0,10.0,10.0,10.0,10.0,10.0,10.0,10.0,10.0,10.0,10.0,10.2,9.7,9.7,9.7,9.7,9.7,9.3,9.3,9.3,9.3,9.3,9.3,9.3,9.3,9.3,9.3,9.3,9.3,9.3,9.3,22.38,29.2,29.2,29.2,29.2,29.2,29.2,29.2,29.2,29.2,21.1,20.1,19.9,19.9,19.9,19.9,19.9,19.9,19.9,19.9,19.9,19.9,19.9,19.9,19.9,19.9,19.9,19.9,19.9,19.9,19.9,19.9,19.9,19.9,19.9,18.1,9.7,9.7,9.7,9.7,9.7,32.62,25.2,25.2,25.2,25.2,32.67,44.03,50.0,50.0,50.0,50.0,50.0,50.0,50.0,50.0,50.0,50.0,50.0,50.0,50.0,50.0,50.0,50.0,50.0,50.0,50.0,50.0,50.0,50.0,50.0,50.0,50.0,50.0,50.0,50.0,50.0,50.0,50.0,50.0,50.0,50.0,50.0,50.0,50.0,50.0,50.0,50.0,50.0,50.0,50.0,50.0,50.0,50.0,50.0,50.0,50.0,50.0,50.0,50.0,50.0,50.0,50.0,47.7,47.7,47.7,47.7,47.7,47.7,47.7,47.7,47.7,47.7,47.7,47.7,47.7,47.7,47.7,47.7,47.7,45.22,49.1,49.08,35.6,35.9,36.1,36.1,33.8,33.53,32.9,32.9
P006,90.4,90.4,90.4,90.4,90.4,84.0,86.6,85.23,88.9,89.0,93.0,85.0,85.0,85.0,85.0,85.0,85.0,85.0,85.0,85.0,85.0,85.0,85.0,85.0,85.0,85.0,85.0,85.0,85.0,85.0,85.0,85.0,85.0,85.0,85.0,85.0,85.0,85.0,85.0,85.0,85.0,85.0,85.0,85.0,85.0,85.0,85.0,85.0,85.0,85.0,85.0,85.0,85.0,85.0,85.0,85.0,85.0,85.0,85.0,85.0,85.0,85.0,85.0,85.0,85.0,85.0,85.0,85.0,85.0,85.0,85.0,85.0,85.0,85.0,85.0,85.0,85.0,85.0,85.0,85.0,85.0,85.0,85.0,85.0,85.0,85.0,85.0,85.0,85.0,85.0,85.0,85.0,85.0,85.0,85.0,85.0,85.0,85.0,85.0,85.0,85.0,85.0,85.0,85.0,85.0,85.0,85.0,85.0,85.0,85.0,85.0,85.0,85.0,85.0,85.0,85.0,85.0,85.0,85.0,85.0,85.0,85.0,85.0,85.0,85.0,85.0,85.0,85.0,83.0,57.36,67.0,67.0,67.0,67.0,67.0,67.0,58.2,37.0,37.0,37.0,37.0,37.0,37.0,37.0,37.0,37.0,37.0,37.0,37.0,37.0,37.0,37.0,37.0,37.0,35.0,25.0,25.0,20.61,19.0,19.0,19.0,19.0,19.0,19.0,19.0,19.0,19.0,19.0,19.0,17.0,13.0,9.0,7.0,3.0,7.0,7.0,7.0,7.0,7.0,7.0,7.0,7.0,7.0,7.0,7.0,7.0,7.0,7.0,7.0,7.0,7.0,7.0,7.0,9.0,9.0,9.0,9.0,15.0,19.0,27.0,27.0,27.0,27.0,27.0,27.0,27.0,27.0,27.0,27.0,27.0,27.0,27.0,27.0,27.0,27.0,27.0,27.0,27.0,27.0,27.0,27.0,27.0,27.0,27.0,27.0,27.0,27.0,27.0,27.0,27.0,27.0,27.0,27.0,27.0,27.0,27.0,27.0,27.0,27.0,27.0,27.0,27.0,27.0,27.0,27.0,27.0,27.0,27.0,27.0,27.0,27.0,27.0,27.0,27.0,27.0,27.0,27.0,27.0,27.0,27.0,27.0,27.0,27.0,27.0,27.0,27.0,27.0,27.0,27.0,27.0,27.0,27.0,27.0,27.0,27.0,27.0,27.0,27.0,27.0,27.0,27.0,27.0,27.0,27.0,27.0,27.0,27.0,27.0,27.0,27.0,27.0,27.0,27.0,27.0,27.0,27.0,27.0,27.0,27.0,27.0,27.0,27.0,27.0,27.0,27.0,27.0,27.0,27.0,27.0,27.0,27.0,27.0,27.0,27.0,27.0,27.0,27.0,27.0,27.0,27.0,27.0,27.0,27.0,27.0,27.0,27.0,27.0,27.0,27.0,27.0,27.0,27.0,27.0,27.0,27.0,27.0,27.0,27.0,27.0,27.0,27.0,27.0,27.0,27.0,27.0,27.0,27.0,27.0,27.0,27.0,27.0,27.0,27.0,27.0,27.0,27.0,27.0,27.0,27.0,27.0,27.0,27.0,27.0,27.0,27.0,27.0,27.0,27.0,27.0,27.0,27.0,27.0,27.0,27.0,27.0,27.0,27.0,27.0,27.0,27.0,27.0,27.0,27.0,27.0,27.0,27.0,27.0,27.0,27.0,27.0,27.0,27.0,27.0,27.0,27.0,27.0,27.0,27.0,27.0,27.0,27.0,27.0,27.0,27.0,27.0,27.0,27.0,27.0,27.0,27.0,27.0,27.0,27.0,27.0,27.0,27.0,27.0,27.0,27.0,27.0,27.0,27.0,27.0,27.0,27.0,27.0,27.0,27.0,27.0,27.0,27.0,27.0,27.0,27.0,27.0,27.0,27.0,27.0,27.0,27.0,27.0,27.0,27.0,27.0,27.0,27.0,27.0,27.0,27.0,27.0,27.0,27.0,27.0,27.0,27.0,27.0,27.0,27.0,27.0,27.0,27.0,27.0,27.0,27.0,27.0,27.0,27.0,27.0,27.0,27.0,27.0,27.0,27.0,27.0,27.0,27.0,27.0,27.0,27.0,27.0,27.0,27.0,27.0,27.0,27.0,27.0,27.0,27.0,27.0,27.0,27.0,27.0,27.0,27.0,27.0,27.0,27.0,27.0,27.0,27.0,27.0,27.0,27.0,27.0,27.0,27.0,27.0,27.0,27.0,27.0,27.0,27.0,27.0,27.0,27.0,27.0,27.0,27.0,27.0,27.0,27.0,27.0,27.0,27.0,27.0,27.0,27.0,27.0,27.0,27.0,27.0,27.0,27.0,27.0,27.0,27.0,27.0,27.0,27.0,27.0,27.0,27.0,27.0,27.0,27.0,27.0,27.0,27.0,27.0,27.0,27.0,27.0,27.0,27.0,27.0,27.0,27.0,27.0,27.0,27.0,27.0,27.0,27.0,27.0,27.0,27.0,27.0,27.0,27.0,27.0,27.0,27.0,27.0,27.0,27.0,27.0,27.0,27.0,27.0,27.0,10.28,5.0,5.0,5.0,5.0,5.0,5.0,5.0,5.0,5.0,5.0,5.0,5.0,5.0,5.0,5.0,5.0,5.0,5.0,5.0,5.0,5.0,5.0,5.0,5.0,5.0,5.0,3.0,1.0,1.0,1.0,1.0,1.0,1.0,1.0,1.0,1.0,1.0,1.0,1.0,1.0,1.0,1.0,1.0,1.0,1.0,1.0,1.0,1.0,1.0,1.0,1.0,1.0,1.0,1.0,1.0,1.0,1.0,1.0,1.0,1.0,1.0,1.0,1.0,1.0,1.0,1.0,1.0,1.0,1.0,1.0,1.0,1.0,1.0,1.0,1.0,1.0,1.0,1.0,1.0,1.0,1.0,1.0,1.0,1.0,1.0,1.0,1.0,1.0,1.0,1.0,1.0,1.0,1.0,1.0,1.0,1.0,1.0,1.0,1.0,1.0,1.0,1.0,1.0,1.0,1.0,1.0,1.0,1.0,1.0,1.0,1.0,1.0,1.0,1.0,1.0,1.0,1.0,1.0,1.0,1.0,1.0,1.0,1.0,1.0,1.0,1.0,1.0,1.0,1.0,1.0,1.0,1.0,1.0,1.0,1.0,1.0,1.0,1.0,1.0,1.0,1.0,1.0,1.0,1.0,1.0,1.0,1.0,1.0,1.0,1.0,1.0,1.0,1.0,1.0,1.0,1.0,1.0,1.0,1.0,1.0,1.0,1.0,1.0,1.0,1.0,1.0,1.0,1.0,1.0,1.0,1.0,1.0,1.0,1.0,1.0,1.0,1.0,1.0,1.0,1.0,1.0,1.0,1.0,1.0,1.0,1.0,1.0,1.0,1.0,1.0,1.0,1.0,1.0,1.0,1.0,1.0,1.0,1.0,1.0,1.0,1.0,1.0,1.0,1.0,1.0,1.0,1.0,1.0,1.0,1.0,1.0,1.0,1.0,1.0,1.0,3.0,39.0,41.0,41.0,43.0,55.0,55.0,55.0,55.0,55.0,55.0,55.0
P007,50.3,67.44,33.8,57.35,50.0,50.2,50.81,52.8,52.8,61.1,61.1,65.9,69.6,69.6,69.6,69.6,69.6,69.6,69.6,69.6,69.57,60.2,58.6,58.6,58.6,52.5,52.2,52.2,52.2,52.2,52.2,52.2,52.2,52.2,52.2,52.2,52.2,52.2,52.2,52.2,52.2,52.2,43.7,43.7,43.7,43.7,43.7,43.7,43.7,43.7,45.44,46.6,44.89,42.6,42.6,42.6,42.6,42.6,42.6,42.6,42.6,42.6,42.6,42.6,42.6,42.6,42.6,42.6,42.6,42.6,42.6,42.6,42.6,42.6,42.6,42.6,42.6,42.6,42.6,42.6,42.6,42.6,42.6,42.6,42.6,43.13,44.4,42.9,42.9,42.9,42.9,42.9,42.9,42.9,42.9,42.9,42.9,42.9,42.9,42.9,42.9,42.9,42.9,42.9,42.9,42.9,42.9,42.9,42.9,42.9,42.9,42.9,42.9,42.9,42.9,42.9,42.9,42.9,42.9,42.9,42.9,42.9,42.9,42.9,42.9,42.9,42.9,42.9,42.9,42.9,42.9,42.9,42.9,42.9,42.9,42.9,42.9,42.9,42.9,42.9,42.9,42.9,42.9,42.9,42.9,42.9,42.9,42.9,42.9,42.9,42.9,42.9,42.9,42.9,42.9,42.9,42.9,42.9,53.4,49.47,42.7,40.4,41.8,41.8,41.8,41.8,41.8,41.8,41.8,41.8,41.8,41.8,41.8,41.8,41.8,41.8,41.8,41.8,41.8,41.8,41.8,41.8,41.8,41.8,41.8,41.8,41.8,41.8,41.8,41.8,41.8,41.8,41.8,41.8,41.8,41.8,41.8,41.8,41.8,41.8,41.8,41.8,41.8,41.8,41.8,41.8,41.8,41.8,41.8,41.8,41.8,41.8,41.8,41.8,41.8,41.8,39.72,34.3,34.3,34.3,34.3,34.3,34.3,34.3,34.3,34.3,34.3,34.3,34.3,34.3,34.3,34.3,34.3,34.3,34.3,34.3,34.3,34.3,34.3,34.3,34.3,34.3,34.3,34.3,34.3,34.3,34.3,34.3,34.3,34.3,34.3,34.3,34.3,34.3,34.3,34.3,34.3,34.3,34.3,34.3,34.3,34.3,34.3,34.3,34.3,34.3,34.3,34.3,34.3,34.3,34.3,34.3,34.3,34.3,34.3,34.3,34.3,34.3,34.3,46.25,46.0,46.0,42.9,42.7,42.7,42.7,42.7,42.7,42.7,42.7,42.7,42.7,42.7,42.7,42.7,42.7,42.7,42.7,42.7,42.7,42.7,42.7,42.7,42.7,42.7,42.7,42.7,42.7,42.7,42.7,42.7,42.7,42.7,42.7,42.7,42.7,42.7,42.7,42.7,42.7,42.7,42.7,42.7,42.7,42.7,42.7,42.7,42.7,42.7,42.7,42.7,42.7,42.7,42.7,42.7,42.7,42.7,42.7,42.7,42.7,42.7,42.7,42.7,42.7,42.7,42.7,42.7,42.7,42.7,42.7,42.7,42.7,42.7,42.7,42.7,42.7,42.7,42.7,42.7,42.7,42.7,42.7,42.7,42.7,42.7,42.7,42.7,42.7,42.7,42.7,42.7,42.7,42.7,42.7,42.7,38.49,28.1,28.1,28.1,28.1,28.1,28.1,28.1,28.1,28.1,28.1,28.1,28.1,28.1,28.1,28.1,28.1,28.1,28.1,28.1,28.1,28.1,28.1,28.1,28.1,28.1,28.1,28.1,28.1,28.1,28.1,28.1,28.1,28.1,28.1,28.1,28.1,100.0,100.0,30.2,25.6,25.6,25.6,25.01,43.25,45.1,46.9,49.5,19.4,20.4,18.7,18.7,18.7,18.7,18.7,18.7,18.7,18.7,18.7,18.7,18.7,18.7,18.7,18.7,18.7,18.7,18.7,18.7,18.7,18.7,18.7,18.7,18.7,18.7,18.7,18.7,18.7,18.7,18.7,18.7,18.7,18.7,18.7,18.7,18.7,18.7,18.7,18.7,18.7,18.7,18.7,18.7,18.7,18.7,18.7,18.7,18.7,18.7,18.7,18.7,18.7,18.7,18.7,18.7,18.7,18.7,18.7,18.7,18.7,18.7,18.7,18.7,18.7,18.7,18.7,18.7,18.7,18.7,18.7,18.7,18.7,18.7,18.7,18.7,18.7,18.7,18.7,18.7,18.7,18.7,18.7,18.7,18.7,18.7,18.7,18.7,18.7,18.7,18.7,18.7,18.7,18.7,18.7,18.7,18.7,18.7,18.7,18.7,18.7,18.7,18.7,18.7,18.7,18.7,18.7,18.7,18.7,18.7,18.7,18.7,18.7,31.9,38.6,38.6,38.6,38.6,38.6,38.6,38.6,38.6,38.6,38.6,38.6,38.6,38.6,38.6,38.6,38.6,38.6,38.6,38.6,38.6,38.6,38.6,38.6,38.6,38.6,38.6,38.6,38.6,38.6,38.6,38.6,38.6,38.6,38.6,38.6,38.6,38.6,38.6,38.6,38.6,38.6,38.6,38.6,38.6,38.6,38.6,38.6,38.6,38.6,38.6,38.6,38.6,38.6,33.54,13.7,16.8,16.8,16.8,16.8,16.8,16.8,16.8,74.5,45.7,37.3,37.3,37.3,37.3,37.3,37.3,37.3,37.3,37.3,37.3,37.3,37.3,37.3,37.3,37.3,37.3,37.3,37.3,37.3,37.3,37.3,37.3,37.3,37.3,35.03,32.3,32.3,32.3,32.3,32.3,32.3,32.3,32.3,32.3,32.3,32.3,32.3,32.3,32.3,32.3,32.3,32.3,32.3,32.3,32.3,32.3,32.3,32.3,32.3,32.3,32.3,32.3,32.3,32.3,32.3,32.3,32.3,32.3,32.3,32.3,32.3,32.3,32.3,32.3,32.3,32.3,32.3,32.3,32.3,32.3,32.3,32.3,32.3,32.3,32.3,32.3,32.3,32.3,32.3,23.8,35.0,31.48,30.1,30.1,30.1,30.1,30.1,30.1,30.1,30.1,30.1,30.1,30.1,30.1,34.73,36.9,36.9,36.9,36.9,36.9,36.9,36.9,36.9,36.9,36.9,36.9,36.9,36.9,36.9,36.9,36.9,36.9,36.9,36.9,36.9,36.9,36.9,36.9,36.9,36.9,36.9,36.9,36.9,36.9,40.71,41.48,42.73,43.8,41.0,39.0,39.0,39.0,39.0,39.0,39.0,39.0,39.0,39.0,39.0,39.0,39.0,39.0,39.0,39.0,39.0,39.0,39.0,39.0,39.0,39.0,39.0,39.0,39.0,39.0,39.0,39.0,39.0,39.0,39.0,39.0,39.0,39.0,39.0,39.0,39.0,39.0,39.0,39.0,39.0,39.0,39.0,39.0,39.0,39.0,39.0,39.0,39.0,39.0,39.0,39.0,39.0,39.0,39.0,39.0,39.0,39.0,39.0,39.0,39.0,39.0,39.0,39.0,39.0,39.0,39.0,39.0,39.0,39.0,39.0,39.0,39.0,38.62,38.4,38.4,38.4,38.4,38.4
P008,74.3,74.6,76.2,76.2,76.2,76.2,72.13,71.0,71.0,71.0,71.0,71.2,71.2,68.8,68.13,68.4,72.4,72.4,72.4,72.4,72.4,72.4,72.2,72.5,75.1,71.5,71.06,72.5,72.5,72.5,72.5,72.5,72.5,72.5,72.5,72.5,72.5,72.5,72.6,72.6,72.6,72.6,64.4,66.2,66.8,66.8,66.8,66.8,66.8,66.8,66.8,66.8,67.6,64.9,64.9,64.9,65.0,65.0,65.0,73.5,77.5,77.5,77.5,77.5,74.4,74.3,74.3,73.2,73.7,73.7,71.0,66.8,67.5,66.6,66.6,66.6,66.6,66.3,66.3,66.3,66.3,66.3,66.3,66.3,66.3,66.95,67.6,69.3,70.1,68.5,69.75,70.7,70.7,70.7,70.7,70.7,70.7,70.7,68.4,68.4,68.4,68.4,68.4,68.4,68.4,68.4,68.4,76.0,76.0,76.0,76.0,76.0,76.0,76.0,76.0,76.0,76.0,76.0,76.0,76.0,69.3,69.3,70.1,70.1,70.1,70.1,70.1,70.1,70.1,70.1,70.1,71.76,77.5,77.5,77.5,77.5,77.5,77.5,77.5,77.5,77.5,77.5,77.5,77.5,77.5,77.5,77.5,77.5,77.5,74.65,74.3,74.3,72.47,66.8,63.4,51.4,48.65,35.9,31.6,31.66,31.9,31.9,31.9,32.6,32.6,32.6,35.67,37.4,33.4,31.3,28.84,27.4,27.4,26.6,27.8,27.1,27.1,27.1,27.1,27.1,27.1,21.3,21.3,21.3,20.4,25.1,29.41,29.7,29.7,29.7,24.9,24.9,24.9,25.0,25.0,27.13,35.9,56.5,53.4,68.5,68.5,86.8,86.8,74.3,74.3,74.3,74.34,71.9,71.9,72.4,72.4,72.4,72.4,72.4,72.4,72.4,72.4,72.4,72.4,72.4,72.4,68.4,68.4,68.4,68.4,68.4,68.4,68.4,68.5,68.5,68.5,68.5,68.5,68.5,68.4,66.3,52.82,39.33,32.9,32.9,32.9,32.1,27.4,25.3,25.3,25.3,25.6,25.6,25.23,25.1,25.1,25.1,25.1,25.1,25.1,25.1,25.1,25.3,22.4,22.4,23.53,31.3,30.9,30.9,31.2,31.41,32.1,32.1,32.1,32.2,32.2,33.2,31.2,31.6,28.28,26.6,26.6,26.6,25.1,19.4,15.7,15.0,14.9,14.9,14.9,14.9,14.9,14.9,14.9,15.6,27.1,34.87,34.3,38.7,36.06,33.7,33.7,33.7,33.7,33.7,33.7,31.67,31.0,31.59,38.1,35.6,48.65,55.7,42.57,33.5,33.5,33.5,33.5,33.5,33.2,33.2,30.1,27.25,27.5,27.5,31.8,31.8,33.2,30.1,30.4,32.4,32.4,31.5,22.8,24.92,26.82,31.2,28.91,28.5,28.5,28.5,28.5,26.6,24.0,24.0,24.0,24.3,24.3,24.3,24.3,24.3,24.3,24.3,26.27,29.9,29.9,29.9,28.8,27.98,28.02,23.77,27.5,27.2,27.2,27.1,27.1,27.1,27.1,27.1,27.1,27.1,27.1,27.52,36.26,30.0,30.87,31.5,27.5,27.4,27.4,27.4,27.4,27.4,27.4,27.4,27.4,27.4,27.4,29.63,29.7,29.7,29.7,29.7,29.7,29.7,26.3,25.9,22.6,23.11,25.0,25.0,20.76,20.82,24.59,24.9,24.9,24.9,24.9,24.9,24.4,22.3,25.78,24.1,24.1,24.1,24.4,24.7,24.7,24.7,27.97,24.1,24.7,25.9,24.1,23.2,18.2,17.8,17.8,17.8,17.8,17.8,17.8,17.8,17.8,19.08,21.9,21.9,21.9,21.9,21.9,21.9,21.9,21.9,21.9,22.6,22.5,22.5,22.5,22.2,22.2,22.2,22.2,22.2,28.84,27.75,25.81,22.2,22.2,22.2,22.2,22.2,22.2,19.01,17.2,19.4,17.2,17.2,17.2,17.2,17.2,17.2,17.2,17.2,17.2,17.2,17.2,17.2,17.2,17.2,17.2,17.2,18.2,18.2,17.92,17.2,17.2,17.2,17.2,17.2,16.69,19.9,17.6,15.0,12.5,12.5,12.5,12.4,11.9,11.9,11.9,11.9,11.9,11.9,11.9,11.9,11.9,11.9,11.9,11.9,11.9,11.9,11.9,11.9,11.9,11.9,11.9,11.9,11.9,11.9,11.9,11.9,11.9,11.9,11.9,11.9,15.9,17.6,17.6,17.6,17.94,22.4,23.4,22.9,25.7,23.8,21.03,21.0,21.8,21.8,21.8,21.8,21.8,21.8,21.8,21.8,24.46,29.6,31.6,31.6,31.6,30.4,31.5,31.5,31.5,30.6,27.46,23.8,23.8,23.8,23.8,23.8,23.8,23.8,23.8,23.8,23.8,18.79,18.7,18.7,18.7,18.7,18.7,18.7,18.7,18.7,18.7,18.7,18.7,18.7,18.7,15.98,13.1,15.1,15.1,15.1,15.1,15.1,15.6,15.6,15.6,15.6,15.6,15.6,10.29,8.7,13.3,12.15,12.5,12.5,16.5,22.49,22.9,22.9,22.9,22.9,26.77,24.9,24.9,24.9,24.9,27.6,27.6,25.62,26.6,26.6,28.8,30.4,30.4,30.4,30.4,30.4,27.8,24.3,24.3,24.3,24.3,24.3,24.3,19.0,19.0,19.3,19.3,19.3,19.3,18.7,18.7,18.7,18.7,18.7,18.7,18.7,18.7,18.7,13.8,11.6,13.4,13.4,13.4,13.4,13.4,13.4,13.5,15.31,13.8,10.4,12.37,16.51,22.9,14.4,14.4,13.2,13.2,13.2,13.4,13.7,13.7,13.8,13.89,13.8,13.8,13.8,13.8,13.8,13.8,13.8,13.8,13.8,13.8,13.8,13.8,13.8,13.8,13.8,13.8,13.8,13.8,17.14,20.0,20.5,22.0,24.6,36.6,24.6,24.6,27.86,30.9,29.9,28.7,28.2,28.7,26.18,26.3,29.9,33.43,27.8,27.72,27.5,27.8,26.16,25.6,25.6,25.6,25.6,25.6,25.6,25.6,24.7,24.29,23.8,23.93,24.9,24.9,26.3,28.2,28.2,28.2,32.88,32.5,32.5,32.5,32.5,32.5,32.5,31.6,31.6,29.7,29.65,32.8,30.84,30.6,30.0,30.0,30.0,30.0,30.0,30.0,30.0,30.0,30.0,30.0,30.0,27.9,28.1,28.1,28.1,28.2,27.4,28.16,25.49,21.0,23.2,23.64,23.8,23.7,22.8,22.9,22.5,22.5,22.5,22.5,23.5,23.5,22.1,22.5,22.5,22.5,22.5,25.9,28.2,28.2,28.2,27.8,27.8,23.2,22.6,22.5,23.2,27.2,27.1,33.2,29.9,29.9,29.9,47.66,59.83,65.52,72.2,72.2,65.3,70.4,70.4,70.3,70.4,68.71,69.6,70.0,70.0,70.0,71.3,71.3,72.6,69.6,38.24
P009,50.1,50.1,50.1,50.1,50.1,50.1,50.1,50.1,50.1,50.1,50.1,50.1,50.1,50.1,50.1,50.1,50.1,50.1,50.1,50.1,50.1,50.1,50.1,50.1,50.1,50.1,50.1,50.1,50.1,50.1,50.1,50.1,50.1,50.1,50.1,50.1,50.1,50.1,50.1,50.1,50.1,50.1,50.1,50.1,50.1,50.1,50.1,50.1,50.1,50.1,50.1,50.1,50.1,50.1,50.1,50.1,50.1,50.1,50.1,50.1,50.1,50.1,50.1,50.1,50.1,50.1,50.1,50.1,50.1,50.1,50.1,50.1,50.1,50.1,50.1,50.1,50.1,50.1,50.1,50.1,50.1,50.1,50.1,50.1,50.1,50.1,50.1,50.1,50.1,50.1,50.1,50.1,50.1,50.1,50.1,50.1,50.1,50.1,50.1,50.1,50.1,50.1,50.1,50.1,50.1,50.1,50.1,50.1,50.1,50.1,50.1,50.1,50.1,50.1,50.1,50.1,50.1,50.1,50.1,50.1,50.1,50.1,50.1,50.1,48.44,49.5,49.5,49.5,52.6,52.2,52.0,52.0,52.0,52.0,52.0,52.0,52.0,52.0,52.0,52.0,52.0,52.0,52.0,52.0,52.0,52.0,52.0,52.0,52.0,52.0,52.0,52.0,52.0,52.0,52.0,52.0,52.0,52.0,52.0,52.0,52.0,52.0,52.0,52.0,52.0,52.0,52.0,52.0,52.0,52.0,52.0,52.0,52.0,52.0,52.0,52.0,38.2,35.9,35.9,35.9,35.9,35.9,35.9,35.9,35.9,35.9,35.9,35.9,35.9,35.9,35.9,35.9,35.9,35.9,35.9,47.98,48.0,48.0,48.0,48.0,48.0,48.0,48.0,48.0,48.0,48.0,48.0,48.0,48.0,48.0,48.0,48.0,48.0,48.0,48.0,48.0,48.0,48.0,48.0,48.0,48.0,48.0,48.0,48.0,48.0,48.0,48.0,48.0,48.0,48.0,48.0,48.0,48.0,48.0,48.0,48.0,48.0,48.0,48.0,48.0,48.0,48.0,48.0,48.0,48.0,48.0,48.0,48.0,48.0,48.0,48.0,48.0,48.0,48.0,48.0,48.0,48.0,48.0,48.0,48.0,48.0,48.0,48.0,48.0,48.0,48.0,48.0,48.0,48.0,48.0,48.0,48.0,48.0,48.0,48.0,48.0,48.0,39.4,39.4,39.4,39.4,39.4,39.4,39.4,39.4,39.4,39.4,39.4,39.4,39.4,39.4,39.4,39.4,39.4,39.4,39.4,39.4,39.4,39.4,39.4,39.4,39.4,39.4,39.4,39.4,39.4,39.4,39.4,39.4,39.4,39.4,39.4,39.4,39.4,39.4,39.4,39.4,39.4,39.4,39.4,39.4,39.4,39.4,39.4,39.4,30.5,30.1,30.1,30.1,30.1,20.0,17.3,17.3,17.3,17.3,17.3,17.3,17.3,17.3,17.3,17.3,17.3,17.3,17.3,17.3,17.3,17.3,17.3,17.3,17.3,17.3,17.3,17.3,17.3,17.3,17.3,17.3,17.3,17.3,17.3,17.3,17.3,17.3,17.3,17.3,17.3,17.3,17.3,17.3,17.3,17.3,17.3,0.8,0.8,0.8,0.0,0.0,0.0,0.0,0.0,0.0,0.0,0.0,0.0,0.0,0.0,0.0,0.0,0.0,0.0,0.0,0.0,0.0,0.0,0.0,0.0,0.0,0.0,0.0,0.0,0.0,0.0,0.0,0.0,0.0,0.0,0.0,0.0,0.0,0.0,0.0,0.0,0.0,0.0,0.0,0.0,0.0,0.0,0.0,0.0,0.0,0.0,0.0,0.0,0.0,0.0,0.0,0.0,0.0,0.0,0.0,0.0,0.0,0.0,0.0,0.0,0.0,0.0,0.0,0.0,0.0,0.0,0.0,0.0,0.0,0.0,0.0,0.0,0.0,0.0,0.0,0.0,0.0,0.0,0.0,0.0,0.0,0.0,0.0,0.0,0.0,0.0,0.0,0.0,0.0,0.0,0.0,0.0,0.0,0.0,0.0,0.0,0.0,0.0,0.0,0.0,0.0,0.0,0.0,0.0,0.0,0.0,0.0,0.0,0.0,0.0,0.0,0.0,0.0,0.0,0.0,0.0,0.0,0.0,0.0,0.0,0.0,0.0,0.0,0.0,0.0,0.0,0.0,0.0,0.0,0.0,0.0,0.0,0.0,0.0,0.0,0.0,0.0,0.0,0.0,0.0,0.0,0.0,0.0,0.0,0.0,0.0,0.0,0.0,0.0,0.0,0.0,0.0,0.0,0.0,0.0,0.0,0.0,0.0,0.0,0.0,0.0,0.0,0.0,0.0,0.0,0.0,0.0,0.0,0.0,0.0,0.0,0.0,0.0,0.0,0.0,0.0,0.0,0.0,0.0,0.0,0.0,0.0,0.0,0.0,0.0,0.0,0.0,0.0,0.0,0.0,0.0,0.0,0.0,0.0,0.0,0.0,0.0,0.0,0.0,0.0,0.0,0.0,0.0,0.0,0.0,0.0,0.0,0.0,0.0,0.0,0.0,0.0,0.0,0.0,0.0,0.0,0.0,0.0,0.0,0.0,0.0,0.0,0.0,0.0,0.0,0.0,0.0,0.0,0.0,0.0,0.0,0.0,0.0,0.0,0.0,0.0,0.0,0.0,0.0,0.0,0.0,0.0,0.0,0.0,0.0,0.0,0.0,0.0,0.0,0.0,0.0,0.0,0.0,0.0,0.0,0.0,0.0,0.0,0.0,0.0,0.0,0.0,0.0,0.0,0.0,0.0,0.0,0.0,0.0,0.0,0.0,0.0,0.0,0.0,0.0,0.0,0.0,0.0,0.0,0.0,0.0,0.0,0.0,0.0,0.0,0.0,0.0,0.0,0.0,0.0,0.0,0.0,0.0,0.0,0.0,0.0,0.0,0.0,0.0,0.0,0.0,0.0,0.0,0.0,0.0,0.0,0.0,0.0,0.0,0.0,2.1,1.9,1.9,2.3,18.4,18.4,18.4,18.4,44.1,41.0,41.0,41.0,41.0,41.0,41.0,41.0,41.0,43.38,48.3,48.3,48.3,49.14,52.2,51.3,50.7,50.7,50.7,51.02,51.1,51.1,51.1,56.25,56.74,54.44,59.6,59.8,59.8,56.7,56.7,61.6,61.6,61.6,61.6,61.6,61.6,61.6,61.6,61.6,61.6,61.6,61.6,61.6,61.6,61.6,61.6,61.6,61.6,61.6,61.6,61.6,61.6,61.6,61.6,61.6,61.6,61.6,61.6,61.6,61.6,61.6,61.6,61.53,57.5,54.4,54.6,54.6,54.6,54.6,56.5,56.5,56.5,56.5,56.5,56.5,49.36,49.1,49.1,49.1,49.1,49.1,49.1,49.1,49.1,49.1,49.1,49.1,49.1,49.1,49.1,49.1,49.1,49.1,49.1,49.1,49.1,49.1,61.9,61.9,63.01,65.0,66.8,66.8,66.8,66.8,66.8,66.8,66.8,66.8,66.8,66.8,66.8,66.8
P010,74.7,74.7,74.7,74.7,74.7,74.7,74.7,74.7,75.5,75.5,75.5,75.5,75.5,75.5,75.5,75.5,75.5,75.5,75.5,75.5,75.5,75.5,75.5,75.5,75.5,75.5,75.5,75.5,75.5,75.5,75.5,75.5,75.5,75.5,75.5,75.5,75.5,75.5,75.5,75.5,75.5,75.5,75.5,75.5,75.5,75.5,75.5,75.5,75.5,75.5,75.5,75.5,75.5,75.5,75.5,75.5,75.5,75.5,75.5,75.5,75.5,75.5,75.5,75.5,75.5,75.5,75.5,75.5,75.5,75.5,75.5,75.5,75.5,75.5,75.5,75.5,75.5,75.5,75.5,73.6,73.9,73.9,73.9,73.9,73.9,73.9,73.9,73.9,73.9,73.9,73.9,73.9,73.9,73.9,73.9,73.9,73.9,73.9,73.9,73.9,73.9,73.9,73.9,73.9,73.9,73.9,73.9,73.9,73.9,73.9,73.9,73.9,73.9,73.9,73.9,73.9,73.9,73.9,73.9,73.9,73.9,73.9,73.9,73.9,73.9,73.9,73.9,73.9,73.9,73.9,73.9,73.9,73.9,73.9,73.9,73.9,73.9,73.9,73.9,73.9,73.9,73.9,73.9,73.9,73.9,73.9,73.9,73.9,73.9,73.9,73.9,73.9,73.9,73.9,73.9,73.9,73.9,73.9,73.9,73.9,73.9,73.9,73.9,74.1,74.1,74.1,74.1,74.1,74.1,74.1,74.1,74.1,74.1,74.1,74.1,74.1,74.1,74.1,74.1,74.1,74.1,74.1,74.1,74.1,74.1,74.1,74.1,74.1,74.1,74.1,74.1,74.1,74.1,74.1,74.1,74.1,74.1,74.1,74.1,74.1,74.1,74.1,74.1,74.1,74.1,74.1,74.1,74.1,74.1,74.1,74.1,74.1,74.1,74.1,74.1,74.1,74.1,74.1,74.1,74.1,74.1,74.1,74.1,74.1,74.1,74.1,74.1,74.1,74.1,74.1,74.1,74.1,74.1,74.1,74.1,74.1,74.1,74.1,74.1,74.1,74.1,74.1,74.1,74.1,74.1,74.1,74.1,74.1,74.1,74.1,74.1,74.1,74.1,74.1,74.1,74.1,74.1,74.1,74.1,74.1,74.1,74.1,74.1,74.1,74.1,74.1,74.1,74.1,74.1,74.1,74.1,74.1,74.1,74.1,74.1,74.1,74.1,74.1,74.1,74.1,73.7,73.2,73.2,73.2,73.2,73.2,73.2,73.2,73.2,73.2,73.2,73.2,73.2,73.2,73.2,73.2,73.2,73.2,73.2,73.2,73.2,73.2,73.2,73.2,73.2,73.2,73.2,73.2,73.2,73.2,73.2,73.2,73.2,73.2,73.2,73.2,73.2,74.3,74.3,74.3,74.3,74.3,74.3,62.7,60.37,55.8,54.2,54.2,54.2,54.2,54.2,54.2,54.2,54.2,51.5,47.9,47.9,47.9,47.9,47.9,47.9,47.9,47.9,47.9,47.9,47.9,47.9,47.9,47.9,47.9,47.9,47.9,47.9,47.9,47.9,47.9,47.9,47.9,47.9,47.9,47.9,47.9,47.9,47.9,47.9,47.9,47.9,47.9,47.9,47.9,47.9,47.9,31.3,31.3,31.3,31.3,31.3,31.3,31.3,31.3,31.3,31.3,31.3,31.3,31.3,31.3,31.3,21.2,19.1,12.7,7.7,7.7,7.7,7.7,7.7,7.7,7.7,7.7,7.7,7.7,7.7,7.7,7.7,7.7,7.7,7.7,7.7,7.7,7.7,7.7,7.7,7.7,7.7,7.7,7.7,7.7,6.4,4.69,5.8,12.9,10.6,9.1,19.79,21.71,26.1,26.1,26.1,26.1,26.1,26.1,26.1,26.1,26.1,26.1,26.1,26.1,26.1,25.3,25.3,25.3,25.3,25.3,25.3,25.3,25.3,25.3,25.3,25.3,25.3,24.41,24.1,24.1,24.1,24.1,24.1,24.1,24.1,24.1,24.1,24.1,24.1,24.1,24.1,24.1,24.1,24.1,24.1,24.1,24.1,24.1,24.1,24.1,24.1,24.1,24.1,24.1,24.1,24.1,24.1,24.1,24.1,24.1,24.1,24.1,24.1,24.1,24.1,24.1,24.1,24.1,24.1,24.1,24.1,24.1,24.1,24.1,24.1,24.1,24.1,24.1,24.1,24.1,24.1,24.1,24.1,24.1,24.1,16.31,8.9,8.3,11.8,11.8,11.8,11.8,11.8,11.8,11.8,11.8,11.8,11.8,11.8,11.8,11.8,11.8,11.8,11.8,11.8,11.8,5.4,4.2,4.2,1.0,0.0,0.0,0.0,0.0,0.0,0.0,0.0,9.31,11.61,12.0,15.4,15.4,15.4,15.4,15.4,15.4,15.4,15.4,15.4,15.4,15.4,15.4,15.4,15.4,15.4,15.4,15.4,15.4,15.4,15.4,15.4,15.4,15.4,15.4,15.4,15.4,15.4,15.4,15.4,15.4,15.4,13.27,3.7,3.7,3.7,3.7,3.7,3.7,3.7,3.7,3.7,3.7,3.7,3.7,3.7,3.7,10.19,11.0,11.0,11.0,11.0,11.0,11.0,11.0,11.0,11.0,11.0,11.0,11.0,11.0,11.0,11.0,11.0,11.0,11.0,11.0,11.0,11.0,11.0,11.0,11.0,11.0,11.0,11.0,11.0,11.0,11.0,11.0,11.0,11.0,7.4,5.2,5.2,5.2,5.2,5.2,5.2,5.2,5.2,5.2,0.6,0.0,0.0,0.0,0.0,0.0,0.0,0.0,0.0,0.0,0.0,0.0,0.0,0.0,0.0,0.0,0.0,0.0,0.0,0.0,0.0,0.0,0.0,0.0,0.0,0.0,0.0,0.0,0.0,0.0,0.0,0.0,0.0,0.0,0.0,0.0,0.0,0.0,0.0,0.0,0.0,0.0,0.0,0.0,0.0,0.0,0.0,0.0,0.0,0.0,0.0,0.0,0.0,0.0,0.0,0.0,0.0,0.0,0.0,0.0,0.0,0.0,0.0,0.0,0.0,0.0,0.0,0.0,0.0,0.0,0.0,0.0,0.0,0.0,0.0,0.0,0.0,0.0,0.0,0.0,0.0,0.0,0.0,0.0,0.0,0.0,0.0,0.0,0.0,0.0,0.0,0.0,0.0,0.0,0.0,0.0,0.0,0.0,0.0,0.0,0.0,0.0,0.0,0.0,0.0,0.0,0.0,0.0,0.0,0.0,23.54,33.58,48.56,50.7,52.51,56.6,56.6,56.6,56.6,56.4,56.4,56.4,56.4,56.4,56.4,56.4,56.4,56.4,56.4,56.4,56.4,56.4,56.4,58.7,57.9,57.9,57.9,57.9,57.9,57.9,57.9,57.9,57.9,57.9,57.9,57.9,57.9,57.9,57.9,57.9,57.9,57.9,57.9,57.9,57.9,57.9,57.9,57.9,57.9,57.9,57.9,57.9,57.9,57.9,57.9,57.9,57.9,57.9,57.9,57.9,57.9,57.9,57.9,57.9,57.9,57.9
P011,73.8,73.8,73.8,73.8,73.8,73.8,73.5,73.3,69.0,70.7,70.7,70.7,69.4,68.8,68.8,68.5,68.5,68.5,68.5,68.5,68.5,68.5,68.5,68.5,68.5,68.5,68.8,66.8,67.5,65.7,65.5,63.3,63.1,63.1,63.1,63.3,63.8,63.8,63.8,63.8,63.8,63.8,63.8,63.8,63.8,63.1,62.7,62.7,63.3,64.0,64.2,64.2,64.2,64.2,64.2,64.2,64.2,64.2,64.2,64.0,62.7,62.7,62.7,62.7,62.7,62.7,62.7,62.7,63.1,63.3,63.3,63.3,62.3,61.8,61.8,61.8,61.8,61.8,61.8,61.8,61.8,61.8,61.8,61.8,61.8,61.8,61.8,61.8,61.8,61.8,61.8,61.8,61.4,58.6,57.3,56.0,56.0,56.0,56.0,56.0,53.6,53.1,53.1,53.1,53.1,53.1,53.1,53.1,53.1,53.1,53.1,53.1,53.1,53.1,53.1,53.1,53.1,53.1,53.1,57.3,62.0,62.3,62.3,62.3,62.3,62.3,62.3,62.3,62.3,62.3,62.3,62.3,62.3,62.9,62.7,62.7,62.7,61.8,61.8,61.8,61.8,61.8,61.8,61.8,61.8,61.8,61.8,61.8,61.8,62.3,62.9,63.6,63.8,63.8,63.8,63.8,63.8,63.8,63.8,64.0,64.0,64.0,64.0,64.0,63.8,63.3,63.3,63.3,63.3,63.3,63.3,63.3,63.3,63.8,65.5,56.2,51.8,47.5,47.7,47.7,47.7,47.7,47.7,47.7,47.7,47.7,47.7,47.7,47.7,47.7,47.7,47.7,47.7,47.7,51.0,56.4,57.0,57.0,57.0,57.0,57.0,57.0,57.0,57.0,57.0,57.0,57.0,57.0,57.0,57.0,57.0,57.0,57.0,57.0,57.0,57.0,57.0,57.0,57.0,57.0,57.0,57.0,57.0,61.6,59.7,59.7,59.7,59.7,59.7,59.7,59.7,59.7,59.7,59.7,59.7,59.7,57.9,57.9,58.8,61.2,61.2,61.2,61.2,61.2,61.2,61.2,61.2,61.2,61.2,61.2,61.8,64.0,64.0,64.0,64.0,64.0,64.0,65.1,65.9,65.9,65.9,68.5,68.3,68.3,68.3,68.3,68.3,68.3,68.3,68.3,68.3,68.3,68.3,68.3,67.2,67.0,66.8,66.8,66.8,66.8,66.8,66.8,66.8,66.8,66.8,66.8,66.8,66.8,66.8,66.8,66.8,66.8,66.8,66.8,66.8,67.0,69.8,70.12,66.6,59.2,59.2,59.2,59.2,59.2,59.2,59.2,59.2,59.2,59.2,59.2,59.2,60.3,60.7,59.0,59.0,59.0,59.0,59.0,59.0,59.0,59.0,60.3,66.8,72.9,75.5,79.2,78.5,78.5,78.5,78.5,78.5,78.5,78.5,78.5,78.5,78.5,78.5,78.5,78.5,78.5,78.5,78.5,78.5,78.5,78.5,78.5,78.5,78.5,78.5,78.5,78.5,78.5,78.5,78.5,78.5,78.5,78.5,78.5,78.5,77.7,75.9,74.6,74.6,74.6,74.6,74.6,74.6,74.6,74.6,74.6,74.6,74.6,74.6,69.2,64.9,61.2,61.4,61.4,61.4,61.4,61.4,61.4,61.4,61.4,61.4,61.4,61.6,61.6,60.7,60.1,59.9,59.9,59.0,46.0,45.3,43.8,41.9,40.6,38.8,33.2,33.4,34.5,35.4,35.4,35.4,35.4,35.4,35.4,35.4,35.4,35.4,35.4,35.4,35.4,35.4,35.4,35.4,33.2,33.2,31.5,31.2,31.2,31.2,31.2,31.2,31.5,31.5,31.5,31.5,31.5,31.5,31.5,31.5,26.0,24.7,30.2,30.2,30.2,30.2,30.2,31.2,31.2,31.7,31.9,25.2,23.9,23.6,23.4,21.9,21.9,21.9,21.9,21.9,21.9,21.9,21.9,21.9,21.9,21.9,21.9,21.9,21.0,20.6,20.6,20.6,19.7,20.2,20.0,20.0,20.0,20.0,20.0,20.0,20.0,20.0,20.0,20.0,20.0,20.0,20.0,20.0,20.0,20.0,20.0,20.0,20.0,22.6,22.3,23.4,25.6,25.6,25.6,25.6,25.6,27.1,27.3,27.3,27.3,27.3,27.3,27.3,27.3,27.3,27.3,27.3,27.3,27.3,27.3,27.3,27.3,27.3,27.3,27.3,27.3,27.3,27.3,27.3,27.3,27.3,27.3,27.3,27.3,27.3,27.3,27.3,27.3,27.5,27.5,25.6,18.0,18.0,18.0,18.0,18.0,18.0,18.0,18.0,18.0,18.0,18.0,18.0,18.0,18.0,18.0,18.0,18.0,18.0,18.0,18.0,18.0,18.0,12.8,11.1,11.1,11.1,11.1,11.1,11.1,11.1,11.1,11.1,11.1,11.1,11.1,11.1,11.1,11.1,11.1,11.1,11.1,11.1,11.1,11.1,11.1,11.1,11.1,11.1,11.1,11.1,11.1,10.0,4.8,4.3,4.3,0.0,0.0,0.0,0.0,0.0,0.0,0.0,0.0,0.0,0.0,0.0,0.0,0.0,0.0,0.0,0.0,0.0,0.0,0.0,0.0,0.0,0.0,0.0,0.0,0.0,0.0,0.0,0.0,0.0,0.0,0.0,0.0,0.0,0.0,0.0,0.0,4.1,6.1,6.1,6.1,6.1,6.1,6.1,6.1,6.1,6.1,6.1,6.1,6.1,6.1,6.1,6.1,6.1,6.1,5.4,5.4,5.4,7.4,6.9,6.9,6.9,6.9,6.9,6.9,6.9,6.9,6.9,6.9,6.9,6.9,6.9,6.9,6.9,6.9,8.9,10.4,10.8,13.0,14.8,15.0,15.0,15.0,15.0,15.2,15.2,15.2,15.2,15.2,15.2,15.2,15.2,15.2,15.2,15.2,15.2,15.2,15.2,15.2,15.2,15.2,15.2,15.2,15.2,15.2,15.2,15.2,15.2,15.2,15.2,15.2,15.2,15.2,15.2,15.2,15.2,15.2,15.2,18.7,19.1,22.8,29.3,32.3,35.1,46.2,46.9,48.6,51.2,51.4,51.2,52.7,52.9,54.0,57.7,61.6,65.1,64.9,67.5,67.9,67.9,64.9,63.1,62.3,61.4,61.4,61.4,61.4,61.4,61.4,61.4,61.4,61.4,61.4,61.4,61.4,61.4,61.4,61.4,61.4,61.4,61.4,61.4,61.4,61.4,62.5,61.8,61.8,61.8,61.8,61.8,61.8,61.8,61.8,61.0,63.1,69.2,76.4,79.8,79.6,80.0,75.7,74.0,73.5,73.5,73.5,73.5,73.5,73.5,73.5,73.5,73.5,73.5,73.5,73.5,73.5,73.5,73.5,70.9,69.4,68.5,68.3,63.3,58.1,58.4,58.4,57.9,57.9,58.4,56.6,56.0,56.0,64.4,71.6,75.1,75.7,75.7,75.7,75.7,75.7,75.7,75.7,75.7,75.7,75.7,78.1
P012,51.4,51.4,51.4,51.4,51.2,51.2,51.2,51.2,51.2,59.0,60.2,60.4,60.4,60.4,60.58,60.6,66.9,84.7,87.3,81.5,81.5,81.5,81.5,81.5,81.5,81.5,81.5,81.5,61.3,55.83,44.0,33.8,33.8,33.8,33.8,33.8,33.8,39.1,39.1,39.1,39.1,39.1,39.1,39.1,39.1,39.1,39.1,39.1,39.1,37.0,38.0,46.8,48.6,48.6,48.6,48.6,48.6,48.6,48.6,48.6,47.74,42.1,42.1,42.1,42.1,42.1,42.1,42.1,43.1,43.1,43.1,40.7,29.45,26.9,21.8,21.8,21.8,21.8,21.8,21.8,21.8,21.8,21.8,21.8,21.8,21.8,21.8,21.8,21.8,21.8,21.8,21.8,21.8,22.49,38.75,43.3,43.3,43.3,43.3,43.3,43.3,43.3,43.3,43.3,43.3,43.3,43.3,43.3,43.3,43.5,48.4,48.4,48.4,48.4,48.4,48.4,44.95,42.1,42.1,42.1,42.1,42.1,42.1,42.1,42.1,42.1,42.1,42.1,42.1,42.1,42.1,42.1,42.1,42.1,42.1,42.1,42.4,42.4,42.4,42.4,42.4,42.4,42.4,42.4,42.4,42.4,42.4,42.4,42.4,42.4,42.4,42.4,42.4,42.4,42.4,42.4,42.4,42.4,42.4,42.4,42.4,42.4,42.4,42.4,42.4,42.4,42.4,42.4,40.3,39.4,39.4,39.4,39.4,39.4,39.4,39.4,39.4,39.4,39.4,39.4,39.4,39.4,39.4,39.4,39.4,39.4,39.4,39.4,39.4,39.4,39.1,37.0,40.5,40.5,40.5,40.5,40.5,40.5,40.5,40.5,40.5,40.5,40.5,40.5,40.5,40.5,40.5,40.5,40.5,40.5,40.5,40.5,40.5,40.5,40.5,40.5,40.5,40.5,40.5,40.5,40.5,40.5,40.5,40.5,40.5,40.5,40.5,40.5,40.5,41.2,44.74,47.7,47.7,47.7,47.7,47.7,47.7,47.7,47.7,47.7,47.7,47.7,47.7,47.7,47.7,47.7,47.7,47.7,47.7,47.7,47.7,47.7,47.7,47.7,47.7,47.21,44.4,40.5,40.5,40.5,40.5,40.5,40.5,40.5,40.5,40.5,40.5,40.5,40.5,40.5,40.5,38.42,31.5,31.5,31.5,31.5,31.5,31.5,31.5,31.5,31.5,31.5,31.5,31.5,31.5,31.5,31.5,31.5,30.31,31.0,31.0,31.0,27.8,27.5,27.5,27.5,27.5,27.5,27.5,27.5,27.5,27.5,27.5,27.5,27.5,27.5,25.7,26.4,26.4,26.4,26.4,26.4,26.4,26.4,26.4,26.4,25.9,25.9,25.9,25.9,25.9,25.9,25.9,25.9,15.14,9.5,9.5,9.5,9.5,9.5,9.5,9.5,9.5,9.5,9.5,9.5,9.5,9.5,9.5,9.5,9.5,9.5,9.7,9.7,9.7,9.7,9.7,15.7,16.4,16.4,16.4,16.4,16.4,16.4,16.4,16.4,16.4,16.4,16.4,16.4,16.4,16.4,16.4,16.4,16.4,16.4,16.4,16.4,16.4,16.4,16.4,16.4,16.4,16.4,11.93,12.7,12.7,12.7,12.7,12.7,12.7,12.7,12.7,12.7,7.2,4.6,4.9,4.9,4.9,4.9,4.9,4.9,4.9,4.9,4.9,4.9,4.9,4.9,4.9,4.9,4.9,4.9,4.9,4.9,4.9,5.6,11.6,11.6,11.6,11.6,11.6,11.6,11.6,11.6,11.6,11.6,11.6,11.6,11.6,11.6,11.6,11.6,11.6,11.6,11.6,11.6,11.6,11.6,11.6,11.6,6.0,5.1,5.1,5.1,5.1,5.1,5.1,5.1,5.1,5.1,5.1,5.1,5.1,5.1,5.1,5.1,5.1,5.1,5.1,5.1,4.22,10.08,6.73,4.2,4.2,4.2,4.2,4.2,4.2,4.2,4.2,4.2,4.2,4.58,6.9,6.9,6.9,6.9,6.9,6.9,6.9,7.6,7.6,7.6,7.6,7.6,7.6,7.6,7.6,7.6,7.6,7.6,7.6,7.6,7.6,7.6,7.6,7.6,7.6,7.6,7.6,7.6,7.6,7.6,7.6,7.6,8.1,8.1,8.1,8.1,8.1,8.1,8.1,8.1,8.1,8.1,8.1,8.1,8.1,8.1,8.1,8.1,8.1,8.1,8.1,8.1,8.1,8.1,8.1,8.1,8.1,5.6,8.3,8.3,8.3,8.3,8.3,8.3,8.3,8.3,8.3,8.3,8.3,8.3,8.3,8.3,8.3,8.3,8.3,8.3,8.3,8.3,8.3,8.3,8.3,8.3,8.3,8.3,8.3,11.1,11.1,11.1,11.1,11.1,11.1,11.1,11.1,11.1,10.2,5.6,5.6,5.6,5.6,5.6,5.6,5.6,5.6,5.6,5.6,5.6,5.6,5.6,5.6,5.6,5.6,5.6,5.6,5.6,6.5,6.5,6.5,6.5,6.5,6.5,6.5,6.5,6.5,6.5,6.5,6.5,6.5,6.7,6.0,5.6,5.6,5.6,5.6,5.6,5.6,5.6,5.6,5.6,5.6,5.6,5.6,5.6,5.6,5.6,5.6,5.6,5.6,5.6,5.6,5.6,5.6,5.6,6.0,6.0,6.0,6.0,6.0,6.0,6.0,6.0,6.0,6.0,6.0,6.0,6.0,6.0,6.0,6.0,6.0,6.0,5.64,5.1,5.1,5.1,5.1,5.1,5.1,5.1,5.1,5.1,5.1,4.6,4.6,4.6,4.6,4.6,4.6,4.6,4.6,4.6,4.6,4.6,8.16,8.3,8.8,8.8,8.8,8.8,8.33,7.9,7.9,7.9,7.9,7.9,7.9,7.9,7.9,7.9,7.9,7.9,8.3,8.3,8.3,8.3,8.3,8.3,8.3,8.3,8.3,8.3,8.3,8.3,8.3,11.8,11.8,12.0,13.9,16.7,26.9,30.8,30.8,30.8,30.8,30.8,30.8,30.8,30.8,30.8,30.8,30.8,30.8,30.8,30.8,30.8,30.1,29.6,30.3,30.6,28.7,28.7,28.7,28.7,28.7,28.7,28.7,28.7,28.7,28.7,28.7,28.7,28.7,28.7,28.7,28.7,28.7,28.7,28.7,28.7,28.7,28.7,28.7,28.7,30.6,36.8,41.2,41.2,41.2,41.2,41.2,41.2,41.2,41.2,41.2,41.2,41.2,41.2,39.1,38.2,38.2,38.2,38.2,38.2,38.2,38.2,37.7,47.2,49.8,49.8,49.8,49.8,49.8,49.8,49.8,49.8,49.8,49.8,48.1,46.5,46.5,46.5,46.5,46.5,46.5,46.5,46.5,46.5,46.5,46.5,46.5,46.5,46.5,46.5,46.5,46.5,46.5,46.5,46.5,46.5,46.5,46.5,46.5,45.82,54.32,69.79,74.8,74.8,74.8,74.8,74.8,74.8,74.8,74.8,74.8,74.8
P013,51.5,51.5,51.5,51.5,51.5,51.5,51.5,51.5,51.5,51.4,50.8,50.3,50.2,47.5,50.0,48.88,44.4,42.0,44.1,43.4,43.4,43.4,43.4,43.1,42.6,42.6,42.6,42.6,42.6,42.6,44.6,42.71,41.8,41.84,43.12,44.9,44.9,44.9,44.9,44.98,46.3,46.3,46.3,46.3,46.3,46.6,46.6,46.6,47.47,48.8,48.8,48.8,48.8,48.8,48.8,48.5,48.5,48.5,48.5,48.3,49.4,50.6,50.6,50.6,50.6,50.6,50.6,50.6,50.6,50.9,50.8,51.1,51.1,52.6,52.6,52.6,52.57,52.2,52.2,52.2,52.5,51.9,51.5,51.07,50.3,49.2,48.8,48.8,49.2,49.2,49.2,48.74,42.4,43.1,42.6,40.3,40.1,38.3,38.3,33.59,34.7,34.7,35.8,39.21,43.7,44.6,44.9,45.1,45.1,45.1,45.1,45.1,45.1,45.1,47.09,47.4,47.4,47.4,47.4,47.4,47.4,48.0,48.0,48.0,48.0,48.0,48.5,48.5,48.5,48.5,48.5,48.5,48.5,48.5,48.5,48.5,48.5,48.5,48.5,48.5,48.5,48.5,48.5,48.5,48.5,48.5,48.5,48.5,48.5,48.5,50.3,50.3,50.3,50.3,50.3,50.3,50.3,50.3,50.3,50.3,50.5,50.0,49.8,45.8,41.27,39.7,23.9,23.9,23.9,23.9,23.9,23.9,23.9,23.9,23.9,23.9,23.9,23.9,23.9,23.9,23.9,23.9,23.9,23.9,23.9,23.9,23.9,23.9,23.9,23.9,24.7,24.7,26.85,36.6,41.5,46.6,47.41,47.8,47.8,47.8,47.8,47.8,47.8,48.6,48.5,48.5,49.4,49.5,49.5,49.5,49.5,49.5,49.5,49.5,49.5,49.5,49.5,49.5,49.4,49.4,50.0,50.29,50.6,50.6,50.6,50.6,50.6,50.6,50.6,50.6,50.6,50.6,50.6,50.6,50.6,49.4,48.46,47.1,46.0,46.0,46.0,46.0,44.0,43.95,42.0,37.3,35.3,35.3,35.3,35.3,35.3,35.3,35.3,35.3,35.3,35.3,35.3,40.32,42.6,44.3,45.8,45.8,45.8,45.8,45.8,46.1,46.1,46.1,46.1,46.1,46.14,47.4,48.6,48.6,48.6,48.6,48.9,48.6,48.6,48.6,48.6,48.6,48.6,48.6,48.6,49.8,50.2,50.2,50.2,51.53,55.68,61.69,63.3,63.3,63.3,63.3,63.3,63.3,63.3,63.3,62.3,62.3,64.09,65.1,65.4,65.08,65.0,65.7,65.4,66.5,66.7,66.78,66.8,66.98,68.8,68.8,68.8,68.8,68.1,67.3,67.3,67.3,67.3,67.3,66.2,63.0,62.73,59.9,59.9,59.9,59.0,59.0,62.7,62.7,63.6,62.5,62.5,62.5,62.5,62.5,62.5,62.5,62.5,62.5,62.5,56.39,51.7,50.04,51.2,48.5,48.5,47.75,44.4,44.3,44.3,44.3,44.3,44.3,44.3,44.3,44.3,44.3,42.0,42.0,42.0,42.0,42.0,42.88,45.8,49.5,50.3,50.3,50.3,50.3,50.3,50.3,50.5,53.5,53.2,54.0,55.1,53.5,53.5,53.5,53.5,53.7,54.3,55.6,55.21,52.6,51.21,49.4,46.8,45.7,44.4,44.4,44.4,44.4,45.2,45.5,45.5,46.3,46.3,46.3,46.3,46.3,46.3,46.9,49.99,44.8,48.8,48.1,48.87,51.4,51.1,52.9,54.0,57.9,65.0,65.0,66.5,66.29,62.0,62.0,62.0,62.0,62.0,62.0,62.0,62.0,62.0,62.0,61.24,54.0,54.0,56.05,57.7,63.1,59.55,58.2,57.55,55.7,55.68,54.9,54.9,55.2,55.2,57.9,50.3,35.2,34.9,41.83,47.4,49.19,48.6,50.9,50.12,46.6,46.5,44.3,39.81,40.41,42.1,42.0,42.0,42.0,41.84,43.81,45.8,47.5,47.4,46.8,46.8,46.8,46.8,47.8,46.8,46.8,46.8,47.8,48.8,50.2,47.5,46.8,46.9,47.4,47.5,47.5,47.5,47.5,47.5,47.5,47.5,47.5,47.5,47.5,46.56,48.02,52.8,54.65,54.2,50.3,52.5,52.67,54.6,51.7,51.7,49.5,53.4,53.52,57.27,60.3,59.74,60.8,61.4,64.5,64.5,63.1,63.1,63.1,63.1,62.5,59.9,52.0,50.0,47.97,45.75,41.83,39.2,38.1,41.19,48.23,58.14,59.6,59.1,58.6,57.4,54.3,57.6,58.6,58.6,58.6,58.6,58.6,58.6,58.63,59.9,60.34,60.8,61.6,61.6,61.6,61.6,61.6,61.6,61.6,61.6,61.6,61.6,61.6,61.6,61.6,61.6,61.3,61.3,62.04,59.3,58.2,55.6,54.6,47.88,30.4,39.4,46.71,54.82,59.14,56.0,56.0,57.47,62.96,66.2,66.2,66.8,71.34,76.9,81.6,81.6,85.8,85.8,85.0,74.8,46.0,49.1,48.8,49.5,51.41,49.8,53.42,57.7,60.0,65.9,69.3,69.63,69.4,70.7,70.7,70.7,62.3,58.6,58.2,55.21,53.5,53.5,53.5,53.1,54.63,54.9,54.91,56.5,54.0,52.0,51.7,51.7,51.7,51.7,51.7,51.7,51.7,59.3,59.3,58.3,63.3,63.3,63.3,63.3,64.5,65.0,65.0,65.16,71.6,71.6,71.6,71.6,71.6,71.6,71.6,71.0,67.71,67.0,67.0,63.6,63.6,63.6,63.6,63.6,63.6,63.6,63.6,63.6,63.6,56.9,50.77,50.6,49.1,50.6,52.2,52.2,52.2,50.2,50.0,50.0,50.0,49.5,48.8,50.2,42.33,18.3,9.6,17.76,27.82,28.4,28.4,28.4,40.17,48.48,49.8,53.92,55.1,55.4,50.6,50.81,51.4,51.4,51.4,53.16,54.6,54.6,54.6,48.32,42.0,39.66,39.5,39.5,39.5,38.4,38.4,30.6,34.1,34.1,34.1,34.1,34.1,34.1,34.1,34.1,34.1,34.1,34.1,48.82,50.53,54.6,58.2,58.2,59.6,46.21,40.4,40.4,41.16,39.8,39.8,43.7,41.5,39.7,39.2,39.2,39.2,39.98,40.6,39.8,37.2,37.2,37.2,37.2,37.2,36.0,36.4,36.4,37.2,37.5,37.5,37.3,37.3,37.3,37.55,41.47,44.4,46.0,48.0,48.8,48.9,49.2,49.2,49.2,49.2,49.2,49.2,50.96,53.7,53.7,53.9,54.8,54.8,54.8,54.8,54.8,54.8,54.9,54.9,54.9,54.9,54.9,56.6,56.0,56.0,55.4,56.9,58.73,63.95,66.31,71.49,71.5,73.5,77.6,80.13,82.69,87.47,89.1,92.89,93.5,93.8,94.0,95.8,95.5,95.5,95.5,95.5,91.78,53.4
P014,50.0,100.0,73.8,72.7,66.54,55.6,55.6,55.6,55.6,55.6,55.6,53.76,56.65,52.8,52.8,58.3,58.3,58.3,58.8,61.1,61.1,61.1,66.2,66.2,61.35,56.3,55.6,55.6,58.3,58.3,58.3,58.8,58.8,58.8,58.8,58.8,58.8,58.8,58.8,58.8,53.75,52.5,53.0,53.0,53.0,53.0,53.0,53.0,53.0,53.2,53.2,53.2,53.2,53.2,53.2,59.69,59.7,59.7,59.7,59.7,63.4,63.4,63.4,62.26,56.74,51.2,51.4,51.4,51.4,51.4,51.4,51.4,51.4,51.4,51.4,55.99,58.3,59.7,59.7,59.7,59.7,59.7,59.7,57.2,55.6,55.6,55.6,55.6,55.6,55.6,55.6,55.8,55.8,55.8,55.8,55.8,55.8,55.8,56.0,56.5,54.2,52.3,53.7,47.5,43.5,43.5,43.5,43.5,43.5,43.5,43.5,43.5,43.5,43.5,43.5,43.5,43.5,43.5,43.5,43.5,43.5,48.08,50.2,50.2,50.2,50.2,50.2,50.2,23.71,23.4,23.4,23.4,23.4,23.4,23.4,23.13,22.0,22.0,22.0,22.0,22.0,22.0,22.0,22.0,22.0,22.0,22.0,22.0,22.0,22.0,22.0,22.0,37.97,56.0,56.0,56.0,56.0,56.0,56.0,56.0,56.0,56.0,56.0,33.17,24.1,24.1,24.1,24.1,24.1,24.1,24.1,24.1,24.1,24.1,24.1,24.1,24.1,29.13,34.3,34.3,35.09,46.28,51.4,51.4,51.4,51.4,51.4,51.4,51.4,51.4,51.4,51.4,51.4,51.4,51.4,51.4,51.4,51.4,51.4,50.9,47.54,44.4,44.4,44.4,44.4,40.75,26.9,26.9,26.9,26.9,26.9,26.9,26.9,26.9,26.9,26.9,29.9,30.1,30.1,30.1,30.1,30.1,30.1,30.1,30.1,30.1,30.1,30.1,30.1,30.1,30.1,30.1,30.1,30.1,39.35,49.8,49.8,49.8,49.8,49.8,49.8,49.8,49.8,49.8,49.8,49.8,49.8,49.8,49.8,49.8,47.2,46.8,46.8,46.8,46.8,46.8,46.8,46.8,46.8,46.8,46.8,46.8,46.8,46.8,46.8,46.8,46.8,46.8,46.8,46.8,46.8,46.8,41.71,40.5,40.5,40.5,40.5,40.5,40.5,40.5,40.5,40.5,40.5,40.5,40.5,40.5,40.5,40.5,40.5,40.5,40.5,40.5,40.5,40.5,40.5,40.5,40.5,40.5,40.5,40.5,40.5,40.5,40.5,40.5,40.5,40.5,40.5,40.5,40.5,47.5,47.5,42.4,41.9,40.0,40.0,40.0,40.0,40.3,40.3,40.3,40.3,40.3,40.3,40.3,40.3,40.3,38.9,40.3,38.2,37.7,37.7,37.7,37.7,37.0,35.9,35.2,35.2,35.2,35.2,35.2,35.2,35.2,36.05,36.8,38.38,38.7,38.7,38.7,38.7,38.9,41.7,42.6,42.6,42.6,42.6,42.6,42.6,42.6,42.6,42.6,42.6,42.6,42.6,42.6,42.6,42.6,42.6,42.6,42.6,42.6,41.4,39.8,39.8,39.8,39.8,39.8,39.8,41.19,41.4,41.4,41.4,44.88,44.71,38.2,37.5,36.6,35.0,35.0,35.0,34.7,34.5,34.5,34.5,34.3,34.3,34.3,34.3,34.3,34.3,34.3,32.94,28.7,28.7,28.7,28.7,28.7,28.7,28.7,27.1,25.9,25.9,25.9,25.9,25.9,25.9,25.2,24.5,23.6,23.1,23.1,23.1,23.1,22.7,22.7,22.7,22.7,22.7,22.7,22.7,22.7,22.2,22.2,22.2,22.2,22.2,22.2,21.8,20.24,20.1,20.1,20.1,18.61,17.6,17.1,16.7,16.7,16.7,16.7,16.7,16.7,16.7,16.7,16.7,16.19,15.7,15.7,15.7,15.7,15.7,15.7,15.7,15.7,15.7,15.7,15.7,16.2,16.2,16.2,16.2,16.2,16.2,16.2,16.2,16.2,16.2,16.7,16.99,16.7,16.7,16.7,16.7,16.7,17.8,16.2,16.2,16.2,16.2,16.2,14.96,13.4,12.5,12.5,12.5,12.5,12.5,12.5,12.5,12.5,12.5,12.5,12.5,12.5,12.5,12.5,12.5,12.5,12.5,12.5,16.13,18.1,18.1,18.1,18.1,18.1,18.1,18.1,18.1,18.1,18.1,18.26,17.1,17.1,17.1,17.1,17.1,17.1,17.1,17.1,17.1,17.1,17.1,17.1,17.1,17.1,11.69,11.1,11.1,11.1,11.1,11.1,9.3,11.1,10.7,9.7,9.7,9.7,9.7,9.7,9.7,9.7,9.7,9.7,9.7,9.7,9.7,9.7,9.7,9.7,9.7,9.7,9.7,9.7,9.7,10.4,12.89,13.0,13.0,13.0,13.0,13.0,13.0,13.0,13.0,13.0,13.0,13.0,13.0,13.0,12.44,12.0,12.0,12.0,12.0,12.0,12.0,9.7,9.3,9.3,9.3,9.3,9.3,9.3,9.3,10.2,10.6,10.2,10.2,10.2,10.2,10.2,10.2,10.2,10.2,10.2,10.2,10.2,10.2,11.3,14.02,14.4,14.4,14.4,14.4,14.4,17.6,17.6,17.6,17.6,17.6,17.6,17.6,17.6,17.6,17.6,17.6,17.6,17.6,14.8,15.3,15.3,15.3,15.3,15.3,15.3,15.3,15.3,17.4,18.93,19.2,19.4,19.4,19.4,19.4,15.3,15.3,15.3,15.3,15.3,15.3,14.0,13.7,13.4,13.4,13.4,13.4,13.4,13.4,13.4,13.4,13.4,13.4,13.4,13.4,13.4,13.4,13.4,13.4,14.6,14.6,14.6,14.6,14.6,14.6,14.8,14.8,14.6,17.6,17.6,17.6,17.6,17.6,17.6,17.6,17.6,16.2,15.5,15.5,15.5,15.5,15.5,15.5,15.5,15.5,15.5,13.9,12.58,12.3,12.3,13.4,15.63,15.7,18.93,19.9,19.9,19.9,19.9,17.39,13.4,19.4,19.4,19.4,19.4,19.4,19.4,19.4,19.4,19.4,19.4,19.4,19.4,19.4,19.4,19.4,19.4,20.8,20.8,20.8,20.8,20.8,20.8,20.8,20.8,18.61,18.1,18.1,18.1,18.1,18.1,18.1,18.1,18.1,18.1,18.1,18.1,18.77,20.8,20.8,20.8,20.8,20.8,20.8,20.8,20.8,20.8,20.8,20.8,21.8,22.2,24.3,25.5,25.5,25.5,25.5,25.5,25.5,25.5,28.63,31.3,31.3,31.3,31.3,31.3,31.3,31.3,31.3,31.3,31.3,31.3,31.3,31.3,31.3,31.3,31.3,31.3,31.3,31.3,31.3,31.3,31.5,31.5,31.5,31.5,31.5,31.5,31.5,31.5,31.5,31.5,31.5,31.5,31.5,31.74,33.1,33.1,33.1,33.1,33.1,35.2
P015,50.7,50.7,50.7,50.7,50.7,50.7,50.7,50.7,30.4,30.4,30.4,47.23,48.0,50.3,50.3,50.3,49.3,49.3,49.3,49.3,49.3,49.3,49.1,47.4,49.1,50.3,50.3,50.3,50.3,50.3,50.3,50.3,50.3,50.3,50.3,50.3,50.3,50.3,50.3,50.3,50.3,50.3,50.3,50.3,50.38,50.9,50.9,50.9,48.8,48.8,48.8,48.8,46.12,45.7,48.88,49.1,49.1,49.1,49.1,49.1,49.1,49.1,49.1,49.1,48.85,42.08,43.73,49.7,49.9,49.9,49.9,49.9,48.6,49.7,51.2,50.7,50.7,50.5,50.5,50.5,50.5,50.5,45.76,48.0,49.7,43.3,48.3,56.9,57.3,60.83,50.1,57.85,58.2,58.2,58.2,58.2,54.1,51.0,51.15,51.2,51.2,51.2,51.2,50.1,49.0,49.0,49.0,49.0,49.0,49.5,49.7,49.7,49.7,49.7,38.0,38.4,36.46,34.8,33.8,33.8,33.8,33.8,29.5,29.5,29.5,29.5,29.5,29.5,17.2,16.3,16.3,13.8,13.8,13.8,16.6,17.0,17.0,17.0,17.0,33.1,33.1,33.1,33.1,33.1,33.1,33.1,33.1,33.1,33.6,37.1,36.9,34.91,29.3,27.8,27.8,27.8,27.8,27.8,27.8,30.8,38.6,38.6,36.1,30.2,24.0,33.1,36.7,36.7,28.5,28.5,28.5,28.5,28.5,28.5,28.5,32.48,34.8,38.2,38.2,38.2,38.2,38.2,34.2,32.3,32.3,32.3,32.34,32.5,32.5,32.5,32.5,32.5,32.5,32.5,32.5,44.6,45.0,45.6,45.6,45.6,45.6,45.6,45.6,39.1,36.3,35.3,35.3,35.3,35.5,35.5,39.9,43.1,46.7,46.7,46.7,46.7,45.2,44.2,43.9,43.9,43.9,43.9,43.9,43.9,43.9,43.9,43.3,41.04,39.3,38.2,38.2,38.2,38.2,38.2,38.2,38.2,38.2,38.2,38.6,38.6,38.6,38.6,38.6,38.6,38.6,38.6,38.6,38.6,38.6,38.6,38.6,38.6,38.6,38.6,38.6,38.6,33.6,38.2,38.2,38.2,38.2,39.04,43.43,43.3,43.3,43.3,43.3,43.3,43.3,43.3,43.3,42.2,42.0,43.1,43.1,43.1,43.1,43.16,46.7,46.7,47.3,47.3,48.2,49.0,49.0,49.0,49.0,49.0,49.3,49.3,48.8,48.8,48.8,48.8,48.8,48.8,43.66,42.3,48.8,49.85,49.9,49.9,49.9,55.49,52.7,50.7,46.78,47.1,47.1,48.8,48.8,49.1,49.7,50.3,50.9,50.7,50.7,50.7,50.7,50.7,50.1,45.55,47.3,49.0,53.3,57.7,61.6,61.6,63.5,66.7,67.1,67.1,60.58,55.6,55.6,57.65,60.5,60.5,62.9,62.9,57.85,54.8,54.1,52.2,51.6,51.4,51.4,51.4,43.9,41.4,39.7,40.5,42.7,42.7,42.7,42.7,42.7,45.91,47.6,48.4,50.5,50.5,50.5,50.5,50.5,50.5,53.5,53.5,53.7,53.7,53.7,53.7,53.7,53.7,53.7,53.7,52.65,52.6,52.6,52.6,52.6,52.6,51.2,51.2,51.2,51.2,50.1,48.8,48.8,48.8,48.8,43.7,36.9,34.4,34.4,29.9,29.7,29.7,29.9,35.17,62.9,60.67,55.4,53.5,53.5,52.4,51.4,51.4,51.4,51.4,52.0,50.1,51.6,51.6,50.7,51.4,49.3,52.4,52.4,45.6,42.79,42.7,42.7,42.7,40.6,40.6,31.6,30.6,30.6,30.6,30.6,22.9,22.9,24.8,25.0,28.7,32.1,32.1,33.1,33.14,51.0,35.6,34.4,30.8,30.6,29.09,21.4,21.2,17.34,15.77,13.54,12.1,3.49,3.4,3.4,3.4,2.8,2.8,2.6,3.4,10.2,17.64,25.26,25.5,25.5,25.5,25.5,25.5,25.5,25.5,25.5,25.5,25.5,25.5,25.5,21.0,18.48,15.7,15.3,15.3,15.3,15.3,15.3,15.3,12.7,13.6,23.6,24.38,28.9,32.9,25.3,25.1,25.0,25.0,25.0,20.6,14.7,14.7,14.7,14.7,14.7,19.1,21.58,20.8,20.8,21.04,33.5,33.8,33.8,33.8,32.3,32.3,32.3,32.3,27.6,27.2,21.0,14.4,11.5,13.2,14.0,7.53,7.4,7.4,7.4,8.1,8.1,8.1,8.1,8.1,8.1,8.1,10.2,11.3,11.3,11.5,11.5,20.2,20.2,20.2,20.2,16.4,12.3,2.83,1.7,0.8,0.67,0.2,0.2,0.0,0.0,0.0,0.0,0.0,0.0,0.0,0.0,0.0,0.0,0.0,0.0,0.0,0.0,0.88,7.88,14.7,12.9,11.2,11.2,11.2,11.2,11.2,7.9,7.2,4.3,0.81,0.0,0.0,0.0,0.0,0.0,0.0,0.0,2.41,4.9,5.5,5.5,5.5,5.5,0.0,0.2,11.37,20.0,16.4,16.3,16.3,16.3,10.6,8.1,2.5,31.2,19.7,3.8,4.0,3.8,19.5,25.5,15.9,18.9,18.9,29.9,35.7,35.7,37.6,37.6,37.6,19.13,16.4,12.9,11.2,11.9,9.3,9.1,6.85,5.7,3.28,0.0,0.0,0.0,0.0,0.0,0.0,0.0,0.0,0.0,0.2,0.2,0.2,1.1,0.0,0.0,0.0,0.0,0.0,0.0,0.0,0.0,1.7,5.59,18.9,19.8,34.4,44.0,36.5,31.6,23.8,19.8,11.7,11.7,11.7,11.7,11.38,10.0,12.3,27.48,31.8,33.6,33.6,40.1,40.1,40.1,40.1,40.1,40.6,40.5,40.3,40.3,40.3,40.3,40.3,40.3,40.3,38.6,38.6,35.55,30.88,28.34,26.1,26.1,44.6,46.1,48.6,48.6,49.12,49.9,49.9,49.9,49.9,49.5,49.5,44.8,42.5,40.6,39.3,38.4,38.4,38.4,38.4,38.4,38.4,38.4,38.4,38.4,38.4,41.6,41.6,40.31,37.85,37.8,36.9,36.9,36.3,36.3,36.3,36.3,36.3,38.2,45.4,46.55,47.3,43.9,42.61,36.43,32.3,30.58,29.7,28.9,28.9,29.3,29.3,30.0,42.0,44.44,47.8,51.4,51.4,51.4,51.4,51.4,51.4,51.4,51.4,51.4,51.2,49.9,49.9,49.9,49.7,49.7,49.7,49.7,49.7,49.7,49.7,49.7,49.7,49.7,49.7,48.69,42.5,41.2,41.2,41.05,39.7,39.63,40.5,38.2,32.88,30.4,37.05,46.7,49.9,49.9,49.9,49.5,49.5,49.5,49.5,49.5,49.5,49.5,49.5,49.5,37.31,28.4,27.8,22.9,16.6,14.65,13.62,25.1,35.2,39.97,44.6,46.3,47.3,47.3,47.3
P016,51.2,51.2,51.2,51.2,51.2,51.2,51.2,51.2,51.2,51.2,51.2,51.2,51.2,51.2,51.2,51.2,51.2,51.2,51.2,51.2,51.2,51.2,51.2,51.2,51.2,51.2,51.2,51.2,51.2,51.2,51.2,51.2,51.2,51.2,51.2,51.2,51.2,51.2,51.2,51.2,51.2,51.2,51.2,51.2,51.2,51.2,51.2,51.2,51.2,51.2,51.2,51.2,51.2,51.2,51.2,51.2,51.2,51.2,51.2,51.2,51.2,51.2,51.2,51.2,51.2,51.2,51.2,50.5,50.78,51.6,52.5,51.0,51.0,51.0,51.0,51.0,51.0,51.0,51.0,51.0,51.0,51.0,51.0,51.0,51.0,51.0,51.0,51.0,51.0,51.0,51.0,51.0,51.0,51.0,51.0,51.0,51.0,51.0,51.0,51.0,51.0,51.0,51.0,51.0,51.0,51.0,51.0,51.0,51.0,51.0,51.0,51.0,51.0,51.0,51.0,51.0,51.0,51.0,51.0,51.0,51.0,51.0,51.0,51.0,51.0,51.0,51.0,51.0,51.0,51.0,51.0,51.0,51.0,51.0,51.0,51.0,51.0,51.0,51.0,51.0,51.0,51.0,51.0,51.0,51.0,51.0,51.0,51.0,51.0,51.0,51.0,51.0,51.0,51.0,51.0,51.0,51.0,51.0,51.0,51.0,51.0,51.0,51.0,51.0,51.0,51.0,51.0,51.0,51.0,51.0,51.0,51.0,51.0,51.0,51.0,51.0,38.95,34.7,34.7,34.7,30.2,30.4,30.4,30.4,30.4,30.4,30.4,30.4,30.4,30.4,30.4,30.4,30.4,30.4,30.4,30.4,30.4,30.4,30.4,30.4,30.4,30.4,30.4,30.4,30.4,30.4,30.4,30.4,30.4,30.4,30.4,30.4,30.4,30.4,30.4,30.4,30.4,30.4,30.4,30.4,30.4,30.4,30.4,30.4,30.4,30.4,30.4,30.4,30.4,30.4,30.4,30.4,30.4,30.4,33.2,44.02,49.5,50.3,50.3,50.3,50.3,50.3,50.3,50.3,50.3,50.3,50.3,50.3,50.3,50.3,50.3,50.3,50.3,50.3,50.3,50.3,50.3,50.3,50.3,50.3,50.3,50.3,50.3,50.3,50.3,50.3,50.3,50.3,50.3,50.5,49.2,49.2,48.61,49.9,49.9,49.9,49.9,49.9,49.9,49.9,49.9,49.9,49.9,49.9,49.9,49.9,49.9,49.9,49.9,49.9,49.9,49.9,49.9,49.9,49.9,49.9,49.9,49.9,49.9,49.9,49.9,49.9,49.9,49.9,49.9,49.9,49.9,49.9,49.9,49.9,49.9,49.9,50.1,51.0,51.4,51.4,51.4,51.4,50.3,46.6,44.3,42.49,40.6,40.6,40.6,40.6,40.6,40.6,40.6,40.6,40.6,40.6,40.6,40.6,40.6,40.6,40.6,40.6,40.6,40.6,40.6,40.6,40.6,40.6,43.2,47.1,55.3,57.91,62.7,65.9,66.6,66.6,66.6,66.6,66.6,66.6,66.6,66.6,66.6,66.6,66.6,66.6,66.6,66.6,66.6,66.6,66.6,66.6,66.6,66.6,66.6,66.6,66.6,66.6,66.6,66.6,66.6,66.6,66.6,66.6,66.6,66.6,66.6,66.6,66.6,66.6,66.6,66.6,66.6,66.6,66.6,66.6,66.6,66.8,67.2,64.41,62.3,57.94,46.58,35.8,29.7,23.64,15.11,14.1,14.1,14.1,14.1,14.1,14.1,14.1,14.1,14.1,14.1,14.1,14.1,14.1,14.1,14.1,14.1,14.1,9.3,7.8,7.8,7.8,5.9,1.1,0.0,0.0,0.0,0.0,0.0,0.0,0.0,0.0,0.0,0.0,0.0,0.0,0.0,0.0,0.0,0.0,0.0,0.0,0.0,0.0,0.0,0.0,0.0,0.0,0.0,0.0,0.0,0.0,0.0,0.0,0.0,0.0,0.0,0.0,0.0,0.0,0.0,0.0,0.0,0.0,0.0,0.0,0.0,0.0,0.0,0.0,0.0,0.0,0.0,0.0,0.0,0.0,0.0,0.0,0.0,0.0,0.0,0.0,0.0,0.0,0.0,0.0,0.0,0.0,0.0,0.0,0.0,0.0,0.0,0.0,0.0,0.0,0.0,0.0,0.0,0.0,0.0,0.0,0.0,0.0,0.0,0.0,0.0,0.0,0.0,0.0,0.0,0.0,0.0,0.0,0.0,0.0,0.0,0.0,0.0,0.0,0.0,0.0,0.0,0.0,0.0,0.0,0.0,0.0,0.0,0.0,0.0,0.0,0.0,0.0,0.0,0.0,0.0,0.0,0.0,0.0,0.0,0.0,0.0,0.0,0.0,0.0,0.0,0.0,0.0,0.0,0.0,0.0,0.0,0.0,0.0,0.0,0.0,0.0,0.0,0.0,0.0,0.0,0.0,0.0,0.0,0.0,0.0,6.27,7.6,12.97,15.18,9.37,8.2,8.2,8.2,4.3,3.5,3.5,3.5,3.5,3.5,3.5,3.5,3.5,3.5,3.5,3.5,3.5,3.5,3.5,3.5,0.21,0.0,0.0,0.0,0.0,0.0,0.0,0.0,0.0,0.0,0.0,0.0,0.0,0.0,0.0,0.0,0.0,0.0,0.0,0.0,0.0,0.0,0.0,0.0,0.0,0.0,0.0,0.0,0.0,0.0,0.0,0.0,0.0,0.0,0.0,0.0,0.0,0.0,0.0,0.0,0.0,0.0,0.0,0.0,0.0,0.0,0.0,0.0,0.0,0.0,0.0,0.0,0.0,0.0,0.0,0.0,0.0,0.0,0.0,0.0,0.0,0.0,0.0,0.0,0.0,0.0,0.0,0.0,0.0,0.0,0.0,0.0,0.0,0.0,0.0,0.0,0.0,0.0,0.0,0.0,0.7,1.5,3.5,7.2,14.45,20.18,23.9,28.0,29.7,32.8,32.1,29.5,28.0,27.5,27.5,27.5,30.21,31.5,34.85,37.29,39.49,41.4,43.0,42.1,42.7,44.5,44.5,45.31,46.6,47.9,48.8,53.1,57.0,60.1,65.29,66.6,66.6,67.0,67.9,69.11,69.8,69.8,69.8,69.8,69.8,72.65,74.6,79.19,81.8,86.8,89.6,89.6,89.6,89.6,89.6,89.6,89.6,89.6,89.6,89.6,89.6,89.6,89.6,89.6,89.6,89.6,89.6,89.6,89.6,89.6,89.6,89.6,89.6,89.6,89.6,89.6,89.6,89.6,89.6,89.6,89.6,89.6,89.6,89.6,89.6,89.6,89.6,89.6,89.6,89.6,89.6,89.6,89.6,89.6,89.6,89.78,90.2,91.1,91.5,91.5,91.5,91.5,91.5,90.5,90.0,89.2,89.2,88.1,86.8,83.7,83.5,83.5,83.5,83.5,83.5,83.5,83.5,83.5,83.5,83.5,83.5,83.5,83.5,83.5,83.5,83.5,83.5,83.5,83.5,83.5,83.5,83.5,83.5,83.5,83.5
P017,46.9,47.1,47.1,47.1,46.92,40.7,40.7,41.7,41.7,41.7,41.7,41.7,41.7,41.7,41.7,44.2,44.2,44.2,44.2,44.2,44.0,44.0,44.0,39.23,32.25,32.0,22.0,22.0,22.0,22.0,22.0,22.0,22.0,22.0,22.0,22.0,22.0,22.0,19.16,17.4,17.4,17.4,17.4,17.4,17.4,17.4,17.4,17.4,17.4,17.4,17.4,17.4,17.4,17.4,17.4,15.8,15.8,15.8,15.8,18.1,18.1,18.1,18.1,18.1,20.62,30.5,30.5,29.9,29.5,29.3,29.3,32.8,32.4,32.05,26.85,23.12,20.8,20.8,20.8,20.8,21.03,20.8,20.8,20.7,20.7,20.7,14.9,14.9,14.9,14.9,14.9,14.5,14.3,13.9,13.9,13.9,13.9,13.9,14.3,14.3,14.3,14.3,14.3,14.3,14.3,14.3,14.1,14.3,14.9,15.1,15.1,15.8,19.3,19.7,19.7,20.5,20.5,20.5,20.5,20.5,20.5,19.9,19.9,19.9,19.1,18.1,14.3,14.7,14.7,14.5,15.1,5.82,5.8,5.8,5.8,5.8,5.8,5.8,5.8,5.8,5.8,5.8,5.8,5.8,5.8,5.8,5.4,5.4,5.4,5.4,5.4,5.4,5.4,5.4,5.4,5.4,5.6,5.6,5.6,5.6,5.6,5.6,5.6,5.6,5.6,5.6,2.95,1.0,1.5,1.5,1.5,1.5,1.5,1.5,1.5,1.5,1.5,1.5,1.5,1.5,1.5,0.0,0.0,0.0,0.0,0.0,0.0,0.0,0.0,0.0,0.0,0.0,0.0,0.0,0.0,0.0,0.0,0.0,0.0,8.1,8.1,3.3,3.3,3.3,3.3,3.3,3.3,3.3,3.3,3.3,3.3,7.05,5.4,5.4,5.4,5.4,5.4,2.5,2.5,0.0,0.0,0.0,0.0,0.0,0.0,0.0,0.0,0.0,0.0,0.0,0.0,0.0,0.0,0.0,0.0,0.2,0.4,0.4,0.4,0.4,0.0,0.0,0.0,0.0,0.0,0.0,0.0,0.0,0.0,0.0,0.0,0.0,0.0,0.2,0.2,0.2,0.2,0.2,0.2,0.2,0.2,0.2,0.2,0.2,0.2,0.2,0.2,0.2,0.2,0.0,0.0,0.0,0.0,0.0,0.0,0.0,0.0,0.0,0.0,0.0,0.0,0.0,0.0,0.0,0.2,0.6,0.8,0.8,0.8,0.8,0.8,0.8,0.0,0.0,0.0,0.0,0.0,0.0,0.0,0.0,0.0,0.0,0.0,0.0,0.0,0.0,0.0,0.0,0.0,0.0,0.0,0.0,0.0,0.0,0.0,0.0,0.0,0.0,0.37,0.8,0.8,0.8,0.8,0.8,0.8,0.8,0.8,0.8,0.8,0.8,0.8,0.8,0.8,0.0,0.0,0.0,0.0,0.0,0.0,0.0,0.0,0.0,0.0,0.0,0.0,0.0,0.0,0.0,0.0,0.0,0.0,0.0,0.0,0.0,0.0,0.0,0.0,0.0,0.0,0.0,0.0,0.0,0.0,0.0,0.0,0.0,0.0,0.0,0.0,0.0,0.0,0.0,0.0,0.0,0.0,0.0,0.0,0.0,0.0,0.0,0.0,0.0,0.0,0.0,0.0,0.0,0.0,0.0,0.0,0.0,0.0,0.0,2.1,1.7,1.7,1.7,1.7,1.7,1.7,1.7,1.7,1.7,1.7,1.7,1.7,0.0,0.0,0.0,0.0,0.0,0.0,0.0,0.0,0.0,0.0,0.0,0.0,0.0,0.0,0.0,0.0,0.0,0.0,0.0,0.0,0.0,0.0,0.0,0.0,0.0,0.0,0.0,0.0,0.0,0.0,0.0,0.0,0.0,0.0,0.0,0.0,0.0,0.0,0.0,0.0,0.0,0.0,0.0,0.0,0.0,0.0,0.0,0.0,0.0,0.0,0.0,0.0,0.0,0.0,0.0,0.0,0.0,0.0,0.0,0.0,0.0,0.0,0.0,0.0,0.0,0.0,0.0,0.0,0.0,0.0,0.0,0.0,0.0,0.0,0.0,0.0,0.0,0.0,0.0,0.0,0.0,0.0,0.0,0.0,0.0,0.0,0.0,0.0,0.0,0.0,0.0,0.0,0.0,0.0,0.0,0.0,0.0,0.0,0.0,0.0,0.0,0.0,0.0,0.0,0.0,0.0,0.0,0.0,0.0,0.0,0.0,0.0,0.0,0.0,0.0,0.0,0.0,0.0,0.0,0.0,0.0,0.0,0.0,0.0,0.0,0.0,0.0,0.0,0.0,0.0,0.0,0.0,0.0,0.0,0.0,0.0,0.0,0.0,0.0,0.0,0.0,0.0,0.0,0.0,0.0,0.0,0.0,0.0,0.0,0.0,0.0,0.0,0.0,0.0,0.0,0.0,0.0,0.0,0.0,0.0,0.0,0.0,0.0,0.0,0.0,0.0,0.0,0.0,0.0,0.0,0.0,0.0,0.0,0.0,0.0,0.0,0.0,0.0,0.0,0.0,0.0,0.0,0.0,0.0,0.0,0.0,0.0,0.0,0.0,0.0,0.0,0.0,0.0,0.0,0.0,0.0,0.0,0.0,0.0,0.0,0.0,0.0,0.0,0.0,0.0,0.0,0.0,0.0,0.0,0.0,0.0,0.0,0.0,0.0,0.0,0.0,0.0,0.0,0.0,0.0,0.0,0.0,0.0,0.0,0.0,0.0,0.0,0.0,0.0,0.0,0.0,0.0,0.0,0.0,0.0,0.0,0.0,0.0,0.0,0.0,0.0,0.0,0.0,0.0,0.0,0.0,0.0,0.0,0.0,0.0,0.0,0.0,0.0,0.0,0.0,0.0,0.0,0.0,0.0,0.0,0.0,0.0,0.0,0.0,0.0,0.0,0.0,0.0,0.0,0.0,0.0,0.0,0.0,0.0,0.0,0.0,0.0,0.0,0.0,0.0,0.0,0.0,0.0,0.0,0.0,0.0,0.0,0.0,0.0,0.0,0.0,0.0,0.0,0.0,0.0,0.0,0.0,0.0,0.0,0.0,0.0,0.0,0.0,0.0,0.0,0.0,0.0,0.0,0.0,0.0,0.0,0.0,0.0,0.0,0.0,0.0,0.0,0.0,0.0,0.0,0.0,11.39,10.23,9.8,4.4,4.4,4.4,4.4,4.4,4.4,4.4,4.4,4.4,4.4,4.4,4.4,4.4,4.4,4.4,4.4,4.4,4.4,4.4,4.4,4.4,4.4,4.4,5.6,7.1,7.1,7.1,7.1,7.1,7.1,7.1,7.1,7.1,7.1,7.1,7.1,7.1,7.1,7.1,7.1,7.1,7.1,10.0,10.0,0.0,0.0,0.0,0.4,0.0,0.0,0.0,0.0,0.0,0.0,0.0,0.4,0.4,0.4,0.4,0.4,0.4,0.4,0.4,0.4,0.4,0.4,0.4,0.4,0.4,0.4,0.4,0.0,0.0,0.0,0.0,0.0,0.0,0.0,0.0
P018,49.5,49.5,49.5,49.5,49.5,49.5,49.5,40.1,40.0,40.0,40.0,38.1,38.1,34.3,34.0,33.44,32.3,21.36,0.3,1.2,6.3,7.83,8.3,8.6,11.0,13.9,13.9,14.2,14.2,14.2,14.5,14.78,14.0,21.55,32.62,47.5,51.5,51.9,52.0,58.2,58.8,59.0,59.6,59.7,60.2,59.1,58.73,42.1,37.07,88.3,91.2,91.2,93.7,93.7,93.7,93.7,94.12,95.86,92.28,91.2,90.0,87.44,85.3,79.5,57.17,48.5,48.5,48.5,48.5,60.9,80.29,84.9,84.9,83.6,87.3,87.3,87.3,87.3,87.5,87.8,87.3,86.7,28.59,56.44,69.0,38.11,37.5,47.4,47.8,47.8,44.0,36.92,36.0,35.3,24.84,22.8,22.8,22.8,25.2,27.6,27.6,27.6,27.78,13.78,7.9,8.0,8.2,8.2,8.2,9.3,9.3,11.9,13.53,33.64,50.63,81.59,86.7,44.15,34.6,34.6,34.6,34.6,22.37,11.6,11.6,11.6,11.6,11.7,11.7,11.7,11.7,11.7,5.6,5.6,5.6,5.6,5.6,5.6,5.6,5.6,6.3,6.3,6.3,7.1,10.0,8.2,7.4,9.51,10.0,10.0,19.45,39.28,54.86,74.16,63.15,7.72,29.6,26.5,25.6,22.22,0.13,10.3,10.3,13.4,14.5,15.4,22.27,11.3,10.46,10.2,10.2,10.2,10.2,4.88,4.5,4.5,4.5,4.5,8.46,4.6,4.8,4.8,4.8,4.8,4.8,6.04,10.6,10.6,10.6,10.6,9.0,8.2,8.2,7.23,7.6,10.2,6.0,6.0,10.45,16.72,25.8,13.7,12.8,12.8,12.8,12.8,12.8,12.8,12.8,13.1,13.1,13.1,13.1,13.1,13.1,12.46,7.1,6.5,6.5,6.5,6.5,6.5,6.5,6.99,7.9,9.0,9.1,28.59,16.3,14.4,14.0,31.24,61.1,36.43,16.2,8.26,18.5,10.02,28.14,37.5,36.95,12.7,65.27,76.7,89.48,93.7,93.7,93.7,93.06,92.7,92.7,91.7,91.4,91.4,91.4,91.4,91.4,68.0,66.7,71.04,64.5,59.54,53.9,53.82,82.15,0.0,100.0,92.9,99.22,93.75,94.0,94.0,94.0,94.0,94.0,94.0,94.0,94.0,94.3,94.3,94.3,94.3,94.3,94.1,94.1,94.13,44.15,53.91,24.35,16.0,14.99,14.0,13.4,56.6,64.37,93.27,96.3,96.3,96.3,96.3,96.0,96.0,96.0,96.0,96.0,96.1,96.1,96.1,96.1,96.1,96.1,96.1,96.1,95.78,93.36,46.56,16.45,2.7,0.0,0.0,4.2,7.4,5.4,5.4,5.4,5.4,4.8,4.8,4.8,4.8,4.8,11.07,11.7,11.7,11.7,11.7,12.2,14.5,16.24,18.4,21.9,21.98,20.96,28.13,70.42,92.1,93.04,98.0,97.8,96.6,96.6,96.6,96.6,96.5,93.4,93.4,93.4,93.7,93.7,93.7,90.7,81.82,69.25,61.6,51.5,51.1,51.1,49.47,14.35,8.0,6.56,6.2,6.2,6.2,6.2,6.2,6.2,6.2,6.2,6.2,6.2,6.2,6.2,6.2,6.2,5.9,5.9,5.9,5.93,6.0,6.0,6.0,6.0,6.0,6.0,6.0,5.62,1.1,5.9,5.9,5.9,5.9,5.9,5.9,5.9,6.5,6.5,6.8,8.6,22.87,21.6,17.4,10.2,9.13,8.6,8.6,8.6,5.07,3.4,6.69,5.6,5.1,5.1,5.1,5.1,5.1,5.1,6.9,6.9,6.9,6.9,6.9,6.9,6.26,6.0,26.67,77.21,94.3,94.4,94.4,94.4,94.4,45.94,16.52,2.38,0.0,5.11,41.48,88.0,93.8,93.8,31.8,44.3,23.38,4.6,4.6,4.0,4.0,4.0,2.8,2.9,2.9,2.9,2.9,2.9,2.9,2.9,2.9,2.9,2.9,2.9,2.9,2.9,3.1,3.1,3.1,7.9,7.9,7.9,7.9,7.9,8.8,8.8,8.8,6.3,6.3,6.3,6.3,6.3,6.0,6.0,6.0,6.2,6.3,6.0,5.27,4.8,4.5,4.5,4.5,4.5,4.5,4.5,4.5,4.5,6.0,6.0,6.0,6.0,6.0,6.0,6.0,6.0,5.9,55.34,37.88,12.01,7.1,6.6,27.51,23.87,13.54,8.6,6.3,6.3,5.6,0.0,0.6,0.6,0.6,7.26,4.44,1.1,2.5,16.46,24.28,42.57,93.63,97.8,97.8,89.7,95.7,96.0,96.1,96.9,96.9,53.02,51.4,49.41,27.41,10.0,4.2,4.2,4.2,4.2,4.2,4.2,4.2,4.2,4.2,4.2,4.2,4.2,4.2,3.2,3.2,3.2,3.2,3.2,3.2,3.2,4.9,3.88,0.0,0.0,7.7,6.8,6.8,6.5,6.5,6.5,6.5,6.2,5.7,5.1,5.1,5.1,5.1,5.1,5.1,1.1,1.2,3.7,3.44,4.88,47.54,84.9,93.4,92.08,83.45,92.3,92.3,92.9,92.9,92.9,87.83,91.0,91.2,58.3,51.88,61.6,75.68,80.76,91.7,92.1,93.17,48.57,26.48,7.7,4.8,4.24,4.0,4.0,4.05,5.6,5.6,5.6,5.6,5.6,5.6,5.6,5.6,5.6,5.6,5.6,5.6,5.6,11.4,12.5,15.23,3.5,3.4,3.4,3.4,3.1,3.1,3.1,3.93,12.39,4.5,4.6,7.28,10.2,10.15,9.0,9.0,9.0,9.0,9.0,9.0,9.0,9.0,7.54,5.1,4.5,4.5,4.5,4.5,4.5,4.5,4.5,4.5,4.5,4.5,5.1,5.1,5.1,5.1,5.1,5.1,5.35,4.8,4.0,4.0,3.1,3.1,3.1,3.1,5.4,15.77,20.84,32.6,37.62,70.41,89.0,95.2,100.0,65.31,52.05,39.28,10.0,8.76,7.4,7.4,9.0,6.8,6.5,7.9,9.06,11.7,11.7,12.8,12.65,12.0,12.5,12.5,12.5,5.7,5.7,5.7,5.7,12.66,8.5,7.7,6.3,3.9,3.4,3.1,1.7,1.9,2.2,2.2,2.8,0.8,2.95,27.8,54.3,81.0,94.9,100.0,100.0,69.57,46.8,44.8,51.7,49.1,49.2,49.2,49.2,49.7,49.7,48.47,38.01,23.63,7.75,2.0,2.37,3.1,7.7,0.0,26.76,49.94,47.2,46.9,46.9,46.9,47.1,47.4,47.4,47.4,47.4,47.42,47.8,48.0,47.19,43.42,51.1,51.1,51.1,51.1,51.1,51.1,50.9,50.5,50.3,50.2,51.7,58.3,74.49,94.8,97.5,98.3,97.7,94.99,93.7,92.9,92.9,92.9,92.9,92.9,92.9,92.6,92.32,86.46,90.65,92.0,91.7,91.7
P019,66.4,65.6,65.29,63.1,69.9,69.9,69.9,69.9,69.9,69.9,69.9,69.9,69.9,69.9,69.9,90.7,87.0,87.0,87.0,87.0,87.0,87.0,87.0,87.0,87.0,87.0,87.0,87.0,87.0,87.0,87.0,87.0,87.0,87.0,87.0,87.0,87.0,87.0,87.0,87.0,87.0,87.0,87.0,87.0,87.0,87.0,87.0,87.0,87.0,87.0,87.0,87.0,87.0,87.0,87.0,87.0,87.0,87.0,87.0,87.0,87.0,87.0,87.0,87.0,87.0,87.0,87.0,87.0,87.0,87.0,87.0,87.0,87.0,87.0,87.19,100.0,100.0,100.0,100.0,100.0,72.4,72.4,72.4,72.4,72.4,72.4,72.4,72.4,72.4,72.4,72.4,72.4,72.4,72.4,72.4,72.4,72.4,72.4,72.4,72.4,72.4,72.4,72.4,72.4,72.4,72.4,72.4,72.4,72.4,72.4,72.4,72.4,72.4,72.4,72.4,72.4,72.4,72.4,72.4,72.4,72.4,72.4,72.4,72.4,72.4,72.4,72.4,72.4,72.4,72.4,68.14,0.0,1.7,0.0,0.0,0.0,0.0,0.0,0.0,0.0,0.0,0.0,0.0,0.0,0.0,0.0,0.0,0.0,0.0,0.0,0.0,0.0,0.0,0.0,0.0,0.0,0.0,0.0,0.0,0.0,0.0,0.0,0.0,0.0,0.0,0.0,0.0,0.0,0.0,0.0,6.55,90.3,90.1,86.4,71.83,41.12,100.0,11.41,71.6,71.6,46.5,39.0,39.0,39.0,39.0,39.0,39.0,39.0,39.0,39.0,39.0,39.0,39.0,39.0,39.0,39.0,39.0,39.0,39.0,39.0,39.0,39.0,39.0,39.0,39.0,39.0,39.0,39.0,39.0,39.0,39.0,39.0,39.0,39.0,39.0,39.0,39.0,39.0,39.0,39.0,39.0,39.0,39.0,39.0,39.0,39.0,39.0,39.0,39.0,39.0,39.0,39.0,39.0,39.0,39.0,39.0,39.0,39.0,39.0,39.0,39.0,39.0,39.0,39.0,39.0,39.0,39.0,39.0,39.0,39.0,39.0,39.0,39.0,39.0,39.0,39.0,39.0,39.0,39.0,39.0,39.0,39.0,39.0,39.0,39.0,39.0,39.0,39.0,39.0,39.0,39.0,39.0,39.0,39.0,39.0,39.0,39.0,39.0,39.0,39.0,39.0,39.0,39.0,39.0,39.0,39.0,39.0,39.0,39.0,39.0,39.0,39.0,86.92,100.0,100.0,100.0,100.0,100.0,100.0,100.0,100.0,100.0,100.0,100.0,100.0,100.0,100.0,100.0,100.0,100.0,100.0,100.0,100.0,100.0,100.0,100.0,100.0,100.0,100.0,100.0,100.0,100.0,100.0,100.0,100.0,100.0,100.0,100.0,100.0,100.0,100.0,100.0,100.0,100.0,100.0,100.0,100.0,100.0,100.0,100.0,100.0,100.0,100.0,100.0,100.0,100.0,100.0,100.0,100.0,100.0,100.0,100.0,100.0,100.0,100.0,100.0,100.0,100.0,100.0,100.0,100.0,100.0,100.0,100.0,100.0,100.0,100.0,100.0,100.0,100.0,100.0,100.0,100.0,100.0,100.0,100.0,100.0,100.0,100.0,100.0,100.0,100.0,100.0,100.0,100.0,100.0,28.8,21.5,27.0,0.23,0.0,0.0,0.0,0.0,0.0,0.0,0.0,0.0,0.0,0.0,0.0,0.0,0.0,0.0,0.0,0.0,0.0,0.0,0.0,0.0,0.0,0.0,0.0,0.0,0.0,0.0,0.0,0.0,0.0,0.0,0.0,0.0,0.0,0.0,0.0,0.0,0.0,0.0,0.0,0.0,0.0,0.0,0.0,0.0,0.0,0.9,0.9,0.9,0.9,0.9,0.9,0.9,0.9,0.9,0.9,0.9,0.9,0.9,0.9,0.9,0.9,0.9,0.9,0.9,0.9,0.9,0.9,0.9,0.9,0.9,0.9,0.9,0.9,0.9,0.9,0.9,0.9,0.9,0.9,0.9,0.9,0.9,0.9,0.9,0.9,0.9,0.9,0.9,0.9,0.9,0.9,0.9,0.9,0.9,0.9,0.9,0.9,0.9,0.9,0.9,0.9,0.9,0.9,0.9,0.9,0.9,0.9,0.9,0.9,0.9,0.9,0.9,0.9,0.9,0.9,0.9,0.9,0.9,0.9,0.9,25.99,24.1,24.1,24.1,24.1,24.1,24.1,24.1,24.1,24.1,24.1,24.1,24.1,24.1,24.1,24.1,24.1,24.1,24.1,24.1,24.1,24.1,24.1,41.7,56.5,57.3,57.3,57.3,57.3,57.3,57.3,57.3,57.3,57.3,57.3,57.3,57.3,57.3,57.3,57.3,57.3,57.3,57.3,57.3,57.3,57.3,57.3,57.3,57.3,57.3,57.3,57.3,57.3,57.3,57.3,57.3,57.3,57.3,57.43,20.8,23.9,79.3,79.3,97.2,97.2,36.3,36.3,36.3,36.3,36.3,36.3,36.3,36.3,36.3,36.3,36.3,36.3,36.3,36.3,36.3,36.3,36.3,36.3,36.3,36.3,36.3,36.3,36.3,36.3,36.3,36.3,36.3,36.3,36.3,36.3,36.3,36.3,36.3,36.3,36.3,36.3,36.3,36.3,36.3,36.3,36.3,36.3,36.3,36.3,36.3,36.3,36.3,36.3,36.3,36.3,36.3,36.3,36.3,36.3,36.3,36.3,36.3,36.3,36.3,36.3,36.3,36.3,36.3,9.67,20.7,31.48,21.1,21.1,21.1,21.1,21.1,21.1,21.1,21.1,21.1,21.1,21.1,21.1,21.1,21.1,21.1,21.1,21.1,21.1,21.1,21.1,21.1,21.1,21.1,21.1,21.1,21.1,21.1,21.1,21.1,21.1,21.1,21.1,21.1,21.1,21.1,21.1,21.1,21.1,21.1,21.1,21.1,21.1,21.1,21.1,21.1,21.1,21.1,21.1,21.1,21.1,21.1,21.1,21.1,21.1,21.1,21.1,21.1,21.1,21.1,21.1,21.1,21.1,21.1,21.1,21.1,21.1,6.8,12.5,12.5,12.5,12.5,12.5,12.5,12.5,12.5,12.5,12.5,12.5,12.5,12.5,28.91,71.5,71.5,71.5,71.5,71.5,71.5,71.5,71.5,71.5,71.5,71.5,71.5,71.5,71.5,71.5,71.5,71.5,71.5,71.5,71.5,71.5,71.5,71.5,71.5,71.5,71.5,71.5,71.5,71.5,71.5,71.5,71.5,71.5,71.5,71.5,71.5,71.5,71.5,71.5,71.5,71.5,71.5,71.5,71.5,71.5,71.5,71.5,71.5,71.5,71.5,71.5,71.5,71.5,71.5,71.5,71.5,71.5,71.5,71.5,71.5,71.5,71.5,71.5,71.5,71.5,71.5,71.5,71.5,71.5,71.5,71.5,71.5,71.5,71.5,71.5,71.5,71.5,71.5,71.5,71.5,71.5,71.5,71.5,71.5,71.5,71.5
P020,75.7,75.7,75.7,75.7,75.7,75.7,75.7,75.7,75.7,75.1,72.96,72.6,72.6,72.0,72.6,72.6,72.6,72.6,72.6,72.6,72.6,72.6,72.6,72.6,72.6,72.6,72.6,72.6,72.6,72.6,72.08,58.07,55.2,55.2,55.2,55.2,55.2,55.2,55.2,55.2,55.2,55.2,55.2,55.2,55.2,57.89,77.4,84.6,84.6,84.6,84.6,84.6,84.6,84.6,84.6,84.6,84.6,84.6,83.8,83.8,83.8,83.6,83.4,83.4,83.4,83.4,81.5,77.4,77.4,77.4,77.4,77.4,77.4,77.4,77.4,77.4,74.5,73.7,73.7,73.7,73.7,73.7,73.7,73.7,73.7,73.7,73.7,77.6,78.8,78.8,78.8,78.8,78.8,78.8,78.8,78.8,78.8,78.8,73.04,64.9,64.7,64.7,64.7,64.7,64.7,64.7,64.7,64.7,64.7,64.7,64.7,64.5,66.4,66.4,66.6,66.6,66.6,66.6,66.6,66.6,66.6,66.6,56.0,51.5,51.5,51.5,51.5,51.5,51.5,51.5,51.5,51.5,51.5,51.5,51.5,51.5,51.5,51.5,51.5,51.5,51.5,51.5,51.5,51.5,51.5,51.5,51.5,51.5,51.5,51.5,51.5,51.5,43.8,42.5,42.5,42.5,42.5,42.5,42.5,42.5,42.5,42.5,42.5,42.5,42.5,42.5,42.5,42.5,41.3,41.3,41.3,39.4,38.6,38.2,38.2,38.2,38.2,38.2,38.2,38.2,38.2,38.2,38.2,38.2,38.2,38.2,38.2,37.8,36.7,36.1,36.1,36.1,36.1,36.1,36.1,36.1,36.1,36.1,36.1,36.1,35.41,44.83,63.7,62.2,65.3,65.3,65.3,65.3,65.3,65.3,65.3,65.3,65.3,65.3,65.3,65.3,65.3,65.3,64.5,64.3,64.3,64.3,72.6,78.8,79.9,81.5,81.5,81.5,81.7,81.7,81.9,77.0,77.0,77.0,77.0,77.0,77.0,77.0,77.0,77.0,76.06,72.8,72.8,73.2,73.2,73.2,73.2,73.2,73.2,73.2,73.2,73.2,73.2,73.2,73.2,73.2,73.4,73.6,73.7,71.4,71.4,72.2,75.3,75.3,75.3,75.3,75.1,69.3,67.6,67.4,67.4,67.4,72.81,66.8,66.8,60.84,44.07,36.7,36.7,36.7,36.7,36.7,36.7,36.7,36.7,36.7,36.7,36.7,36.7,35.9,35.9,35.9,35.9,35.9,36.5,36.7,36.7,36.7,36.7,36.7,36.7,36.7,36.7,36.7,55.16,69.3,73.6,73.9,73.9,74.3,75.65,75.9,75.38,70.8,62.2,52.76,35.5,36.1,32.16,32.8,32.8,32.8,30.02,30.5,30.5,30.5,30.5,30.5,30.5,25.9,25.7,25.1,24.9,24.9,24.94,26.6,26.6,26.8,26.8,26.06,26.91,35.26,47.13,37.3,37.3,37.3,37.8,43.1,42.78,57.3,64.3,61.4,61.4,61.4,61.4,61.4,61.4,61.6,61.6,61.8,61.8,61.8,61.8,61.8,66.6,66.6,67.0,74.7,62.63,51.81,44.83,28.6,29.0,29.3,29.3,16.96,16.8,16.8,16.8,16.8,14.9,9.88,6.8,6.8,6.8,5.2,5.2,5.2,5.2,5.2,5.2,5.2,5.2,5.2,5.2,5.2,5.2,5.6,5.6,5.6,5.6,5.6,5.6,6.0,6.8,5.26,18.7,10.92,6.2,5.6,5.6,5.6,5.6,5.6,5.6,5.6,5.6,5.6,5.13,3.3,6.0,6.0,6.0,6.0,6.0,6.0,6.28,9.8,9.44,9.01,8.77,6.2,6.2,6.2,6.2,5.48,3.58,3.9,3.9,3.9,3.9,3.9,3.9,6.0,6.0,6.0,5.4,5.4,5.4,5.4,5.4,5.6,5.68,5.4,5.6,5.6,5.6,5.16,3.9,4.2,4.6,4.6,4.6,4.6,4.6,4.8,4.8,4.8,4.8,5.6,5.6,8.7,14.9,16.2,16.2,16.2,16.2,16.2,16.2,16.2,13.3,13.1,13.22,7.02,5.4,5.4,5.4,5.4,5.4,5.4,5.4,5.4,5.4,5.4,5.4,5.4,5.4,5.4,5.4,5.4,5.6,5.6,5.6,5.6,5.6,5.6,5.6,5.6,5.6,5.6,5.6,5.6,5.6,5.8,5.8,5.8,6.0,6.0,6.0,6.0,6.0,6.0,6.0,6.0,6.0,6.2,6.2,6.2,6.2,6.2,6.2,6.2,6.2,6.2,6.2,6.2,6.2,6.2,6.4,6.4,6.4,6.13,5.8,6.08,7.9,7.9,5.72,5.2,5.2,5.2,5.2,5.2,5.2,5.2,5.2,5.2,5.2,5.2,5.2,5.2,5.2,5.2,5.2,5.2,5.2,5.2,5.2,5.2,5.2,5.2,5.2,5.2,5.2,5.2,5.2,5.2,5.2,5.2,5.2,5.2,5.2,5.2,5.2,5.2,5.2,5.2,5.2,5.2,5.2,5.2,5.2,5.2,5.2,5.2,5.2,5.2,5.2,5.2,5.2,5.2,5.2,5.2,5.2,5.2,5.2,5.2,5.2,5.2,5.2,5.2,5.2,5.2,5.2,5.2,5.2,5.2,5.2,5.2,5.2,5.2,5.2,5.2,5.2,5.2,5.2,5.2,5.2,5.2,5.2,5.2,5.2,5.2,5.2,5.2,5.2,5.2,5.2,5.2,5.2,5.2,5.2,5.2,5.2,5.2,5.2,5.2,5.2,5.2,5.2,5.2,5.2,5.2,5.2,5.2,5.2,5.2,5.2,5.2,5.2,5.2,5.2,5.2,5.2,5.2,5.2,5.2,5.2,5.2,5.2,5.2,5.2,5.2,5.2,5.2,5.2,5.2,5.2,5.2,5.2,5.2,5.2,5.6,5.8,5.8,5.8,7.42,11.8,11.8,11.8,11.8,15.8,19.7,19.7,20.62,20.7,20.7,20.7,20.7,21.32,23.7,30.06,23.4,21.8,21.8,21.8,21.8,21.8,21.8,21.8,23.0,23.32,24.5,21.8,18.7,19.1,19.1,31.44,70.46,77.4,78.2,87.56,91.91,92.3,92.3,92.3,92.3,92.3,89.0,88.72,88.6,88.6,87.5,88.8,88.8,88.8,88.8,88.8,88.8,88.8,88.8,88.8,88.8,88.8,88.8,88.8,88.8,88.8,88.8,88.8,88.8,88.8,88.8,88.8,88.8,88.8,88.8,88.8,83.76,82.6,80.79,77.78,80.9,80.5,80.5,80.5,80.5,80.5,80.5,80.5,80.5,80.5,80.5,80.94,81.7,81.7,81.7,81.9,81.3,79.12,59.74,57.3,58.1,58.1,58.3,58.3,58.3,58.3,66.36,74.3,76.72,78.4,81.9,81.9,81.7,81.7,81.7,81.7,81.7,81.7,81.7,81.7,81.3,81.3,81.3,81.3,81.3,81.3,81.3
P021,86.8,86.8,86.8,86.8,86.8,86.8,86.8,86.8,86.8,86.8,86.8,86.8,86.8,86.8,86.8,86.8,86.8,86.8,86.8,86.8,86.8,86.8,86.8,86.8,86.8,86.8,86.8,86.8,86.8,86.8,86.8,86.8,86.8,86.8,86.8,86.8,86.8,86.8,86.8,86.8,86.8,86.8,86.8,86.8,86.8,86.8,86.8,86.8,86.8,86.8,86.8,86.8,86.8,86.8,86.8,86.8,86.8,86.8,86.8,86.8,86.8,86.8,86.8,86.8,86.8,86.8,86.8,86.8,86.8,86.8,86.8,86.8,86.8,75.1,75.1,75.1,75.1,75.1,75.1,75.1,75.1,75.1,75.1,75.1,75.1,75.1,75.1,75.1,75.1,75.1,75.1,75.1,75.1,75.1,75.1,75.1,75.1,75.1,43.8,41.0,41.0,41.0,41.0,41.0,41.0,41.0,41.0,41.0,41.0,41.0,41.0,41.0,41.0,41.0,41.0,41.0,41.0,41.0,41.0,41.0,41.0,41.0,41.0,41.0,41.0,41.0,41.0,41.0,41.0,41.0,41.0,41.0,41.0,41.0,41.0,41.0,41.0,41.0,41.0,41.0,41.0,41.0,41.0,41.0,41.0,41.0,41.0,41.0,41.0,41.0,41.0,41.0,41.0,41.0,41.0,41.0,41.0,41.0,41.0,41.0,41.0,41.0,41.0,41.0,41.0,41.0,41.0,41.0,41.0,41.0,41.0,41.0,26.06,18.9,18.9,18.9,18.9,18.9,18.9,18.9,18.9,18.9,18.9,18.9,18.9,18.9,18.9,18.9,18.9,18.9,18.9,18.9,18.9,18.9,18.9,18.9,18.9,18.9,18.9,18.9,18.9,18.9,18.9,18.9,18.9,18.9,18.9,18.9,18.9,18.9,18.9,18.9,19.47,15.67,15.2,15.2,15.2,15.2,15.2,15.2,15.2,15.2,15.2,15.2,15.2,15.2,15.2,15.2,15.2,15.2,15.2,15.2,15.2,15.2,15.2,15.2,15.2,15.2,15.2,15.2,15.2,15.2,15.2,15.2,15.2,15.2,13.9,12.4,12.4,12.4,12.4,12.4,12.4,12.4,12.4,12.4,12.4,12.4,12.4,12.4,12.4,12.4,12.4,12.4,12.4,12.4,12.4,12.4,12.4,12.4,12.4,12.4,12.4,12.4,12.4,12.4,12.4,12.4,12.4,12.4,12.4,12.4,12.4,12.4,12.4,12.4,12.4,12.4,12.4,12.4,12.4,12.4,12.4,12.4,12.4,12.4,12.4,12.4,12.4,12.4,12.4,12.4,12.4,12.4,12.4,12.4,12.4,12.4,12.4,12.4,12.4,12.4,12.4,12.4,12.4,12.4,12.4,12.4,12.4,12.4,12.4,12.4,12.4,12.4,12.4,12.4,12.4,12.4,12.4,12.4,12.4,12.4,12.4,12.4,12.4,12.4,12.4,12.4,12.4,12.4,12.4,12.4,12.4,12.4,12.4,12.4,12.4,12.4,35.72,38.0,38.0,38.0,38.0,38.0,38.0,38.0,38.0,38.0,38.0,38.0,38.0,38.0,38.0,38.0,38.0,38.0,38.0,38.0,38.0,38.0,38.0,38.0,38.0,38.0,38.0,38.0,38.0,38.0,38.0,38.0,38.0,38.0,38.0,38.0,38.0,38.0,38.0,38.0,38.0,38.0,36.15,32.3,32.3,32.3,32.3,32.3,32.3,32.3,24.22,23.4,23.4,23.4,23.4,23.4,23.4,23.4,23.4,23.4,23.4,23.4,23.4,23.4,23.4,23.4,23.4,23.4,23.4,23.4,23.4,23.4,23.4,23.4,23.4,23.4,23.4,23.4,23.4,23.4,23.4,23.4,23.4,23.4,23.4,23.4,23.4,23.4,23.4,23.4,23.4,23.4,23.4,23.4,23.4,23.4,23.4,23.4,23.4,23.4,23.4,23.4,23.4,23.4,23.4,23.4,23.4,23.4,23.4,23.4,23.4,23.4,23.4,23.4,23.4,23.4,23.4,23.4,23.4,23.4,23.4,23.4,23.4,23.4,23.4,23.4,23.4,23.4,23.4,23.4,23.4,23.4,23.4,23.4,23.4,23.4,23.4,23.4,23.4,23.4,23.4,23.4,23.4,23.4,23.4,23.4,23.4,23.4,23.4,23.4,23.4,23.4,23.4,23.4,23.4,23.4,23.4,23.4,23.4,23.4,23.4,23.4,23.4,23.4,23.4,23.4,23.4,23.4,23.4,23.4,23.4,23.4,23.4,23.4,23.4,23.4,23.4,23.4,23.4,23.4,23.4,23.4,23.4,23.4,23.4,23.4,23.4,23.4,23.4,23.4,23.4,23.4,23.4,23.4,23.4,23.4,23.4,23.4,23.4,23.4,23.4,23.4,23.4,23.4,23.4,23.4,23.4,23.4,23.4,23.4,23.4,23.4,23.4,23.4,23.4,23.4,23.4,23.4,23.4,23.4,23.4,23.4,23.4,23.4,23.4,23.4,23.4,23.4,23.4,23.4,23.4,23.4,23.4,23.4,23.4,23.4,23.4,23.4,23.4,23.4,23.4,23.4,23.4,23.4,23.4,23.4,23.4,23.4,23.4,23.4,23.4,23.4,23.4,23.4,23.4,23.4,23.4,23.4,23.4,23.4,23.4,23.4,23.4,23.4,23.4,23.4,23.4,23.4,23.4,23.4,23.4,23.4,23.4,23.4,23.4,23.4,23.4,23.4,23.4,23.4,23.4,23.4,23.4,23.4,23.4,23.4,23.4,23.4,23.4,23.4,23.4,23.4,23.4,23.4,23.4,23.4,23.4,23.4,23.4,23.4,23.4,23.4,23.4,23.4,23.4,23.4,23.4,23.4,23.4,23.4,23.4,23.4,23.4,23.4,23.4,23.4,23.4,23.4,23.4,23.4,23.4,23.4,23.4,23.4,23.4,23.4,23.4,23.4,23.4,23.4,23.4,23.4,23.4,23.4,23.4,23.4,23.4,23.4,23.4,23.4,23.4,23.4,23.4,23.4,23.4,23.4,23.4,23.4,23.4,23.4,23.4,23.4,23.4,23.4,23.4,23.4,23.4,23.4,23.4,23.4,23.4,23.4,23.4,23.4,23.4,23.4,23.4,23.4,23.4,23.4,23.4,23.4,23.4,23.4,23.4,23.4,23.4,24.21,27.91,31.08,34.78,38.8,38.8,38.8,38.8,38.8,38.8,38.8,38.8,38.8,38.8,38.8,38.8,38.8,38.8,38.8,38.8,38.8,38.8,38.8,38.8,38.8,38.8,38.8,38.8,38.8,38.8,38.8,38.8,38.8,38.8,38.8,38.8,38.8,38.8,38.8,38.8,38.8,38.8,38.8,38.8,38.8,38.8,38.8,44.09,61.41,64.2,64.2,64.2,64.2,64.2,64.2,64.2,64.2,64.2,64.2,64.2,64.2,64.2,64.2,64.2,64.2,64.2,64.2,64.2,64.2,64.2,64.2,64.2,64.2,64.2,64.2,64.2,64.2,64.2,64.2,64.2,64.2,64.2,64.2
P022,64.4,64.4,64.4,64.4,64.4,64.4,64.4,64.4,64.4,64.4,64.4,64.4,64.4,64.4,64.4,64.4,64.4,64.4,64.4,64.4,64.4,64.4,64.4,64.4,64.4,64.4,64.4,64.4,64.4,64.4,64.4,64.4,64.4,64.4,64.4,64.4,64.4,64.4,64.4,64.4,64.4,64.4,64.4,64.4,64.4,64.4,64.4,64.4,64.4,64.4,64.4,64.4,64.4,64.2,65.2,65.2,65.2,65.2,66.2,66.87,67.0,67.0,67.0,67.0,67.0,67.0,67.0,67.0,67.0,67.0,67.0,69.2,73.5,73.5,73.5,73.5,73.5,73.5,73.5,73.5,73.5,73.5,73.5,73.5,73.5,73.5,73.5,73.5,73.5,73.6,73.8,73.8,73.8,73.8,73.8,73.8,73.8,73.8,73.8,73.8,73.8,73.8,73.8,73.8,73.8,73.8,73.8,73.8,73.8,73.8,73.8,73.8,73.8,73.8,73.8,73.8,73.8,73.8,74.1,74.1,74.1,74.1,74.1,74.1,74.1,74.1,74.1,74.1,69.63,62.6,62.6,62.6,62.6,62.6,62.6,62.6,62.6,62.6,62.6,62.6,62.6,62.6,62.6,62.6,62.6,62.6,62.6,62.6,62.5,62.7,62.7,62.7,62.7,62.7,62.7,62.7,62.7,62.7,62.7,62.7,62.7,62.7,62.7,62.7,62.7,62.7,62.67,62.6,62.6,62.6,62.6,62.6,62.6,62.6,62.6,62.6,62.6,62.6,62.5,63.2,63.2,63.2,63.2,63.2,63.2,63.2,63.2,63.2,63.2,63.2,63.2,62.8,62.6,62.6,62.6,62.6,62.6,62.6,62.6,62.6,62.6,62.6,62.6,62.6,62.6,62.6,62.8,63.0,63.0,63.0,63.0,63.0,63.0,63.0,63.0,63.0,63.0,63.5,63.5,63.5,63.5,63.5,63.5,63.5,63.5,63.5,63.5,63.5,63.5,63.5,63.5,63.5,63.5,63.5,63.5,63.5,63.5,63.5,63.5,63.5,63.5,63.5,63.5,63.5,63.5,63.5,63.5,63.5,63.5,63.5,63.5,63.5,63.5,63.5,63.5,63.5,63.5,63.5,63.5,63.5,63.5,63.1,63.8,63.8,63.8,63.8,63.8,63.8,63.8,63.8,64.63,64.8,65.2,64.5,65.2,65.2,65.2,65.2,58.86,58.7,58.7,58.7,58.7,58.7,58.7,58.7,58.7,58.7,58.7,58.7,58.7,60.1,68.64,69.0,69.0,69.83,72.0,72.0,72.0,72.0,72.0,72.0,72.0,72.0,72.0,72.0,72.0,72.0,72.0,72.0,73.4,73.4,73.4,73.4,73.4,73.4,77.07,78.4,78.4,78.4,78.9,78.9,81.67,83.4,83.4,77.83,75.2,75.2,75.2,75.2,75.2,74.94,62.0,62.0,62.0,62.0,62.3,63.2,63.7,63.9,63.9,63.9,63.9,63.9,63.9,63.9,63.7,63.7,63.7,63.8,63.8,63.8,63.8,63.8,63.8,63.8,63.8,63.8,63.8,72.23,72.7,72.7,72.7,72.7,72.7,72.7,72.7,72.7,73.03,74.4,75.6,75.7,73.93,70.9,68.2,66.6,66.6,66.6,66.6,66.6,66.6,66.6,66.6,66.77,66.8,66.8,66.7,57.5,57.1,57.1,57.1,57.1,57.1,57.1,57.1,57.1,52.82,46.1,44.1,44.1,44.1,44.2,44.2,44.2,44.2,44.2,44.2,46.5,46.5,47.87,50.3,50.3,44.53,42.1,42.1,41.27,40.6,39.6,39.6,33.8,33.8,33.8,31.8,31.8,31.8,31.8,33.3,35.6,36.6,36.6,36.6,36.6,36.6,36.6,36.6,36.6,34.5,34.5,34.5,34.5,39.2,42.4,42.4,42.4,42.43,42.5,42.5,42.5,42.09,31.16,27.37,23.8,23.8,23.8,24.03,24.5,24.7,24.7,24.7,24.7,24.7,24.7,28.47,31.75,37.27,39.64,39.7,41.73,46.57,49.2,49.2,49.2,49.2,49.2,49.2,49.5,49.7,49.7,49.8,49.8,49.8,49.8,49.8,49.8,49.8,49.8,49.8,49.8,48.67,43.9,43.9,43.9,43.9,43.9,43.9,43.9,43.9,42.6,42.4,42.2,41.7,40.7,39.2,39.2,39.2,39.2,39.2,39.2,39.2,39.2,39.2,39.2,39.2,39.2,39.2,39.2,39.2,39.5,40.2,40.2,40.2,40.2,40.2,39.87,39.7,39.5,39.4,39.4,39.4,39.4,39.4,38.4,38.3,38.3,38.3,37.6,37.5,37.8,37.8,37.8,36.4,34.77,33.8,33.8,31.56,31.6,32.5,32.9,33.0,33.0,33.0,33.1,33.3,33.3,33.7,33.7,34.0,32.3,32.3,34.17,36.1,36.9,37.3,36.8,36.8,36.8,36.9,36.9,36.9,36.9,36.9,36.9,36.9,40.2,38.16,33.87,31.4,29.5,28.7,22.76,17.4,17.4,17.4,17.4,17.4,17.4,17.4,17.4,17.4,17.4,16.8,19.77,20.6,20.6,20.6,20.6,22.87,24.43,25.1,25.17,27.3,28.2,28.2,28.8,30.0,30.0,30.0,30.0,30.0,31.0,31.0,34.17,34.8,34.8,34.8,34.8,34.8,34.8,34.8,34.6,34.5,34.5,34.36,28.76,20.56,13.4,12.43,9.1,5.56,0.0,0.0,0.0,0.0,0.0,0.0,0.0,0.0,0.0,0.0,0.0,0.0,0.0,0.0,0.0,0.0,0.0,0.0,0.0,0.0,0.0,0.0,0.0,0.0,2.5,2.5,3.5,3.5,3.5,3.5,3.5,3.5,10.27,14.53,14.6,15.9,15.9,15.9,19.27,21.8,22.33,24.5,24.5,26.4,26.4,26.4,27.7,26.6,26.97,29.5,30.1,28.9,28.4,28.1,28.1,28.1,28.8,30.0,30.0,31.7,31.7,32.1,32.41,38.33,41.3,41.3,44.2,44.2,44.2,45.57,47.8,49.8,50.5,50.5,50.63,50.7,50.7,50.7,50.7,50.3,50.3,50.3,50.3,50.3,50.3,50.3,50.3,50.3,50.3,50.3,50.3,50.3,50.3,50.3,50.3,50.3,50.3,50.3,50.3,50.3,50.3,50.27,50.2,50.2,50.2,50.1,50.1,50.0,50.0,50.0,50.0,50.0,50.0,50.0,50.0,50.0,50.0,50.0,50.0,50.0,50.0,50.0,50.0,50.0,50.0,50.0,50.0,50.6,50.6,50.6,50.6,50.6,50.6,50.93,51.0,51.0,51.0,51.0,51.0,51.0,51.0,51.0,51.0,51.0,51.0,51.0,51.0,51.0,51.0,51.0,51.0,51.0,51.0,51.0,51.0,51.0,51.0,51.0,51.0,51.0,51.0,51.0,51.0,51.0,51.2,51.2,51.2,51.2,51.2,51.2,51.2,51.2,51.2,51.2,51.2,51.2,51.2,50.1,49.2
P023,50.3,49.7,49.7,49.7,49.7,49.7,49.4,49.4,49.4,49.4,49.5,49.5,50.5,50.5,50.5,50.5,50.5,50.5,50.5,50.5,50.5,49.63,48.4,48.4,61.3,47.11,56.66,46.8,46.2,49.4,49.4,49.4,49.4,49.4,49.4,49.4,49.4,49.4,45.4,49.2,49.2,49.2,51.1,51.1,51.4,51.4,51.4,51.4,51.4,51.4,51.4,51.4,51.4,51.4,49.4,48.4,47.5,47.5,48.6,50.2,50.5,50.0,49.7,49.7,49.7,49.7,49.7,49.7,49.7,49.7,49.4,49.4,51.84,51.6,51.6,51.6,51.6,51.6,51.6,51.6,51.6,51.6,51.6,51.6,51.6,52.0,52.7,52.7,52.7,52.7,52.7,52.7,52.7,52.7,52.7,52.7,52.7,52.7,52.7,52.7,52.7,52.7,52.7,52.7,52.7,52.7,52.7,52.7,52.7,52.7,52.7,51.6,51.6,51.6,50.6,50.3,50.3,52.8,50.3,49.22,31.3,31.7,33.7,33.7,33.7,33.7,33.7,33.7,33.7,22.9,22.4,22.4,22.4,20.8,20.5,20.5,20.5,20.5,20.5,20.5,20.5,17.9,18.3,17.9,15.7,15.7,14.4,16.2,16.2,16.2,16.2,16.2,23.8,23.8,24.4,24.4,24.4,24.4,24.4,24.4,24.4,24.3,24.3,24.3,24.3,24.3,24.3,24.3,24.3,24.3,25.7,25.7,25.7,25.7,25.7,25.7,25.7,25.7,25.7,25.7,25.7,25.7,25.7,25.7,25.7,25.7,25.97,25.6,25.6,25.6,25.6,25.6,25.2,28.61,39.7,39.7,40.2,37.6,40.9,31.4,31.4,31.4,31.4,31.4,31.4,27.84,21.1,26.0,26.0,26.0,26.0,26.0,26.0,26.0,26.0,26.0,26.0,26.0,26.0,26.0,26.0,33.4,38.1,66.5,66.2,66.2,65.9,66.0,66.0,66.0,66.0,66.0,66.0,66.0,66.0,66.0,66.0,66.0,66.0,66.0,66.0,66.0,66.0,66.0,66.0,66.0,66.0,36.46,29.4,30.8,30.8,55.39,73.84,74.8,74.4,74.4,74.4,74.4,74.4,74.4,74.4,74.4,74.4,73.8,73.8,73.8,73.8,73.8,73.8,73.8,39.29,22.4,24.4,24.4,24.0,23.7,23.7,23.7,23.7,23.7,23.7,23.7,23.7,23.7,23.7,23.7,23.7,23.7,23.8,24.8,24.8,24.8,28.83,28.6,28.6,28.6,28.6,48.84,66.0,76.73,74.1,71.6,69.4,69.4,69.4,69.4,69.4,69.4,69.4,69.4,69.4,69.4,69.4,69.4,69.4,69.4,64.9,42.5,30.3,30.3,23.3,23.3,23.3,23.3,23.3,23.3,23.3,23.3,23.3,23.3,23.3,23.3,23.3,23.3,23.8,23.8,23.8,23.8,23.8,42.77,38.6,27.8,60.5,68.1,64.8,64.0,64.0,63.3,63.3,63.3,63.3,63.3,63.3,63.3,63.3,63.3,63.3,63.3,63.3,63.3,63.3,63.3,63.3,62.1,61.7,59.8,59.8,34.66,24.6,22.7,22.7,22.7,22.7,22.7,22.7,22.7,26.3,26.2,26.2,26.2,26.2,26.2,26.2,26.2,26.2,26.2,26.2,26.2,26.2,26.2,26.2,26.2,26.2,26.2,26.2,26.2,26.2,26.2,26.2,26.2,26.2,26.2,27.9,29.5,29.8,29.8,29.8,29.8,29.8,29.8,29.8,29.8,29.8,29.8,29.8,29.8,29.8,29.8,29.8,29.8,29.8,29.8,29.8,29.8,29.8,29.8,29.8,29.8,29.8,29.8,29.8,29.8,29.8,29.8,29.8,29.8,29.8,29.8,29.8,29.8,29.8,29.8,29.8,29.8,29.8,29.8,29.8,29.8,29.8,29.8,29.8,29.8,29.8,29.8,29.8,29.8,29.8,29.8,29.8,29.8,29.8,29.8,29.8,29.8,29.8,29.8,55.85,64.4,71.7,71.7,71.7,71.7,71.0,70.6,70.6,73.3,73.3,73.3,73.3,73.3,73.3,73.3,73.3,8.53,24.0,24.1,24.1,24.1,24.1,24.1,25.51,26.0,26.0,26.0,26.0,26.0,26.0,26.0,55.71,73.0,73.0,40.39,21.4,22.9,22.9,22.9,22.9,22.9,22.9,22.9,22.9,22.9,22.9,22.9,22.9,22.9,22.9,22.9,22.9,22.9,22.9,22.9,22.9,22.9,22.9,22.9,22.9,22.9,22.9,22.9,23.3,24.1,24.1,29.8,29.8,29.8,29.8,29.8,29.8,29.8,29.8,29.8,29.8,29.8,29.8,35.31,55.2,72.1,72.1,72.1,49.6,49.4,30.0,20.05,17.1,17.1,23.5,23.5,23.5,23.5,23.5,23.5,23.5,23.5,23.8,29.2,29.2,29.2,29.2,29.2,29.2,29.2,29.2,29.2,29.2,29.2,29.2,29.2,30.5,30.5,30.5,30.8,30.8,30.8,30.8,30.8,30.8,30.8,30.8,30.8,30.8,60.36,66.3,36.7,30.3,30.3,30.3,30.3,30.3,30.3,43.2,67.3,77.5,77.8,77.8,77.8,77.8,77.8,77.8,77.8,77.8,77.8,77.8,77.8,35.1,21.7,25.4,25.7,25.7,25.7,26.3,29.8,29.8,29.8,29.8,29.8,30.2,30.2,30.2,30.2,30.2,30.2,30.2,30.2,30.2,30.2,30.2,30.2,30.2,30.2,30.2,30.2,30.2,30.2,30.2,30.2,30.2,30.2,30.2,30.2,73.3,73.3,73.3,73.3,33.12,29.8,31.1,31.1,66.04,73.3,73.3,73.3,73.3,73.3,73.3,73.3,73.3,73.3,73.3,73.3,73.3,73.3,76.5,76.5,76.5,76.5,76.5,76.5,76.5,76.5,76.5,76.5,43.88,28.9,28.7,28.7,28.77,29.5,44.27,69.5,69.5,69.5,69.5,69.5,69.5,69.5,69.5,69.5,69.5,69.5,69.5,69.5,69.5,69.5,69.5,69.5,69.5,69.5,69.5,69.5,69.5,69.5,69.5,69.5,69.5,69.5,69.5,71.28,35.7,35.7,35.7,35.87,64.0,76.2,74.66,72.76,71.9,71.9,71.9,71.9,71.9,71.9,71.9,71.9,71.9,71.9,71.9,71.9,71.9,71.9,71.9,71.9,71.9,55.1,74.0,74.0,74.0,74.0,74.0,74.0,74.0,74.0,74.0,74.0,74.0,74.0,74.0,74.0,74.0,74.0,74.0,74.0,74.0,74.0,74.0,74.0,74.0,74.0,74.0,74.0,74.0,74.0,74.0,74.0,74.0,74.0,74.0,55.25,22.64,23.2,25.8,27.6,27.6,27.9,27.9,44.59,68.9,68.9,68.9,68.9,68.9,68.9,68.9,68.9,68.9,68.9,68.9,68.9,68.9,68.9,68.9,68.9,67.99,72.1,72.1,72.1,72.1,72.1
P024,76.2,76.2,76.2,76.2,76.2,76.2,76.2,76.2,76.2,76.2,76.2,76.2,76.2,76.2,76.2,76.2,76.2,76.2,76.2,76.2,76.2,76.2,76.2,76.2,76.2,76.2,76.2,76.2,76.2,76.2,73.37,70.4,70.4,70.4,70.4,70.4,70.4,70.4,70.4,70.4,70.4,70.4,70.4,70.4,70.4,70.4,70.4,70.4,70.4,70.4,70.4,70.4,70.4,70.4,70.4,70.4,70.4,70.21,71.0,71.0,71.0,71.0,71.0,71.0,71.0,71.0,71.0,71.0,71.0,71.0,71.0,71.0,71.0,71.0,71.0,71.0,71.0,71.0,71.0,71.0,71.0,71.0,71.0,71.0,71.0,71.0,71.0,71.0,69.7,68.7,71.3,71.3,71.3,71.3,71.3,70.8,78.2,72.6,72.6,72.6,72.6,72.6,72.6,72.6,72.6,72.6,72.6,72.6,72.6,72.6,72.6,72.6,72.6,72.6,72.6,72.6,72.6,72.6,72.6,72.6,72.6,72.6,72.6,72.6,72.6,72.6,72.6,72.6,72.6,72.6,72.6,72.6,72.6,72.6,72.6,72.6,72.6,72.6,72.6,72.6,72.6,72.6,72.6,72.6,72.6,72.6,72.6,72.6,72.6,72.6,72.6,72.6,72.6,72.6,72.6,72.6,72.6,72.6,72.6,72.6,72.6,72.6,72.6,72.6,72.6,68.5,60.4,60.4,53.7,53.7,53.7,53.7,53.7,53.5,53.0,47.4,40.0,37.2,37.33,42.6,42.6,42.6,42.6,42.6,42.6,42.6,42.6,42.6,42.6,42.6,42.6,42.6,42.6,42.6,42.6,42.6,42.6,42.6,42.6,42.6,42.6,42.6,42.6,42.6,42.6,42.6,42.6,42.6,42.6,42.6,42.6,42.6,42.6,42.6,42.6,42.6,42.6,42.6,42.6,42.6,42.6,42.6,38.9,38.9,38.9,38.9,38.9,38.9,38.9,38.9,38.9,38.9,38.9,38.9,38.9,38.9,38.9,38.9,38.9,38.9,38.9,38.9,38.9,38.9,38.9,38.9,38.9,38.9,38.9,38.9,38.9,38.9,38.9,38.9,38.9,38.9,38.9,38.9,38.9,38.9,38.9,38.9,38.9,38.9,38.9,38.9,38.9,38.9,38.9,38.9,38.9,38.9,38.9,38.9,38.9,38.9,38.9,35.7,36.1,36.1,36.1,36.1,33.1,33.1,33.1,33.1,33.1,33.1,33.1,33.1,33.1,33.1,33.1,33.1,33.1,33.1,33.1,33.1,33.1,33.1,33.1,33.1,33.1,33.1,33.1,33.1,33.1,33.1,33.1,33.1,33.1,33.1,33.1,33.1,33.1,33.1,33.1,33.1,32.6,26.62,23.1,23.3,21.78,17.0,17.0,17.0,17.0,17.0,17.0,17.0,17.0,17.0,17.0,17.0,17.0,17.0,17.0,17.0,17.0,17.0,17.0,17.2,17.2,17.27,25.7,25.7,25.7,25.7,25.7,25.7,25.7,25.7,25.7,25.7,25.7,25.7,25.7,25.7,25.7,25.7,25.7,25.7,25.7,25.7,25.7,25.7,25.7,25.7,25.7,25.7,25.7,25.7,25.7,25.7,25.7,25.7,25.7,25.7,25.7,25.7,25.7,25.7,25.7,25.7,25.7,25.7,25.7,25.7,25.7,25.7,25.7,25.7,25.7,25.7,25.7,25.7,25.7,25.7,25.7,25.7,25.7,25.7,25.7,25.63,15.44,15.1,15.1,15.1,15.1,15.1,15.1,15.1,15.1,15.1,15.1,15.1,15.1,15.1,15.1,15.1,15.1,15.1,15.1,15.1,15.1,15.1,15.1,15.1,15.1,15.1,15.1,15.1,30.0,3.41,11.4,11.4,11.4,11.4,11.4,11.4,11.4,11.4,11.4,11.4,11.4,11.4,11.4,11.4,11.4,11.4,11.4,11.4,11.4,11.4,11.4,11.4,11.4,11.4,11.4,11.4,11.4,11.4,11.4,11.4,12.3,12.5,12.5,12.5,12.3,12.5,12.5,12.5,12.5,12.5,12.5,12.5,12.5,12.5,12.5,12.5,12.5,12.5,12.5,12.5,12.5,12.5,12.5,12.5,12.5,12.5,12.5,12.5,12.5,12.5,12.5,12.5,12.5,12.5,12.5,12.5,12.5,12.5,12.5,12.5,12.5,12.5,12.5,12.5,12.5,12.5,12.5,12.5,12.5,12.5,12.5,12.5,12.5,12.5,12.5,12.5,12.5,12.5,12.5,12.5,12.5,12.5,12.5,12.5,14.0,12.9,9.2,9.2,9.2,9.2,9.2,9.2,9.2,9.2,9.2,9.2,9.2,9.2,9.2,9.2,9.2,9.2,9.2,9.2,9.2,9.2,10.5,10.7,10.7,10.7,10.7,10.7,10.7,10.7,10.7,10.7,10.7,10.7,10.7,10.7,10.7,10.7,10.7,10.7,10.7,10.7,10.7,10.7,10.7,10.7,10.7,10.7,10.7,10.7,10.7,10.7,10.7,10.7,10.7,10.7,10.7,10.7,10.7,10.7,10.7,12.5,12.5,12.5,12.5,12.5,12.5,12.5,12.5,12.5,12.5,12.5,12.5,12.5,12.5,12.5,12.5,12.5,12.5,12.5,12.5,12.5,12.5,12.5,12.5,12.5,12.5,12.5,12.5,12.5,12.5,12.5,12.5,12.5,12.5,12.5,16.2,16.2,16.2,16.2,16.2,16.2,16.2,16.2,16.2,16.2,16.2,16.2,16.2,15.9,15.9,15.9,15.9,15.9,15.9,15.9,15.9,15.9,15.9,15.9,15.9,15.9,15.9,15.9,15.9,15.9,15.9,15.9,15.9,15.9,15.9,15.9,14.94,12.6,13.3,16.2,16.2,16.2,16.2,16.2,16.2,16.2,16.2,16.2,16.2,16.2,16.2,16.2,16.2,16.2,16.2,16.2,16.2,16.2,16.2,16.2,16.2,16.2,16.2,16.2,16.2,16.2,16.2,17.0,17.7,18.1,18.1,18.1,18.1,18.1,18.1,18.1,18.1,27.7,27.7,27.7,27.7,27.7,27.7,27.7,27.7,27.7,27.7,36.1,36.8,36.8,36.8,36.8,36.8,36.8,36.8,36.8,36.8,36.8,36.8,36.8,36.8,36.8,36.8,36.8,39.6,43.9,43.9,43.9,43.9,43.9,43.9,43.9,43.9,43.9,43.9,43.9,43.9,43.9,43.9,43.9,43.9,43.9,43.9,43.9,43.9,43.9,43.9,43.9,43.9,43.9,43.9,43.9,43.9,43.9,43.9,43.9,43.9,43.9,43.9,43.9,43.9,43.9,43.9,43.9,43.9,43.9,43.9,43.9,43.9,43.9,43.9,43.9,43.9,43.9,43.9,43.9,47.43,47.6,47.6,47.6,47.6,47.6,47.6,47.6,47.6,47.6,47.6,47.6,47.6,47.6,47.6,47.6,47.6,47.6,56.3,61.89,61.9,61.9,61.9,61.9,61.9,61.9,61.9,61.9
P025,29.3,29.3,29.3,29.3,29.3,29.3,29.3,29.3,29.3,29.3,29.3,29.3,29.3,65.1,65.1,65.1,65.1,65.1,29.3,29.3,29.3,29.3,29.3,29.3,29.3,29.3,29.3,29.3,29.3,29.3,29.3,29.3,29.3,29.3,29.3,29.3,29.3,29.3,29.3,34.5,29.5,28.9,28.9,28.9,28.9,28.9,28.9,28.9,28.9,28.9,28.9,28.9,28.9,28.9,28.9,46.84,33.7,33.6,33.6,33.6,33.6,33.43,33.8,33.8,33.8,33.8,33.8,33.8,33.8,33.8,33.8,33.8,33.8,33.8,33.8,33.8,33.8,33.8,33.8,33.8,33.8,33.8,39.7,39.7,39.7,39.7,39.7,39.9,64.6,64.6,64.6,64.6,46.2,41.23,38.8,38.8,38.8,38.8,38.8,38.8,38.8,38.8,38.8,38.8,38.8,38.8,38.8,38.8,38.8,38.8,38.8,38.8,38.8,38.8,38.8,38.8,38.8,38.8,56.2,63.3,63.3,63.3,63.3,63.3,63.3,63.3,63.3,38.0,38.0,38.0,38.0,38.0,38.0,38.0,38.0,38.0,38.0,38.0,38.0,38.0,38.0,38.0,38.0,38.0,38.0,28.63,28.6,28.6,28.6,28.6,28.6,28.6,28.6,28.6,28.6,28.6,28.6,28.6,28.6,28.6,28.6,28.6,28.6,28.6,28.6,28.6,28.6,28.6,28.6,29.7,29.7,29.7,29.7,29.7,29.7,29.7,29.7,29.7,29.7,29.7,29.7,29.7,29.7,29.7,29.7,29.7,29.7,29.7,29.7,29.7,29.7,29.7,29.7,29.7,29.7,29.7,29.7,29.7,29.7,29.7,29.7,29.7,29.7,29.7,29.7,29.7,29.7,29.7,29.7,29.7,29.7,29.7,29.7,29.7,29.7,29.7,29.7,29.7,29.7,29.7,29.7,29.7,29.7,29.7,29.7,29.7,29.7,29.7,29.7,29.7,29.7,29.7,29.7,29.7,29.7,29.7,29.7,29.7,29.7,29.7,29.7,29.7,29.7,29.7,29.7,29.7,29.7,29.7,56.84,71.1,71.1,71.1,71.1,71.1,71.1,71.1,71.1,71.1,71.1,71.1,71.1,71.1,71.1,71.1,71.1,71.1,71.1,71.1,71.1,71.1,71.1,38.34,33.4,33.4,33.4,33.4,33.4,33.4,33.4,33.4,33.4,33.4,33.4,33.4,33.4,33.4,33.4,33.4,33.4,33.4,33.4,33.4,33.4,33.4,33.4,33.4,33.4,33.4,33.4,33.4,33.4,33.4,33.4,33.4,33.4,33.4,33.4,33.4,33.4,33.4,33.4,33.4,33.4,33.4,33.4,33.4,33.4,33.4,33.4,33.4,33.4,33.4,33.4,33.4,33.4,33.4,33.4,33.4,33.4,33.4,33.4,33.4,33.4,33.4,33.4,33.4,33.4,33.4,33.4,33.4,33.4,33.4,33.4,33.4,33.4,33.4,33.4,33.4,33.4,33.4,33.4,33.4,33.4,33.4,33.4,33.4,33.4,33.4,33.4,33.4,33.4,33.4,33.4,33.4,33.4,33.4,33.4,33.4,33.4,33.4,33.4,33.4,33.4,33.4,33.4,33.4,33.4,33.4,33.4,33.4,33.4,33.4,33.4,33.4,33.4,33.4,33.4,33.4,33.4,33.4,33.4,33.4,33.4,33.4,33.4,33.4,33.4,33.4,33.4,33.4,33.4,33.4,33.4,33.4,33.4,33.4,33.4,33.4,33.4,33.4,33.4,33.4,33.4,33.4,33.4,33.4,33.4,33.4,33.4,33.4,33.4,33.4,33.4,33.4,33.4,33.4,33.4,33.4,33.4,33.4,33.4,33.4,33.4,33.4,33.4,33.4,33.4,33.4,33.4,33.4,33.4,33.4,33.4,33.4,33.4,33.4,33.4,33.4,33.4,33.4,33.4,33.4,33.4,33.4,33.4,33.4,33.4,33.4,33.4,33.4,33.4,33.4,33.4,33.4,33.4,33.4,33.4,33.4,33.4,33.4,33.4,33.4,33.4,33.4,33.4,33.4,33.4,33.4,33.4,33.4,33.4,33.4,33.4,33.4,30.58,26.2,26.2,26.2,26.2,26.2,26.2,26.2,26.2,26.2,26.2,26.2,26.2,26.2,26.2,26.2,26.2,26.2,26.2,26.2,26.2,26.2,26.2,26.2,26.2,26.2,26.2,26.2,29.21,29.3,29.3,29.3,29.3,29.3,29.3,28.4,29.1,25.6,25.6,25.6,40.3,24.1,24.1,24.1,24.1,24.1,24.1,24.1,24.1,24.1,24.1,24.1,24.1,24.1,24.1,24.1,24.1,24.1,24.1,24.1,24.1,24.1,24.1,24.1,24.1,24.1,24.1,24.1,24.1,24.1,24.1,24.1,24.1,27.41,24.9,24.9,24.9,24.9,24.9,24.9,24.9,24.9,24.9,24.9,24.9,24.9,24.9,24.9,24.9,24.9,24.9,24.9,24.9,24.9,24.9,24.9,24.9,26.7,28.6,28.6,28.6,28.6,28.6,28.6,28.6,70.5,70.5,70.5,70.5,70.5,70.5,70.5,70.5,70.5,70.5,70.5,70.5,70.5,70.5,70.5,70.5,70.5,70.5,70.5,70.5,70.5,70.5,70.5,70.5,70.5,70.5,70.5,70.5,70.5,70.5,70.5,70.5,70.5,70.5,70.5,70.5,70.5,70.5,70.5,70.5,70.5,70.5,70.5,70.5,70.5,70.5,70.5,70.5,70.5,70.5,70.5,70.5,70.5,70.5,70.5,70.5,70.5,70.5,70.5,70.5,70.5,70.5,70.5,70.5,70.5,70.5,70.5,70.5,70.5,70.5,70.5,70.5,70.5,70.5,70.5,70.5,70.5,70.5,70.5,70.5,70.5,70.5,70.5,70.5,70.5,70.5,70.5,70.5,70.5,70.5,70.5,70.5,70.5,68.39,65.44,62.49,59.54,56.59,53.64,50.69,47.73,44.78,41.83,38.88,35.93,32.98,30.03,28.4,28.4,33.0,33.0,33.0,33.0,33.0,33.0,33.0,33.0,33.0,40.3,40.3,40.3,40.3,40.3,40.3,40.3,40.3,40.3,40.3,40.3,40.3,40.3,40.3,40.3,40.3,40.3,40.3,40.3,40.3,40.3,40.3,40.3,40.3,40.3,40.3,40.3,40.3,40.3,40.3,40.3,40.3,40.3,40.3,40.3,60.66,66.4,69.4,69.4,69.4,69.4,69.4,69.4,69.4,69.4,69.4,69.4,69.4,69.4,69.4,69.4,69.4,69.4,69.4,69.4,69.4,69.4,69.4,69.4,69.4,69.4,69.4,69.4,69.4,69.4,69.4,69.4,69.4,69.4,69.4,69.4,69.4,69.4,69.4,69.4,69.4,69.4,69.4,69.4,69.4,69.4,69.4,69.4,69.4,69.4,69.4,69.4,69.4,69.4,69.4,69.4,69.4,69.4,69.4,69.4,69.4,69.4,69.4,69.4,69.4,69.4
P026,50.6,50.6,49.4,48.9,48.1,48.0,48.1,48.8,59.1,61.3,58.3,58.2,58.2,58.6,61.7,61.3,61.3,61.3,61.3,61.3,61.3,61.3,61.3,61.3,61.6,61.6,61.6,61.6,61.6,61.6,61.6,61.6,61.6,61.6,61.6,61.42,52.9,45.5,50.9,52.5,52.5,52.5,52.5,52.5,52.5,52.5,52.9,52.9,52.9,52.9,52.9,52.9,52.9,52.9,52.9,52.9,52.9,52.9,49.2,49.4,49.4,49.4,49.4,49.4,49.4,49.4,49.4,49.4,49.4,49.4,49.4,49.4,49.4,49.4,49.4,49.4,49.4,49.4,51.2,52.8,52.9,52.9,52.9,52.9,52.9,52.9,52.5,52.5,52.5,52.3,52.3,52.3,52.3,56.8,54.9,55.1,55.1,55.2,55.2,55.2,55.2,55.2,55.2,54.6,54.6,54.6,54.6,54.6,54.6,54.2,54.2,53.9,53.9,53.9,53.9,54.0,50.19,47.8,47.8,47.8,47.8,47.8,47.8,53.5,53.5,53.5,53.7,53.7,54.2,54.2,54.2,54.0,53.5,50.2,50.2,50.3,50.9,50.9,50.9,50.9,50.9,50.9,50.9,50.9,50.9,50.9,50.9,50.9,50.9,50.9,50.9,50.9,50.9,50.9,50.9,50.9,50.9,50.9,50.9,50.9,50.9,50.9,50.9,50.9,50.9,50.9,50.9,50.9,50.9,50.9,50.6,50.6,50.6,50.5,50.5,50.5,50.3,50.2,50.5,51.7,53.96,52.3,52.3,52.3,52.3,52.3,52.3,52.3,52.3,52.3,52.3,52.3,52.3,52.3,52.3,52.3,52.3,52.3,52.3,52.3,52.3,52.3,52.3,52.3,51.9,51.9,51.9,52.0,52.0,52.0,53.5,53.5,53.7,53.7,53.7,53.7,53.7,53.7,53.7,53.7,53.7,53.7,53.7,53.7,53.7,53.7,53.7,53.7,53.7,53.7,53.7,53.7,53.7,53.7,53.7,53.7,53.7,53.7,53.7,53.7,53.7,53.7,53.7,53.7,53.7,53.7,53.7,53.7,53.7,53.7,53.7,53.7,53.7,53.7,53.7,53.7,53.7,53.7,53.7,53.7,53.7,53.7,53.7,53.7,53.7,53.7,53.5,53.5,53.2,53.2,53.2,52.6,52.6,54.6,58.6,60.0,60.0,60.0,60.0,60.0,60.0,60.0,60.0,60.0,60.0,59.4,59.3,59.3,59.1,59.1,59.1,59.1,58.8,58.8,58.8,58.3,58.6,58.6,58.6,58.6,58.6,58.6,58.6,58.6,58.6,58.6,58.6,58.6,58.6,58.6,58.6,58.6,58.6,58.6,58.6,58.6,58.6,58.6,58.6,58.6,58.6,58.6,58.6,58.6,58.6,58.6,58.6,58.6,58.6,58.6,58.6,58.6,58.3,56.9,63.3,63.3,63.3,63.3,63.3,63.3,63.4,63.4,63.4,63.4,63.4,63.7,63.7,63.7,63.7,63.7,63.7,63.7,63.9,69.08,69.3,71.23,71.3,71.3,71.06,69.0,74.4,72.5,72.4,72.23,71.9,71.8,71.8,71.8,71.8,71.8,71.6,71.6,71.6,71.6,71.0,70.8,70.7,70.5,70.5,69.8,69.6,69.3,69.3,67.0,70.4,73.6,73.6,73.6,73.6,73.6,73.6,73.5,73.5,73.5,73.5,73.1,73.1,73.1,73.0,73.0,73.0,73.0,73.0,73.0,73.0,73.0,73.0,72.8,72.8,71.3,71.3,71.3,71.3,71.3,71.3,71.3,71.3,71.3,71.3,71.3,71.3,71.3,71.3,71.3,71.3,69.3,69.3,69.3,69.3,69.3,69.3,69.3,69.3,69.3,69.3,69.3,69.3,69.3,69.3,69.29,74.4,77.0,77.2,77.2,77.2,77.2,77.2,76.7,76.5,76.5,76.5,76.5,76.5,76.5,76.5,76.5,76.4,76.4,76.4,76.4,74.46,74.2,74.2,73.9,72.8,75.2,74.5,74.5,74.5,74.5,74.5,74.4,74.4,74.4,74.4,74.4,74.4,74.4,74.4,74.4,74.4,74.4,74.4,74.4,74.2,74.2,74.2,74.2,74.2,74.2,74.2,74.1,74.1,74.1,74.1,74.1,74.1,73.8,73.8,73.8,74.1,74.1,74.1,74.1,74.1,74.1,74.1,74.1,74.1,74.1,74.1,74.1,74.1,74.1,74.1,74.1,74.1,74.1,74.1,74.1,74.1,74.1,74.1,74.1,74.1,74.1,74.1,74.1,74.1,73.9,73.9,73.9,73.9,73.9,73.9,73.9,73.9,73.9,73.9,73.9,73.9,73.1,72.44,70.5,70.4,70.1,69.6,69.6,71.1,67.9,67.9,67.9,67.9,67.9,67.9,67.9,67.9,67.9,67.9,67.9,67.9,67.9,67.9,67.9,67.9,67.9,67.9,67.9,67.9,67.9,67.9,67.9,67.9,65.0,63.6,66.01,67.4,67.4,67.4,67.4,67.0,67.0,65.9,67.1,67.1,67.1,67.1,66.8,66.8,66.8,66.7,66.7,66.7,66.5,66.5,67.9,69.8,63.7,62.7,62.5,62.5,62.5,62.5,62.5,62.5,62.5,62.5,62.5,62.5,62.5,62.5,62.5,62.5,62.5,62.5,62.5,62.5,62.5,62.5,62.5,62.5,56.01,51.7,51.7,51.5,51.4,42.4,42.4,42.4,42.4,42.4,42.4,33.08,21.8,21.6,21.6,21.6,21.6,21.6,21.6,21.6,21.6,21.6,21.6,21.6,21.6,21.6,21.6,21.6,21.5,21.5,21.5,21.5,21.5,21.5,16.4,15.1,15.1,15.1,16.0,16.2,16.2,16.2,16.2,16.2,16.2,16.2,16.2,16.2,16.2,16.2,16.2,16.2,16.2,16.2,16.2,16.2,16.2,16.2,16.2,16.2,13.7,12.29,18.8,18.8,18.8,20.09,29.79,38.61,47.2,49.08,51.7,49.51,49.8,49.8,49.8,49.8,49.8,49.8,49.5,49.5,49.1,46.5,52.0,52.0,52.0,52.0,52.0,51.54,50.0,49.7,49.2,48.0,47.8,47.5,47.5,47.5,47.5,47.4,47.4,47.4,47.1,47.1,47.1,47.1,47.1,47.1,47.1,47.1,46.9,46.6,46.6,46.6,46.6,46.6,46.5,46.3,45.8,45.7,45.1,44.6,44.6,44.3,44.3,44.3,44.3,44.0,44.0,44.0,43.8,43.8,43.4,43.1,43.1,43.1,42.9,47.28,49.4,49.7,49.7,49.7,49.7,49.7,49.7,49.7,49.7,49.7,49.7,49.5,49.5,49.5,49.4,49.4,48.6,48.3,48.3,48.3,48.0,48.0,47.8,47.8,50.8,50.8,50.8,50.8,50.3,50.2,50.0,49.5,48.9,48.8,48.6,48.6,50.9,50.9,50.9,50.9,50.9,50.9,50.9,50.2,50.2,50.2,50.2,50.2,50.2,49.2,48.1
P027,63.9,63.9,63.9,61.7,61.5,61.5,61.5,61.5,61.5,61.5,61.4,61.1,61.0,60.7,60.7,60.7,60.7,60.7,60.7,60.7,60.7,60.7,60.7,60.7,60.7,60.7,60.7,60.7,60.7,60.7,60.7,60.7,60.7,60.7,54.9,54.7,54.7,54.7,54.7,54.7,54.7,54.7,54.7,54.7,54.7,54.7,54.7,54.7,54.7,54.7,54.7,54.7,54.7,54.7,54.7,54.7,54.7,54.7,54.7,54.7,58.9,58.9,58.9,58.9,58.9,58.9,58.9,58.6,58.6,58.6,58.6,58.5,58.5,58.5,58.5,58.3,58.3,58.3,58.3,58.3,58.3,57.88,56.8,57.2,57.2,57.2,57.2,57.2,57.2,57.2,57.2,57.2,57.2,57.2,57.2,57.2,57.2,57.2,57.2,57.2,57.2,57.2,57.2,57.2,57.2,57.2,57.2,57.2,57.2,57.2,57.2,57.2,57.2,57.2,57.2,57.2,57.2,57.2,57.2,57.2,57.2,57.2,57.2,57.2,57.2,57.2,57.2,57.2,57.2,57.2,57.2,57.2,57.2,57.2,57.2,57.2,57.2,57.2,57.2,57.2,57.2,57.2,57.2,57.2,57.2,57.2,57.2,57.2,57.2,57.2,57.2,57.2,57.2,58.1,57.6,57.6,57.6,57.6,57.6,57.6,57.6,57.6,57.6,57.6,57.6,57.6,57.6,57.6,57.6,57.6,52.76,44.82,42.1,42.1,42.1,42.1,42.1,42.1,42.1,42.1,42.1,42.1,42.1,42.1,42.1,42.1,42.1,35.62,29.4,26.14,25.7,25.7,25.7,25.7,25.7,25.7,25.7,25.7,25.7,25.7,25.7,25.7,25.7,25.7,25.7,25.7,25.7,25.7,25.7,25.7,25.7,25.7,20.36,15.0,15.0,15.0,15.0,15.0,15.0,15.0,15.0,15.0,15.0,15.0,15.0,15.0,15.0,15.0,15.0,15.0,15.0,15.0,15.0,15.0,15.0,15.0,15.0,15.0,15.0,15.0,15.0,15.0,15.0,15.0,15.0,15.0,15.0,15.0,15.0,15.0,15.0,15.0,15.0,15.6,15.6,15.6,15.6,15.6,15.6,15.6,15.6,15.6,15.6,15.6,15.6,15.6,15.6,15.6,15.6,15.6,15.6,15.6,11.8,16.0,16.7,20.42,23.2,23.2,23.2,23.2,23.2,27.1,26.4,26.5,26.5,26.5,26.5,26.5,26.5,26.5,26.5,26.5,26.5,26.5,26.5,26.5,26.5,26.5,26.5,26.5,26.5,26.5,26.5,26.5,26.5,26.5,26.5,26.5,26.5,26.5,26.5,26.5,26.5,26.5,26.5,26.5,26.5,26.5,26.5,26.5,26.5,26.5,26.5,26.5,26.5,26.5,26.5,26.5,26.5,26.5,26.5,26.5,26.5,28.8,30.7,30.8,31.53,34.0,35.12,36.4,36.4,36.4,36.4,36.4,36.4,36.4,36.4,36.4,36.4,36.4,36.4,36.4,36.4,36.4,36.4,36.4,36.4,36.4,36.4,36.4,36.4,36.4,36.4,36.4,36.4,36.4,36.4,36.4,36.4,36.4,36.4,36.55,41.3,43.21,44.7,45.1,45.3,44.9,44.9,44.9,44.9,44.9,46.3,49.6,51.7,53.3,53.8,54.4,54.4,54.4,54.4,54.4,54.4,54.4,54.4,54.4,54.4,54.4,54.4,54.4,54.4,54.4,54.4,54.4,54.4,54.4,54.4,54.4,54.4,54.4,54.4,54.4,54.4,54.4,54.4,54.4,54.4,54.4,54.4,54.4,54.4,54.4,54.4,54.4,54.4,54.4,54.4,54.4,54.4,54.9,54.9,54.9,54.9,54.9,54.9,54.9,54.9,54.9,54.9,54.9,54.9,54.9,54.9,54.9,54.9,54.9,55.0,55.0,55.0,55.0,55.0,55.0,55.0,55.0,56.9,59.2,59.2,59.2,59.2,59.2,59.2,59.2,59.2,59.9,61.1,61.1,61.1,61.1,61.1,61.1,61.1,61.1,61.1,60.39,59.0,58.29,58.1,58.2,58.2,58.2,58.2,58.2,58.2,58.2,58.2,58.2,58.2,58.2,58.2,58.2,58.2,58.2,58.2,58.2,58.2,57.61,56.9,56.8,56.3,56.3,56.3,56.3,56.3,56.3,56.3,56.3,56.3,56.3,56.81,57.6,57.8,57.8,57.8,57.8,57.8,57.8,57.8,57.8,57.8,57.8,57.8,57.8,57.6,57.39,56.5,56.5,57.6,58.2,58.2,58.2,58.2,58.2,58.1,58.1,58.6,58.7,58.6,58.6,58.5,58.3,58.3,58.3,58.3,58.3,58.3,58.3,58.3,58.3,58.3,58.6,58.6,58.6,58.6,58.6,58.6,58.6,58.6,58.6,58.6,58.6,58.6,58.7,58.9,58.9,58.9,58.9,58.9,58.9,58.9,58.9,58.9,58.9,58.9,58.9,58.9,58.9,58.9,58.9,58.3,58.3,58.3,58.3,58.3,58.3,58.3,58.3,58.3,58.3,58.3,58.6,58.6,58.6,58.6,58.6,58.6,58.6,58.6,58.6,58.6,58.6,58.6,58.6,58.6,57.89,56.9,56.7,56.7,56.8,56.8,56.81,56.9,56.9,56.9,56.9,56.9,56.9,56.9,56.9,56.8,56.8,56.8,56.8,56.8,56.8,56.7,56.5,56.4,56.4,56.4,56.4,56.4,56.4,56.4,56.4,56.4,56.0,54.4,51.9,51.4,51.4,51.4,51.4,51.4,47.49,43.27,38.29,37.1,36.9,36.9,36.9,36.9,36.9,36.9,37.1,37.1,37.1,37.1,37.1,37.1,37.1,37.1,37.1,37.1,37.1,37.1,37.1,37.1,37.1,37.1,37.1,37.1,37.1,37.1,38.2,40.3,43.62,47.93,51.8,52.5,52.59,52.1,52.1,52.2,52.2,52.2,52.2,52.2,52.2,52.2,52.2,52.2,52.2,52.2,52.2,52.2,52.6,52.89,54.31,54.4,54.4,54.4,54.4,54.29,54.2,54.2,54.0,53.8,53.5,53.3,53.3,52.9,52.9,52.9,52.8,52.6,52.4,52.1,51.7,51.7,51.7,51.7,51.7,51.7,51.7,51.7,51.7,51.7,51.7,51.39,51.7,52.5,52.19,52.1,52.1,52.1,52.1,52.1,52.1,52.1,52.1,52.1,52.51,53.2,53.2,53.5,53.5,53.5,53.5,53.5,53.5,53.5,49.91,46.09,45.1,45.0,45.0,45.0,44.6,44.6,44.6,44.6,44.4,44.9,44.7,46.0,45.6,46.7,46.7,46.5,46.5,46.5,46.5,46.5,46.5,46.5,46.5,45.97,44.9,44.7,44.4,44.2,40.94,36.49,34.4,34.4,34.4,34.4,34.4,34.4,34.4,34.4,34.4,34.4,36.69,37.9,40.14,42.2,43.6,45.6,46.31,46.5,47.2,47.6,47.9,47.9,49.0,49.2,49.3
P028,48.6,48.6,48.6,48.6,48.6,48.6,48.6,48.6,48.6,48.6,48.6,48.6,48.6,48.6,48.6,48.6,48.6,48.6,48.6,48.6,48.6,48.6,48.6,48.6,48.6,48.6,48.6,48.6,48.6,48.6,48.6,48.6,48.6,48.6,48.6,48.6,48.6,48.6,48.6,48.6,48.6,48.6,48.6,48.6,48.6,48.6,48.5,39.54,36.3,36.3,36.3,36.1,36.0,36.0,36.0,36.0,36.0,36.0,36.0,36.0,36.0,36.0,36.0,36.0,36.0,36.0,36.0,36.0,36.0,36.0,36.0,36.0,36.0,36.0,36.0,36.0,36.0,36.0,36.0,35.8,31.98,29.21,18.5,18.5,18.5,18.5,18.5,18.5,18.5,18.5,18.5,18.5,18.5,18.5,18.5,18.5,18.5,18.5,18.5,18.5,18.5,18.5,18.5,18.5,18.5,18.5,18.5,18.5,18.5,18.5,18.5,18.5,18.5,18.5,18.5,18.5,18.5,18.5,18.5,18.5,18.5,18.5,18.5,18.5,18.5,20.05,24.1,25.55,27.2,24.22,24.2,24.2,24.2,24.2,24.2,24.2,24.2,24.2,24.2,24.2,18.33,13.95,13.1,13.1,13.1,13.1,13.1,13.1,13.1,13.1,13.1,13.1,13.1,13.1,13.1,13.1,13.1,13.1,13.1,13.1,13.1,13.1,13.1,13.1,13.1,13.1,13.1,13.1,13.1,13.1,8.3,8.3,8.3,8.3,8.3,8.3,8.3,8.3,8.3,8.3,8.3,8.3,8.3,8.3,8.3,8.3,8.3,8.3,8.3,8.3,8.3,8.3,8.3,8.3,8.3,18.37,21.83,16.7,11.6,11.6,11.6,11.6,11.6,11.6,11.6,11.6,11.6,11.6,11.6,11.6,11.6,11.6,11.6,11.6,11.6,11.6,11.6,11.6,11.6,11.6,11.6,11.6,11.6,11.6,11.6,11.6,11.6,11.6,11.6,11.6,11.6,11.6,11.6,11.6,11.6,11.6,11.6,11.6,11.6,11.6,11.6,11.6,11.6,11.6,11.6,11.6,11.6,11.6,11.6,11.6,11.6,11.6,11.6,11.6,11.6,11.6,11.6,11.6,11.6,11.6,11.6,11.6,11.6,11.6,11.6,11.6,11.6,11.6,11.6,11.6,11.6,11.6,11.6,11.6,11.6,11.6,11.6,11.6,11.6,11.6,11.6,11.6,11.6,11.6,11.6,11.6,10.2,9.4,9.4,9.4,9.4,9.4,9.4,9.4,9.4,9.4,9.4,9.4,9.4,9.4,9.4,9.4,9.4,9.4,9.4,9.4,9.4,9.4,9.4,9.4,15.94,33.89,48.6,48.6,48.6,48.6,48.6,47.2,41.92,38.9,39.0,39.0,38.71,26.5,26.5,26.5,26.5,25.6,26.91,26.9,26.9,26.9,26.9,26.7,26.7,11.4,11.9,11.9,11.9,11.9,11.9,11.9,11.9,11.9,11.9,11.9,11.9,11.9,11.9,11.9,11.9,11.9,11.9,11.9,11.9,11.9,11.9,11.9,11.9,18.8,22.7,34.1,34.1,34.1,34.1,34.1,34.1,25.81,13.12,13.1,13.1,13.1,6.9,6.9,6.9,6.9,6.9,6.9,6.9,6.9,6.9,6.9,6.9,6.9,6.9,6.9,6.9,6.9,6.9,6.9,6.9,6.9,6.9,6.9,6.9,6.9,6.9,6.9,6.9,6.9,6.9,6.9,6.9,6.9,6.9,6.9,6.9,6.9,6.9,6.9,6.9,6.9,6.3,6.3,6.3,6.3,6.3,6.3,6.3,6.3,6.3,6.3,6.3,6.3,6.3,6.3,6.3,6.3,6.3,6.3,6.3,6.3,6.3,6.3,6.3,6.3,6.3,6.3,1.88,2.5,2.5,2.5,2.5,2.5,2.5,2.5,2.5,2.5,2.5,2.5,2.5,2.5,2.5,2.5,2.5,2.5,2.5,2.5,2.5,2.5,2.5,2.5,2.5,2.5,2.5,2.5,2.5,2.5,2.5,2.5,2.5,2.5,2.5,2.5,2.5,2.5,2.5,2.5,2.5,2.5,2.5,2.5,2.5,2.5,2.5,2.5,2.5,2.5,2.5,2.5,2.5,2.5,2.5,2.5,2.5,2.5,2.5,2.5,2.5,2.5,2.5,0.2,0.2,0.2,0.2,0.2,0.2,0.2,0.2,0.2,0.2,0.2,0.2,0.2,0.2,0.2,0.2,0.2,0.2,0.2,0.2,0.2,0.2,0.2,0.2,0.2,0.2,0.2,0.2,0.2,0.2,0.2,0.2,0.2,0.2,0.2,0.2,0.2,0.2,0.2,0.2,0.2,0.2,0.2,0.2,0.2,0.2,0.2,0.2,0.2,0.2,0.2,0.2,0.2,0.2,0.2,0.2,3.4,4.5,4.5,4.5,4.5,4.5,4.5,2.96,1.2,1.2,1.2,1.2,1.2,1.2,1.2,1.2,1.2,1.2,1.2,1.2,1.2,1.2,1.2,4.5,4.5,4.5,4.5,4.5,4.5,4.5,4.5,4.5,4.5,4.5,4.5,4.5,4.5,4.5,4.5,4.5,4.5,4.5,4.5,4.5,4.5,4.5,4.5,4.5,4.5,4.5,4.5,4.5,4.5,4.5,4.5,4.5,4.5,4.5,4.5,4.5,4.5,4.5,4.5,4.5,4.5,4.5,4.5,0.8,0.8,0.8,0.8,0.8,0.8,0.8,0.8,0.8,0.8,0.8,0.8,0.8,0.8,0.8,0.8,0.8,0.8,0.8,0.8,0.8,0.8,0.8,0.8,0.8,0.8,0.8,0.8,0.8,0.8,0.8,0.8,0.8,0.8,0.8,0.8,0.8,0.8,0.8,0.8,0.8,0.8,0.8,0.8,0.8,0.8,0.8,0.8,0.0,0.0,0.0,0.0,0.0,0.0,0.0,0.0,0.0,0.0,0.0,0.0,0.0,0.0,0.0,0.0,0.0,0.0,0.0,0.0,0.0,0.0,0.0,0.0,0.0,0.0,0.0,0.0,3.7,25.2,27.79,47.06,49.1,49.5,49.5,49.5,49.5,49.5,49.5,49.5,49.5,49.5,49.5,49.5,49.7,49.7,49.7,49.7,49.7,49.7,49.7,49.7,49.7,49.7,49.7,49.7,49.7,49.7,49.7,49.7,49.7,49.7,49.7,49.7,49.7,49.7,49.7,49.7,49.7,49.7,49.7,49.7,36.23,36.0,36.0,36.0,36.0,36.0,36.0,36.0,36.0,36.0,36.0,36.0,43.05,52.3,54.2,55.7,55.7,55.7,55.7,55.7,55.7,55.7,55.7,55.7,55.7,55.7,55.7,55.7,55.7,55.7,55.7,55.7,55.7,55.7,55.7,55.7,55.7,55.7,55.7,55.7,55.7,55.7,55.7,55.7,55.7,55.7,55.7,55.7,57.7,57.9,60.5,60.5,60.5,60.5,60.5,60.5,60.5,60.5,60.5,60.5,60.5,60.5,60.5,60.5
P029,61.1,61.1,61.1,61.1,61.1,61.1,61.1,61.1,61.1,61.1,61.1,61.1,61.1,61.91,70.72,72.2,72.2,72.2,72.2,72.2,72.2,72.2,72.2,72.2,72.2,72.2,72.2,72.2,72.2,72.2,71.91,64.75,63.01,62.3,62.3,62.3,62.3,62.3,62.3,62.3,62.3,69.44,73.6,73.6,73.6,73.6,73.6,73.6,73.6,73.6,73.6,73.6,73.6,73.16,74.1,74.1,74.1,74.1,70.7,70.7,70.7,70.7,70.7,60.4,60.4,60.4,54.2,54.2,54.2,54.2,54.2,55.2,55.2,55.2,55.2,55.2,55.2,55.2,64.12,67.7,61.8,61.1,63.42,65.3,65.3,65.3,65.3,65.3,65.3,65.3,65.3,65.3,65.3,65.3,66.7,66.7,66.7,66.7,66.7,66.7,66.7,66.7,66.7,66.7,66.7,66.7,66.7,66.7,66.7,66.7,66.7,69.8,69.8,69.8,69.8,69.8,69.8,69.67,65.8,67.56,67.9,67.9,67.9,67.9,67.9,67.9,67.9,67.9,67.47,60.1,60.1,58.3,56.6,56.6,56.6,52.4,52.4,52.4,52.4,52.46,52.4,52.8,55.6,55.6,55.6,58.2,58.3,60.9,60.9,60.9,60.9,60.9,60.9,60.9,60.9,60.9,60.9,60.9,60.9,60.9,60.9,55.6,55.6,55.6,55.6,55.6,55.6,55.6,55.6,55.6,53.6,53.6,53.6,53.6,53.6,53.6,53.6,53.6,53.6,53.6,46.5,46.5,46.5,46.5,46.5,46.5,45.5,45.5,45.5,46.47,46.9,46.9,46.9,46.9,46.9,46.9,46.9,46.9,46.9,46.9,46.9,46.9,46.9,46.9,47.2,47.9,47.9,47.9,47.9,47.9,47.9,47.9,47.9,47.9,47.9,47.9,47.9,47.9,47.9,47.9,47.9,50.14,53.5,58.06,58.5,58.2,56.8,55.2,55.2,55.2,55.2,55.2,55.2,55.2,55.2,55.2,55.2,55.2,55.2,55.2,55.2,55.2,55.2,55.2,55.2,55.2,55.2,55.2,55.2,55.2,55.0,54.28,53.0,53.0,53.0,53.0,53.0,53.0,53.6,53.8,53.8,53.5,53.5,53.5,53.5,53.5,53.5,53.5,53.5,53.5,53.5,53.5,53.5,53.5,53.5,53.5,53.5,53.3,53.3,53.3,53.3,53.3,53.3,53.3,53.3,53.3,53.3,52.8,52.8,52.8,52.8,52.8,52.8,52.8,52.88,55.6,55.6,55.6,55.6,55.0,55.0,55.4,55.4,55.4,55.4,55.4,55.4,55.4,55.6,55.9,54.38,45.03,39.1,35.63,35.2,30.6,30.6,30.6,30.6,30.0,30.0,29.5,29.75,29.5,27.94,27.8,28.15,29.5,29.5,28.5,28.5,28.5,24.8,23.6,24.1,24.1,25.5,26.9,26.9,28.1,30.46,34.5,35.1,37.71,38.0,38.0,38.2,39.26,40.5,40.5,40.5,40.5,40.8,41.03,41.1,41.1,41.1,41.1,42.0,42.0,41.64,40.1,38.7,38.5,38.5,38.5,38.5,38.47,35.2,35.4,35.4,33.0,29.5,29.5,29.5,28.6,24.1,24.1,24.1,24.1,24.1,22.54,20.7,20.7,20.7,20.45,18.1,17.9,17.9,17.9,21.47,19.3,16.0,14.9,11.6,10.9,10.9,10.8,10.8,10.8,11.1,10.9,10.9,10.9,10.9,10.9,10.9,10.9,10.9,12.7,15.1,11.8,11.8,11.8,11.8,11.8,11.8,11.8,11.8,12.3,12.5,12.5,12.5,13.26,17.7,17.7,17.7,17.7,17.7,17.7,17.7,16.02,10.2,10.2,10.2,10.2,10.2,10.2,10.1,8.2,8.2,6.1,6.1,9.2,9.2,9.2,9.2,9.2,9.2,9.2,9.5,9.5,12.2,12.2,12.2,14.13,15.3,15.3,12.7,12.3,12.5,12.5,12.5,12.5,12.5,12.5,12.56,13.5,14.8,16.56,20.7,20.0,20.7,22.63,24.16,25.7,25.7,25.7,25.7,25.7,28.3,28.3,28.3,28.3,29.5,29.5,29.76,32.81,37.5,37.5,37.5,39.1,39.1,39.1,39.1,34.7,30.4,30.4,30.4,30.4,30.4,30.4,30.0,30.0,30.0,30.0,30.0,30.0,30.0,30.0,30.26,30.9,30.9,30.9,31.2,31.8,31.8,31.8,31.8,31.8,32.73,33.2,33.2,28.78,22.6,22.6,18.31,16.5,16.5,15.01,12.7,10.6,8.3,8.3,8.56,9.0,1.55,0.5,4.04,4.2,4.2,4.2,4.2,5.13,9.9,9.9,9.9,10.82,12.2,6.7,5.4,5.4,5.4,5.4,5.4,5.4,4.7,4.7,4.5,4.5,4.5,4.5,4.5,4.5,5.46,8.0,9.7,10.1,10.1,13.7,14.6,14.6,14.6,13.7,13.7,13.7,13.7,6.59,5.6,5.6,5.6,5.6,5.6,5.6,5.6,5.6,5.6,5.6,5.6,5.6,5.6,5.6,5.93,10.8,10.9,12.3,12.3,13.95,14.2,16.5,17.0,17.0,18.26,20.7,21.2,21.2,21.2,22.0,22.0,22.0,22.0,22.0,22.74,23.8,23.8,23.8,20.65,20.0,20.8,21.4,19.19,16.1,14.02,12.3,12.3,9.5,8.5,5.56,4.42,2.8,2.1,2.1,2.4,2.4,2.4,2.4,2.4,2.4,2.4,2.4,2.4,2.4,2.4,2.4,2.4,2.4,3.03,3.3,3.3,3.3,3.5,4.7,4.7,4.7,4.7,4.7,4.7,4.7,7.3,7.3,10.33,14.95,17.0,17.0,18.62,19.6,19.8,19.8,21.4,21.4,21.4,21.4,23.1,23.3,25.5,26.7,27.85,28.1,30.45,33.0,35.6,36.52,37.2,37.2,37.8,33.06,29.2,28.24,27.4,27.4,27.81,28.6,28.6,28.6,28.6,26.55,26.4,26.6,26.6,29.77,38.5,41.1,43.19,47.2,47.2,47.2,48.52,49.5,50.0,51.2,51.2,54.2,55.4,53.77,53.6,52.6,51.9,51.0,51.4,52.4,54.9,54.9,54.9,54.9,54.9,54.9,55.6,55.6,55.6,55.6,55.6,55.6,55.6,55.6,55.6,54.0,54.0,54.0,54.0,57.71,57.6,57.6,57.45,57.3,57.3,56.89,55.7,55.7,55.7,55.7,55.7,55.6,55.6,55.6,55.6,55.6,55.6,55.7,55.7,55.7,55.7,56.9,55.1,55.9,55.9,55.9,55.9,55.9,55.9,55.9,56.8,56.8,56.8,56.8,54.3,54.3,54.3,52.25,52.1,52.1,52.1,52.1,52.1,52.1,52.1,52.1,52.1,52.1,52.1,54.9,54.9,54.9,54.9,54.9,54.9,54.9,54.9,54.9,55.0,55.0,55.0,55.0,55.0,55.0,55.0,56.1,56.1,56.1
P030,39.4,39.4,39.4,39.4,39.4,39.4,59.01,61.0,59.1,58.7,58.7,57.1,57.1,57.1,52.9,52.9,55.41,56.8,56.8,56.8,42.53,30.1,43.6,48.8,48.8,48.8,48.8,67.79,63.3,67.6,67.6,64.7,64.7,65.07,60.8,56.0,52.47,52.1,52.1,52.1,52.1,52.1,52.1,52.1,55.6,59.5,56.2,55.8,55.8,55.8,55.8,55.8,55.8,55.8,55.8,55.8,55.8,55.8,55.8,55.8,55.8,55.8,55.8,55.74,67.8,67.8,67.8,67.8,70.7,79.9,79.9,79.9,57.7,54.6,54.6,54.6,54.6,54.6,53.9,53.1,53.3,53.3,53.3,53.3,53.3,53.3,53.3,53.3,53.3,53.3,53.3,53.3,53.3,53.3,53.3,53.3,53.3,53.3,53.3,53.3,53.3,53.3,49.4,27.07,23.0,23.0,23.0,23.0,23.0,23.0,23.0,23.0,23.0,23.0,23.0,23.0,23.0,23.0,23.0,23.0,23.0,23.0,23.0,23.0,23.0,23.0,23.0,23.0,23.0,23.0,23.0,23.0,23.0,23.0,46.3,51.7,51.7,51.7,51.7,51.7,51.7,52.1,52.1,52.1,52.1,52.1,52.1,52.1,52.1,52.1,52.1,52.1,52.1,52.1,52.1,52.1,52.1,52.1,52.1,52.1,52.1,52.1,52.1,52.1,52.1,52.1,52.1,52.1,52.1,52.1,52.1,52.1,52.1,52.1,52.1,52.1,52.1,52.1,52.1,52.1,52.1,51.5,50.0,51.4,51.4,51.4,51.4,51.4,51.4,51.4,51.4,51.4,51.4,51.4,51.4,51.4,51.4,51.4,51.4,51.4,51.4,51.4,51.4,51.4,51.4,51.4,51.4,51.4,51.4,51.4,51.4,51.4,51.4,51.4,51.4,51.4,51.4,51.4,51.4,51.4,51.4,51.4,51.4,51.4,51.4,51.4,51.4,51.4,51.4,51.4,51.4,51.4,51.4,51.4,51.4,51.4,51.4,51.4,51.4,51.4,51.4,51.4,51.4,51.4,51.4,51.4,51.4,51.4,51.4,51.4,51.4,51.4,51.4,51.4,51.4,51.4,51.4,51.4,51.4,51.4,51.4,51.4,51.4,51.4,51.4,51.4,51.4,51.4,51.4,51.4,51.4,51.4,51.4,51.4,51.4,51.4,51.4,51.4,51.4,51.4,51.4,51.4,51.4,51.4,51.4,51.4,51.4,51.4,51.4,51.4,51.4,51.4,51.4,51.4,51.4,51.4,51.4,51.4,51.4,51.4,51.4,51.4,51.4,51.4,51.4,51.4,51.4,51.4,51.4,51.4,51.4,51.4,51.4,51.4,51.4,51.4,51.4,51.4,51.4,51.4,51.4,51.4,51.4,51.4,51.4,51.4,51.4,51.4,51.4,51.4,51.4,51.4,51.4,51.4,51.4,51.4,51.4,51.4,51.4,51.4,51.4,51.4,51.4,51.4,51.4,51.4,51.4,51.4,51.4,51.4,51.4,51.4,51.4,51.4,51.4,51.4,51.4,51.4,51.4,51.4,51.4,51.4,51.4,51.4,51.4,51.4,51.4,51.4,51.4,51.4,51.4,51.4,51.4,51.4,51.4,51.4,51.4,51.4,51.4,51.4,51.4,51.4,51.4,51.4,51.4,51.4,51.4,51.4,51.4,51.4,51.4,51.4,51.4,51.4,51.4,51.4,51.4,51.4,51.4,51.4,51.4,51.4,51.4,51.4,51.4,51.4,51.4,51.4,51.4,51.4,51.4,51.4,51.4,51.4,51.4,51.4,51.4,51.4,51.4,51.4,51.4,51.4,51.4,51.4,51.4,51.4,51.4,51.4,51.4,51.4,51.4,51.4,51.4,51.4,51.4,51.4,53.1,52.3,51.9,51.9,51.9,51.9,51.9,51.9,51.9,51.9,51.9,51.9,51.9,51.9,51.9,51.9,51.9,51.9,51.9,51.9,51.9,51.9,51.9,51.9,51.9,51.9,51.9,51.9,51.9,51.9,51.9,51.9,51.9,51.9,51.9,51.9,51.9,51.9,51.9,51.9,51.9,51.9,51.9,51.9,51.9,51.9,51.9,51.9,51.9,51.9,51.9,51.9,51.9,51.9,51.9,51.9,51.9,51.9,51.9,51.9,51.9,51.9,51.9,51.9,51.9,51.9,51.9,51.9,51.9,51.9,51.9,51.9,51.9,51.9,51.9,51.9,51.9,51.9,51.9,51.9,51.9,51.9,51.9,51.9,51.9,51.9,51.9,51.9,51.9,51.9,51.9,51.9,51.9,51.9,51.9,51.9,51.9,51.9,51.9,51.9,51.9,51.9,51.9,51.9,51.9,51.9,51.9,51.9,51.9,51.9,51.9,51.9,51.9,51.9,51.9,51.9,51.9,51.9,51.9,51.9,51.9,51.9,51.9,51.9,51.9,51.9,51.9,51.9,51.9,51.9,51.9,51.9,51.9,51.9,51.9,51.9,51.9,51.9,51.9,51.9,51.9,51.9,51.9,51.9,51.9,51.9,51.9,51.9,51.9,51.9,51.9,51.9,51.9,51.9,51.9,51.9,51.9,51.9,51.9,51.9,51.9,51.9,51.9,51.9,51.9,51.9,51.9,51.9,51.9,51.9,51.9,51.9,51.9,51.9,51.9,51.9,51.9,51.9,51.9,51.9,51.9,51.9,51.9,51.9,51.9,51.9,51.9,51.9,51.9,51.9,51.9,51.9,51.9,51.9,51.9,51.9,51.9,51.9,51.9,51.9,51.9,51.9,51.9,51.9,51.9,51.9,51.9,51.9,51.9,51.9,51.9,51.9,51.9,51.9,51.9,51.9,51.9,51.9,51.9,51.9,51.9,51.9,51.9,51.9,51.9,51.9,51.9,51.9,51.9,51.9,51.9,51.9,51.9,51.9,51.9,51.9,51.9,51.9,51.9,51.9,51.9,51.9,51.9,51.9,51.9,51.9,51.9,51.9,51.9,51.9,51.9,51.9,51.9,51.9,51.9,51.9,51.9,51.9,51.9,51.9,51.9,51.9,51.9,51.9,51.9,51.9,51.9,51.9,51.9,51.9,51.9,51.9,51.9,51.9,51.9,51.9,51.9,51.9,51.9,51.9,51.9,51.9,51.9,51.9,51.9,51.9,51.9,51.9,51.9,51.9,51.9,51.9,51.9,51.9,51.9,51.9,51.9,51.9,51.9,51.9,51.9,51.9,51.9,51.9,51.9,51.9,51.9,51.9,51.9,51.9,51.9,51.9,51.9,51.9,51.9,51.9,51.9,51.9,51.9,51.9,51.9,51.9,51.9,51.9,51.9,51.9,51.9,51.9,51.9,51.9,51.9,51.9,51.9,51.9,51.9,51.9,51.9,51.9,51.9,51.9,51.9,51.9,51.9,51.9,51.9,51.9,51.9,51.9,51.9,51.9,51.9,51.9,51.9,51.9,51.9,51.9,51.9,51.9,51.9,51.9,51.9,51.9,51.9,51.9,51.9,51.9,51.9,51.9,51.9,51.9,51.9,51.9
P031,50.4,50.4,50.4,50.4,50.4,50.4,50.4,50.4,50.4,50.4,50.4,50.4,50.4,50.4,50.4,50.4,50.4,50.4,50.4,50.4,50.4,50.4,50.4,50.4,50.4,50.4,50.4,50.4,50.4,50.4,50.4,50.4,50.4,50.4,50.4,50.4,48.62,50.7,51.9,51.5,51.5,51.5,51.5,51.5,51.5,51.5,51.5,51.5,51.5,51.5,51.5,51.5,51.5,51.5,51.5,51.5,51.5,51.56,52.2,52.2,51.7,51.7,51.7,51.7,51.7,51.7,51.7,51.7,51.7,51.7,51.7,51.7,51.7,51.7,50.4,51.9,51.5,51.5,51.5,51.5,51.5,51.5,51.5,51.5,51.5,51.5,51.5,51.5,51.5,51.5,51.5,51.5,51.43,51.26,50.0,50.0,50.0,50.0,50.0,50.0,50.0,50.0,50.0,50.0,50.0,50.0,50.0,50.0,50.0,50.0,50.0,50.0,50.0,50.0,50.0,50.0,50.0,50.0,50.0,50.0,50.0,50.0,50.0,50.0,50.0,50.0,50.0,50.0,50.0,50.0,50.0,50.0,50.0,50.0,50.0,50.0,50.0,50.0,50.0,50.0,50.0,50.0,50.0,50.0,50.0,50.0,50.0,50.0,50.0,50.0,50.0,50.0,51.5,51.3,51.3,51.3,51.3,51.3,51.3,51.3,51.3,51.3,51.3,51.3,51.3,51.3,51.3,51.3,51.3,51.3,51.3,50.26,50.7,50.7,50.7,50.7,50.7,30.2,30.2,30.2,30.2,30.2,30.2,30.2,30.2,30.2,30.2,30.2,30.2,30.2,30.2,30.2,30.2,30.2,30.2,30.2,44.54,51.3,51.3,51.3,51.3,51.3,51.3,51.3,51.3,51.3,51.3,51.3,51.3,51.3,51.3,51.3,51.3,51.3,51.3,51.3,51.3,51.3,51.3,51.3,51.3,51.3,51.3,51.3,51.3,51.3,51.3,51.3,51.1,51.1,51.1,51.1,51.1,51.1,51.1,51.1,51.1,51.1,51.1,51.1,51.1,51.1,51.1,51.1,51.1,51.1,51.1,51.1,51.1,51.1,51.1,51.1,51.1,51.1,51.1,51.1,51.1,51.1,51.1,49.4,48.9,43.1,43.1,43.1,43.1,43.1,43.1,43.1,43.1,43.1,43.1,43.1,36.7,36.7,36.7,36.7,36.7,36.7,36.7,36.7,36.7,36.7,36.7,36.7,36.7,36.7,36.7,36.7,36.7,36.7,36.7,36.7,36.7,36.7,36.7,36.43,35.6,35.6,35.6,35.6,35.6,35.6,35.6,35.6,35.6,35.6,35.6,35.6,35.6,35.6,35.6,35.3,21.5,21.5,21.5,21.5,21.5,18.82,10.9,10.9,10.9,10.9,10.9,10.9,5.0,5.0,5.0,5.0,5.0,5.0,5.0,5.0,5.0,5.0,5.0,5.0,5.0,5.0,5.0,5.0,5.0,5.0,5.0,5.0,5.0,5.0,5.0,5.0,5.0,5.0,19.3,21.56,23.9,23.9,23.9,23.9,23.9,23.9,23.9,23.9,23.9,23.9,23.9,23.9,23.9,23.9,23.9,23.9,23.9,13.5,13.1,11.7,7.8,7.8,7.8,7.8,7.8,7.2,7.2,7.2,7.2,7.2,7.2,7.2,7.2,7.2,5.54,4.8,4.8,4.8,4.8,4.8,4.8,4.8,4.8,4.8,4.8,4.8,2.4,2.4,2.4,2.4,2.4,2.4,2.4,2.4,2.4,2.4,2.4,2.4,2.4,2.4,2.4,2.4,2.4,2.4,2.4,2.4,2.8,2.8,2.8,2.8,2.8,2.8,2.8,2.8,2.8,2.8,2.8,2.8,2.8,2.8,2.8,2.8,2.8,2.8,2.8,2.8,2.8,2.8,2.8,2.8,2.8,2.8,2.8,2.8,2.8,0.0,0.0,0.0,0.0,0.0,0.0,0.0,0.0,0.0,0.0,0.0,0.0,0.0,0.0,0.0,0.0,0.0,0.0,0.0,0.0,0.0,0.0,0.0,0.0,0.0,0.0,0.0,0.0,0.0,0.0,0.0,0.0,0.0,0.0,0.0,0.0,0.0,0.0,0.0,0.0,0.0,4.66,7.0,7.0,7.0,7.0,7.0,7.0,7.0,7.0,7.0,7.0,7.0,7.0,7.0,7.0,7.0,7.0,7.0,7.0,7.0,7.0,7.0,7.0,7.0,7.0,7.0,7.0,7.0,7.0,7.0,5.86,5.4,5.4,5.4,5.4,5.4,5.4,5.4,5.4,5.4,5.4,5.4,5.4,5.4,2.8,1.3,1.3,1.3,1.3,1.3,1.3,1.3,1.3,1.3,1.3,1.3,1.3,1.3,1.3,1.3,1.3,1.3,1.3,1.3,1.3,1.3,1.3,1.3,1.3,1.3,1.3,1.3,1.3,1.3,1.3,1.3,1.3,1.3,1.3,1.3,1.3,1.3,1.3,1.3,1.3,1.3,1.3,0.0,0.0,0.0,0.0,0.0,0.0,0.0,0.0,0.0,0.0,0.0,0.0,0.0,0.0,0.0,0.0,0.0,0.0,0.0,0.0,0.0,0.0,0.0,1.3,1.5,1.5,1.5,1.5,1.5,1.5,1.5,1.5,1.5,1.5,1.5,1.5,1.5,1.5,1.5,1.5,1.5,1.5,1.5,1.5,1.5,1.5,1.5,1.5,1.5,1.5,1.5,1.5,0.52,0.0,0.0,0.0,0.0,0.0,0.0,0.0,0.0,0.0,0.0,0.0,0.0,0.0,0.0,0.0,0.0,0.0,0.0,0.0,0.0,0.0,0.0,0.0,0.0,0.0,0.0,0.0,0.0,0.0,0.0,0.0,0.0,0.0,0.0,0.0,0.0,0.0,0.0,0.0,0.0,0.0,0.0,0.0,0.0,0.0,0.0,0.0,0.0,0.0,0.0,0.0,13.7,13.5,13.5,13.5,13.5,10.7,8.9,8.9,8.9,8.9,8.9,8.9,13.34,18.0,18.0,18.0,18.0,18.0,18.0,18.0,18.0,18.0,18.0,18.0,18.0,18.0,18.0,18.0,18.0,18.0,18.0,18.0,18.0,21.93,27.2,27.2,27.2,27.2,27.2,27.2,27.2,27.2,27.2,27.2,27.2,27.2,27.2,27.2,27.2,27.2,28.68,28.0,28.1,28.1,28.1,28.1,28.1,28.1,28.1,28.1,28.1,28.1,28.1,28.1,28.1,28.1,28.1,28.1,28.1,28.1,25.72,17.0,17.0,17.0,17.0,17.0,17.0,30.2,30.2,30.2,30.2,30.2,30.2,30.2,30.2,30.2,30.2,30.2,30.2,30.2,30.2,30.2,30.2,30.2,30.2,33.5,32.0,32.0,32.0,32.0,32.0,32.0,32.0,32.0,32.0,32.0,32.0,32.0,32.0,32.0,32.0,32.0,32.0,32.4,26.5,26.5,26.5,26.5,26.5,26.5,26.5,26.5,26.5,26.5,32.8,32.8,32.8,32.8,32.8
P032,50.4,50.4,50.4,50.4,50.4,50.4,50.4,50.4,50.4,50.4,50.4,50.4,50.4,55.2,68.2,68.3,68.3,71.5,73.7,73.7,73.7,73.7,61.43,69.4,69.5,70.0,70.0,70.0,70.0,70.0,70.0,70.0,70.0,70.0,70.0,71.0,71.0,74.7,75.2,75.2,75.2,75.2,75.2,75.2,75.2,75.2,75.2,75.2,75.2,75.2,75.2,75.2,75.2,75.2,75.2,75.2,75.2,75.2,75.2,69.6,68.7,68.7,68.7,68.7,68.7,60.0,54.0,52.1,52.1,52.1,52.1,52.1,52.1,52.1,52.1,52.1,52.1,52.1,52.1,42.7,32.4,32.3,32.3,32.3,32.3,32.3,39.2,51.9,51.5,51.5,51.5,51.5,51.5,51.5,51.5,51.5,51.5,51.5,51.5,51.5,51.5,51.5,51.5,51.5,51.5,51.5,51.5,51.5,51.5,51.5,51.5,51.5,51.5,51.6,50.4,50.6,50.6,50.6,50.6,50.6,50.6,50.6,50.6,50.6,50.6,50.6,50.6,50.6,50.6,50.6,50.6,50.6,50.6,50.6,50.6,50.8,50.8,50.8,50.8,41.0,41.0,41.0,41.0,41.0,41.0,41.0,41.0,41.0,41.0,41.0,41.0,41.0,41.0,40.21,37.7,35.41,34.2,34.2,34.2,34.2,34.2,34.2,34.2,34.2,34.2,34.2,34.2,34.2,34.2,34.2,34.2,34.2,34.2,34.2,27.6,27.5,27.5,27.5,27.5,27.5,27.5,27.5,27.5,27.5,27.5,27.5,27.5,27.5,27.5,27.5,27.5,27.5,27.5,27.5,41.14,46.2,48.0,52.1,51.7,51.7,51.7,51.7,51.7,51.7,51.7,48.01,46.5,46.5,46.5,46.5,46.5,46.5,46.5,38.7,38.7,38.7,38.1,35.6,32.3,31.5,31.5,37.68,50.8,50.8,50.8,50.8,50.8,45.4,44.2,44.2,44.2,44.0,44.0,44.0,44.0,44.0,44.0,44.0,44.0,44.0,44.0,44.0,44.6,46.9,46.9,46.0,45.8,42.3,41.7,41.7,41.7,41.7,41.7,41.7,41.7,41.7,41.7,41.7,41.7,41.7,41.7,41.7,42.4,44.0,47.7,47.7,47.7,49.0,49.2,49.2,49.2,49.2,49.2,49.2,49.2,49.2,49.2,49.2,49.2,49.2,49.2,49.2,49.2,49.2,49.2,49.2,49.2,49.2,49.2,49.2,49.2,49.2,53.1,63.4,64.0,66.7,66.7,66.7,69.8,69.8,69.8,69.8,69.8,69.8,69.8,69.8,69.8,69.8,69.8,69.8,69.8,69.8,69.8,69.8,69.8,69.8,69.8,69.8,74.8,75.6,75.6,75.6,75.8,75.8,75.8,75.8,75.8,75.8,75.8,75.8,75.8,75.8,75.8,75.8,75.8,75.8,76.85,79.4,79.4,79.4,79.4,79.2,79.0,79.0,79.0,75.0,73.3,72.1,72.1,72.1,72.1,72.1,72.1,72.1,72.1,72.1,72.1,72.1,72.1,72.1,68.96,57.7,55.8,55.8,55.6,55.6,55.6,55.6,61.0,66.5,66.5,66.5,66.5,66.5,66.5,66.5,66.5,66.5,64.6,64.6,65.7,68.5,69.1,70.5,73.7,73.7,73.7,73.7,73.7,73.5,73.5,70.0,68.3,61.25,50.8,50.8,49.71,45.4,41.9,41.9,41.9,41.9,41.9,41.9,41.9,41.9,41.9,45.6,49.6,49.6,49.6,49.6,49.6,49.6,49.6,44.9,42.5,41.0,39.2,34.7,22.9,22.9,22.9,22.9,22.9,22.9,22.9,22.9,22.9,22.9,19.6,14.0,13.7,13.7,14.8,14.8,14.8,14.8,24.79,28.1,31.9,31.9,31.9,31.9,31.9,31.9,31.9,31.9,31.9,31.9,31.9,31.9,37.99,47.3,47.3,47.3,46.46,39.9,28.3,34.4,34.4,34.4,34.4,34.4,34.4,34.4,38.35,48.0,48.3,48.3,48.3,48.3,48.3,48.3,48.3,48.7,48.7,48.7,48.7,48.7,48.7,43.21,40.4,40.2,31.9,31.5,29.5,27.9,27.7,27.7,27.7,27.7,26.9,26.9,24.61,22.7,21.9,17.1,17.1,16.2,16.2,16.2,16.2,16.2,16.2,16.2,16.2,16.2,16.2,14.6,14.6,13.3,13.3,13.3,13.3,13.3,13.3,13.2,12.3,12.3,12.3,12.3,12.3,12.3,10.9,8.7,8.7,8.7,8.7,7.7,5.8,5.8,5.8,5.8,5.8,5.8,4.2,4.0,4.0,3.7,3.1,4.2,4.6,4.6,4.6,4.6,5.3,13.7,13.7,13.7,15.6,15.6,21.34,24.8,25.0,25.0,33.3,33.3,33.3,31.5,31.5,31.5,31.5,31.5,31.5,31.5,31.5,31.5,31.5,31.5,31.5,31.5,31.5,31.5,31.5,31.5,30.4,27.5,25.8,18.76,7.5,4.4,4.0,4.0,4.0,4.0,4.0,4.0,3.61,4.0,4.0,4.0,15.7,17.1,17.1,17.1,18.1,18.1,18.1,18.1,18.1,18.1,18.1,18.1,14.0,10.8,10.8,10.8,13.4,17.2,21.69,24.8,25.2,25.2,25.2,25.2,25.2,24.3,15.7,13.1,13.1,11.5,11.5,11.5,11.5,5.47,2.8,3.7,3.7,3.7,3.7,3.7,3.5,3.5,3.5,3.5,3.5,3.5,3.5,3.5,3.5,3.5,3.5,3.5,3.5,3.5,3.5,3.5,3.5,3.5,12.7,14.58,15.6,20.4,20.8,11.56,15.0,22.7,23.5,28.75,32.99,41.0,41.0,41.0,41.0,32.5,32.3,32.3,32.3,32.3,32.3,32.3,32.3,32.3,32.3,31.5,31.2,31.2,31.2,30.1,28.7,28.7,28.7,28.7,19.7,15.9,13.3,13.3,13.3,13.3,13.3,13.3,15.3,19.6,21.5,22.7,23.1,23.1,23.1,23.1,26.35,28.7,30.2,30.4,30.6,30.6,30.6,33.75,34.9,42.5,47.2,48.1,48.3,48.3,48.5,48.5,49.2,50.0,50.0,50.0,50.0,50.0,50.0,50.0,50.0,50.0,50.8,51.0,51.0,51.0,51.2,56.0,56.9,56.9,56.9,56.9,56.9,56.9,56.9,56.9,56.9,56.9,56.9,56.9,56.9,56.9,56.9,56.9,56.9,56.9,56.9,56.9,56.9,56.9,56.9,56.9,62.5,64.8,65.4,65.4,67.9,68.3,68.3,68.3,68.3,68.3,68.3,68.3,68.3,68.3,68.3,68.3,68.3,68.3,68.3,68.3,68.3,73.2,78.4,86.0,86.0,86.0,79.15,71.9,71.7,71.7,71.7,75.1,82.9,81.2,81.2,82.9,82.9,82.9,82.9,82.9,82.9,82.9,82.9,82.9,82.9,82.9,82.9,82.9,82.9,82.9,82.9,82.9
P033,51.0,51.0,51.0,51.0,51.0,51.0,51.0,51.0,50.5,50.5,50.5,50.5,50.5,50.5,50.5,50.5,50.5,50.5,50.5,50.5,50.5,50.5,50.5,50.5,50.5,50.5,50.5,50.5,50.5,50.5,50.5,50.5,50.5,50.5,50.5,50.5,50.5,50.5,50.5,50.5,50.5,50.2,50.12,50.2,50.2,50.2,50.2,50.2,50.2,50.2,50.2,50.2,50.2,50.2,50.2,50.2,50.2,50.2,50.2,50.2,50.2,50.2,50.2,50.0,50.3,40.3,38.1,38.1,38.1,38.1,38.1,38.1,48.04,50.5,50.5,50.5,50.5,50.5,50.5,50.5,50.5,53.02,56.87,54.6,54.6,54.6,54.27,52.4,52.4,52.4,52.4,52.4,52.4,47.11,46.86,48.7,48.7,48.7,48.7,48.7,48.7,48.7,48.7,48.7,48.7,48.7,48.7,48.7,48.7,48.7,48.7,50.6,51.88,50.8,50.8,50.8,50.8,50.8,50.8,50.8,50.8,50.8,50.8,50.8,50.8,50.8,50.8,50.8,50.85,69.4,75.81,78.7,82.7,80.48,70.4,69.2,72.2,72.7,72.7,73.3,73.5,73.5,76.8,86.41,87.49,87.5,87.5,87.5,87.5,87.5,87.5,87.5,83.09,77.9,77.5,77.3,77.3,77.3,77.3,77.3,77.3,75.4,75.4,67.5,63.7,53.8,53.8,51.9,51.9,51.9,51.9,51.9,51.9,51.9,51.9,51.9,51.9,51.9,51.9,51.9,51.9,51.9,51.9,51.9,51.9,51.9,51.9,51.9,51.9,51.9,51.9,51.9,51.9,51.9,50.3,50.5,50.5,50.5,50.5,50.5,50.5,50.5,50.5,50.5,50.5,51.75,66.8,69.2,74.1,74.1,74.1,74.1,74.62,86.0,77.6,77.6,77.6,77.6,75.7,75.7,57.97,51.08,49.7,49.7,49.7,49.7,49.7,49.7,49.7,49.7,49.7,49.7,49.7,49.7,49.7,49.7,49.7,49.7,49.7,49.7,49.7,49.7,49.7,49.7,49.7,49.7,49.7,49.7,53.0,79.4,77.75,73.5,73.5,73.5,73.5,73.5,61.46,53.0,53.0,48.81,35.71,28.6,28.6,30.3,30.3,30.3,30.3,30.3,30.3,31.54,32.5,32.5,25.9,26.2,26.2,26.2,26.2,26.2,26.2,26.2,26.2,26.2,26.2,40.63,44.0,50.0,50.0,50.0,50.0,50.0,50.0,49.45,48.7,48.7,48.7,31.4,24.4,24.4,24.4,28.8,45.09,48.7,48.7,48.7,48.7,48.7,48.7,48.7,48.7,48.7,48.7,48.7,47.3,48.4,48.4,45.26,24.97,24.8,22.85,16.4,24.3,23.7,19.8,15.58,13.5,0.0,2.86,17.6,21.1,21.1,21.1,18.58,18.4,3.0,3.44,9.2,0.0,0.0,0.5,14.78,44.0,46.15,49.7,50.0,50.0,50.0,50.2,50.2,50.2,60.6,86.65,85.93,57.63,51.18,50.5,50.5,50.5,50.5,50.5,50.5,50.5,50.5,50.5,50.5,50.5,50.5,50.5,50.5,33.8,30.6,30.6,7.37,0.0,0.0,0.0,6.8,6.8,6.8,6.8,24.28,32.9,16.7,13.3,13.32,13.7,13.7,13.7,13.7,11.68,6.3,6.3,8.25,14.6,2.9,22.2,21.9,14.35,13.8,13.8,13.8,13.8,13.8,13.8,13.8,27.3,27.0,29.0,36.2,36.2,33.3,27.77,27.3,19.0,16.2,12.7,12.7,12.7,10.66,1.55,1.3,0.0,0.0,0.0,0.63,12.46,12.7,12.7,6.3,6.3,6.3,10.2,7.8,10.3,11.1,11.1,11.1,11.1,11.1,11.1,0.0,0.0,0.0,13.3,16.8,17.3,17.3,9.73,0.0,0.0,0.0,0.0,0.0,0.0,0.0,0.0,0.0,0.0,0.0,0.0,0.0,0.0,9.2,15.9,16.0,16.3,16.3,16.3,51.24,51.9,64.25,70.2,64.3,64.3,64.1,83.7,81.96,79.58,69.05,60.6,56.0,35.1,32.21,11.1,0.0,18.4,26.5,26.5,26.5,26.5,25.79,34.6,34.6,34.4,34.4,28.1,28.1,28.1,19.32,4.0,24.4,24.4,24.4,24.4,24.1,30.2,30.2,31.4,30.8,30.8,30.8,30.8,30.8,30.8,30.8,30.8,33.76,34.25,34.39,33.65,33.5,33.5,33.5,33.19,24.4,19.4,19.2,19.2,19.2,19.2,19.2,19.2,0.0,0.0,0.0,0.0,0.0,0.0,0.0,0.0,0.0,0.0,0.0,0.0,0.0,6.62,12.6,17.22,23.64,29.8,29.8,32.17,33.3,33.0,33.0,41.3,41.3,41.3,41.3,41.3,41.3,41.3,41.3,41.3,41.3,41.3,41.3,37.48,30.2,30.2,30.2,30.2,27.3,22.5,11.7,9.0,4.1,0.0,0.0,0.0,0.0,0.0,0.0,0.0,1.0,2.4,2.4,2.4,2.4,2.4,2.4,2.87,14.93,5.1,0.0,0.0,0.0,0.0,0.0,0.0,0.0,0.0,0.0,0.0,1.4,1.4,1.4,1.4,19.39,30.53,36.0,36.0,36.0,36.0,36.0,36.0,36.0,36.0,32.33,22.4,21.7,20.13,14.1,7.61,4.9,2.4,0.0,0.0,0.0,0.0,0.0,0.0,0.0,0.0,0.0,0.0,0.0,0.0,0.0,0.0,0.0,0.0,0.0,0.0,0.0,0.0,0.0,0.0,0.0,1.45,7.3,9.28,19.75,25.1,25.52,0.78,0.0,0.0,5.96,16.62,23.68,23.3,37.23,40.2,43.93,45.7,45.7,45.7,45.0,36.8,31.85,29.4,29.4,29.4,44.6,38.54,40.14,37.5,36.0,35.9,35.9,34.58,23.3,18.7,12.2,8.77,8.6,10.3,10.0,18.5,45.37,37.89,23.2,23.2,23.2,23.2,23.2,23.2,23.2,48.1,50.5,49.0,54.9,53.02,52.7,52.7,50.0,50.0,50.0,50.0,50.0,50.0,50.0,50.0,50.0,50.0,50.0,50.0,50.0,50.0,50.0,50.0,50.0,48.4,48.6,50.0,50.0,50.0,50.0,50.0,50.0,50.0,50.0,50.0,50.0,50.0,50.0,50.0,50.0,50.0,50.0,50.0,50.0,50.0,49.8,50.0,50.0,50.0,50.0,50.0,50.0,50.0,50.0,50.0,50.0,50.0,50.0,50.0,50.0,50.0,50.0,50.0,51.7,51.7,51.7,51.7,51.7,51.7,51.7,53.24,74.1,54.23,50.8,50.8,50.8,50.8,51.51,67.6,74.1,52.4,58.8,66.3,75.8,78.4,78.4,76.29,60.92,48.6,48.6,48.6,48.6,48.6,48.6,48.6,48.6,56.78,69.0,66.3,66.3,66.3,66.3,66.3,66.3,66.3,66.3,66.3,66.3,66.3,66.3
P034,24.8,24.8,24.8,24.8,24.8,24.8,24.8,24.8,24.8,24.8,24.8,24.8,24.8,24.8,24.8,24.8,24.8,24.8,24.8,24.8,24.8,24.8,24.8,24.8,24.8,24.8,24.8,24.8,24.8,24.8,24.8,24.8,24.8,24.8,24.8,24.8,24.8,24.8,24.8,24.8,24.8,24.8,26.0,26.0,25.7,25.7,25.64,23.34,23.0,23.0,23.0,23.0,23.0,23.8,23.8,23.8,23.8,24.3,24.3,24.3,24.3,24.3,12.5,12.9,12.9,12.9,12.9,12.9,12.9,10.27,16.7,21.0,21.0,21.0,21.0,21.0,21.0,21.0,21.0,21.0,21.0,21.0,21.0,21.0,21.0,21.0,21.0,21.0,21.0,21.0,21.0,21.0,21.0,21.0,21.0,21.0,21.0,21.0,21.0,21.0,21.0,21.0,21.0,21.0,21.0,21.0,21.0,21.0,21.0,21.0,21.0,21.0,21.0,21.0,21.0,21.0,21.0,21.0,21.0,21.0,21.0,21.0,21.0,21.0,21.0,21.0,21.0,21.0,21.0,21.0,21.0,21.0,21.0,21.0,21.0,21.0,21.0,21.0,21.0,21.0,21.0,21.0,21.0,21.0,21.0,21.0,21.0,21.0,21.0,21.0,21.0,21.0,21.0,21.0,21.0,21.0,21.0,21.0,21.0,21.0,21.0,21.0,21.0,21.0,21.0,12.52,16.3,20.6,20.6,20.6,20.6,20.6,20.6,20.6,20.6,20.6,20.6,20.6,20.6,20.6,20.6,20.6,20.6,20.6,20.6,20.6,20.6,20.6,20.6,23.19,24.3,23.3,23.3,23.3,23.3,23.3,23.3,23.3,23.3,23.3,23.3,23.3,23.3,23.3,23.3,23.3,23.3,23.3,23.3,23.3,23.3,23.3,23.3,23.3,23.3,23.3,23.3,15.16,11.3,15.38,16.2,16.7,16.7,16.7,16.7,15.9,15.9,15.9,15.9,15.9,15.9,15.9,15.9,15.9,15.9,15.9,15.9,15.9,15.9,15.9,15.9,15.9,15.9,15.9,15.9,15.9,15.9,15.9,15.9,15.9,15.9,15.9,15.9,15.9,15.9,15.9,15.9,15.9,15.9,15.9,15.9,15.9,15.9,15.9,15.9,15.9,15.9,15.9,15.9,15.64,16.7,16.7,16.7,16.7,16.7,16.7,16.7,16.7,16.7,16.7,16.7,16.7,16.7,16.7,16.7,16.7,16.7,16.7,16.7,16.7,16.7,16.7,16.7,16.7,16.7,16.7,16.7,16.7,16.7,16.7,16.7,16.7,16.7,16.7,16.7,14.3,16.0,16.8,16.8,18.6,19.2,19.2,19.2,19.2,19.8,19.4,19.4,20.5,20.5,22.4,20.5,20.5,20.5,20.5,20.5,20.5,18.9,18.9,18.9,18.9,19.2,19.7,19.7,19.7,19.7,19.7,19.7,18.7,18.7,18.7,18.7,18.7,18.7,18.7,18.7,18.7,18.7,18.7,18.7,18.7,18.7,18.7,18.7,18.7,18.7,18.7,18.7,18.7,18.7,18.7,18.7,18.7,18.7,18.0,17.8,17.8,17.8,17.8,17.8,17.8,17.8,17.8,17.8,17.8,17.8,17.8,17.8,17.8,17.8,17.8,17.8,17.8,17.8,17.8,17.8,17.8,13.53,18.3,17.6,17.6,17.8,17.8,17.8,17.8,17.8,17.8,17.8,17.8,17.8,17.8,17.8,17.8,17.8,17.8,17.8,17.8,17.8,17.8,17.8,17.8,17.1,17.1,17.0,17.0,17.0,17.0,17.0,17.0,17.0,17.0,17.0,17.0,17.0,17.0,17.0,17.0,17.0,17.0,17.0,17.0,17.0,17.0,17.0,17.0,17.0,17.0,17.34,19.4,19.4,19.4,19.4,19.4,19.4,19.4,19.4,19.4,19.4,20.5,20.5,20.6,20.6,20.6,21.7,21.7,22.1,22.1,22.1,22.1,22.1,22.1,22.1,22.1,22.1,22.1,22.1,22.1,22.1,22.1,22.1,22.1,22.1,22.1,22.1,22.1,22.1,22.1,22.1,22.1,22.1,22.1,22.1,22.1,22.1,22.1,22.1,22.1,22.1,22.1,22.2,22.2,22.2,22.2,22.2,22.2,22.2,22.2,22.2,22.2,22.2,22.2,22.2,22.2,22.2,22.2,22.2,22.2,22.2,22.2,22.2,22.2,22.2,22.2,22.2,22.2,22.2,22.2,22.2,22.2,22.2,22.2,22.2,22.2,22.2,22.2,22.2,22.2,22.2,22.2,22.2,22.2,22.2,22.2,22.2,22.2,22.2,22.2,22.2,22.2,21.51,18.4,17.11,15.1,15.1,15.1,13.8,13.8,13.8,13.8,13.8,13.8,13.8,13.8,13.8,13.8,13.8,13.8,13.8,13.8,13.8,13.8,13.8,13.8,13.8,13.8,13.8,14.3,14.3,14.3,14.3,14.3,14.3,14.3,13.2,13.2,13.2,13.2,13.2,13.2,13.2,13.2,13.2,13.2,13.2,13.2,14.3,14.3,14.3,14.3,14.4,14.4,14.4,14.4,14.0,14.6,14.8,14.8,14.8,14.8,14.8,14.8,17.1,17.1,17.1,17.1,17.1,17.1,17.1,17.1,17.1,16.3,16.3,16.3,16.3,16.3,18.9,18.7,18.7,18.7,18.7,18.7,18.7,18.7,19.4,19.59,20.6,19.8,19.8,19.8,19.8,19.8,19.8,19.8,18.3,18.3,18.3,18.3,18.3,18.3,18.3,18.3,18.3,18.3,18.3,18.3,18.3,18.3,18.3,0.0,12.66,14.0,14.0,14.3,14.3,14.3,14.3,14.3,14.0,14.0,14.0,14.0,14.0,14.0,14.0,14.0,14.0,14.0,14.0,14.0,14.0,14.0,14.0,14.0,14.0,14.0,14.0,14.0,14.0,14.0,14.0,14.0,14.0,14.0,14.0,14.0,14.0,14.0,14.0,14.0,14.0,14.4,14.4,14.9,14.9,15.1,21.0,21.0,21.0,21.0,21.0,21.0,21.0,21.0,21.0,21.0,21.0,21.0,21.0,21.0,21.3,22.5,24.49,24.4,24.4,24.4,24.4,24.4,24.4,24.4,24.4,24.4,24.4,23.7,22.1,22.1,22.1,21.1,21.0,21.0,21.0,21.0,21.17,21.1,21.1,21.1,21.1,21.1,21.1,21.1,20.8,21.0,21.3,21.3,21.4,21.4,21.4,21.3,21.1,21.1,21.1,21.3,21.3,21.1,19.4,19.4,19.4,19.4,19.4,19.4,19.2,19.2,19.2,19.2,19.2,19.2,19.2,19.2,19.2,19.2,19.2,19.2,19.2,19.2,19.2,19.2,19.2,19.2,19.2,19.2,19.2,19.2,19.2,19.2,19.2,19.2,19.2,19.2,18.9,18.3,18.3,17.55,17.5,17.5,17.5,17.5,18.2,19.0,16.7,16.7,16.7,16.7,16.7,16.7,16.7,16.7,16.7,16.7,16.7,16.48
P035,67.0,67.0,67.0,67.0,67.0,66.3,64.85,64.8,64.5,58.82,40.24,26.75,13.16,6.0,6.0,0.0,0.0,0.0,0.0,0.1,0.1,0.0,0.0,0.0,0.0,0.0,0.0,0.0,0.0,0.0,0.44,0.0,0.0,0.0,0.0,0.4,0.0,5.57,34.56,36.45,54.4,54.4,54.4,54.4,54.4,56.9,60.71,56.14,48.05,40.92,30.7,0.0,0.0,0.0,0.0,0.0,0.0,0.0,0.0,0.0,5.73,25.5,25.5,25.5,25.5,25.5,25.5,25.7,35.8,35.8,44.93,45.7,45.91,51.5,51.5,51.5,53.1,53.1,53.1,53.1,54.2,51.5,53.52,63.1,55.5,29.63,27.0,8.83,0.0,0.0,0.0,0.0,0.0,0.0,0.0,6.6,6.4,6.75,13.96,23.4,5.8,4.36,0.0,0.0,0.0,0.0,0.0,0.0,0.0,0.0,0.0,0.0,0.0,0.0,0.0,0.0,0.0,0.0,0.0,0.0,0.0,0.0,0.0,0.0,0.0,0.0,0.0,0.0,0.0,0.0,0.0,0.0,0.0,0.0,0.0,0.0,0.0,0.0,0.0,0.0,0.0,0.0,0.0,0.0,0.0,0.0,0.0,0.0,0.0,0.0,0.0,0.0,0.0,0.0,0.0,0.0,0.0,0.0,0.0,0.0,0.0,0.0,0.1,0.0,0.0,0.0,0.0,0.0,0.0,0.0,0.0,0.0,0.0,0.0,0.0,0.0,0.0,0.0,0.0,0.0,0.0,0.0,0.0,0.0,0.0,0.0,0.0,0.0,0.0,0.0,0.0,0.0,0.0,0.0,0.0,0.0,0.0,0.0,0.0,0.0,0.0,0.0,0.0,0.0,0.0,0.0,5.7,10.0,25.48,28.1,28.1,28.1,23.3,23.3,23.3,23.3,10.03,0.0,0.0,0.0,0.0,0.0,0.0,0.0,0.0,0.0,0.0,0.0,0.0,0.0,0.0,0.0,0.0,0.0,0.0,0.0,0.0,0.0,0.0,0.0,0.0,0.0,0.0,0.0,0.0,0.0,3.9,8.4,17.7,23.1,24.45,43.5,40.1,40.1,39.4,38.2,37.9,37.9,37.9,37.9,35.15,34.7,34.7,34.7,34.7,34.7,34.8,59.51,60.1,60.1,63.36,64.6,67.8,67.8,67.8,70.8,70.8,70.8,70.8,71.01,74.3,74.5,74.5,74.5,74.5,74.19,73.9,68.9,68.9,68.9,63.64,63.3,63.3,63.6,63.6,52.22,54.02,59.6,59.6,59.8,51.9,49.5,47.9,39.5,34.05,24.7,25.0,25.86,52.5,52.9,53.2,53.2,53.2,53.2,53.2,53.4,55.8,55.8,55.8,55.8,55.8,52.94,44.09,38.2,21.31,18.5,0.0,6.1,4.14,2.1,1.9,1.9,1.9,1.9,0.43,0.0,0.0,0.0,0.0,0.0,0.0,0.0,0.0,0.0,17.06,9.92,7.0,7.0,7.0,7.0,7.0,7.0,7.0,7.0,7.0,7.0,7.0,7.0,7.0,7.0,7.0,7.0,7.0,7.0,7.0,7.0,0.0,0.0,0.0,0.0,0.0,0.0,0.0,0.0,0.0,0.0,0.0,0.0,0.0,0.0,0.0,0.0,0.0,0.0,0.0,0.0,0.0,0.0,0.0,0.0,0.0,0.0,0.0,0.0,0.0,0.0,0.0,0.0,0.0,0.0,0.0,0.0,0.0,0.0,0.0,0.0,0.0,0.0,0.0,0.0,0.0,0.0,0.0,0.0,0.0,0.0,0.0,0.0,0.0,0.0,0.0,0.0,0.0,0.0,0.0,0.0,0.0,0.0,0.0,0.0,0.0,0.0,0.0,0.0,0.0,0.0,0.0,0.0,0.0,0.0,0.0,0.0,0.0,0.0,0.0,0.0,0.0,0.0,0.0,0.0,0.0,0.0,0.0,0.0,0.0,0.0,0.0,0.0,0.0,0.0,0.0,0.0,0.0,0.0,0.0,0.0,0.0,0.0,0.0,0.1,0.1,0.1,0.1,0.1,0.1,0.1,0.0,0.0,0.0,0.0,0.0,0.0,0.0,0.0,0.0,0.0,0.0,0.0,0.3,0.3,0.3,0.3,0.3,0.3,0.3,0.3,0.3,0.3,0.3,0.3,0.3,0.3,0.0,0.0,0.0,0.0,0.0,0.0,2.9,0.45,0.0,0.0,0.0,0.0,0.0,0.0,0.0,0.0,0.0,0.0,0.0,0.0,0.0,0.1,0.0,0.0,0.0,0.0,0.0,0.0,0.0,0.0,0.0,0.0,0.0,0.0,0.0,0.0,0.0,0.0,0.0,0.0,0.0,0.0,0.0,0.0,0.0,0.0,0.0,0.0,0.0,0.0,0.0,0.0,0.0,0.0,0.0,0.0,0.0,0.0,0.0,0.0,0.0,0.0,0.0,0.0,0.0,0.0,0.0,0.0,0.0,0.0,0.0,0.0,0.0,0.0,0.0,0.0,0.0,0.0,0.0,0.0,0.0,0.0,0.0,0.0,0.0,0.0,0.0,0.0,0.0,0.0,0.0,0.0,0.0,0.0,0.0,0.0,0.0,0.0,0.0,0.0,0.0,0.0,0.0,0.0,0.4,0.0,0.0,0.0,0.0,0.0,0.0,0.0,0.0,0.0,0.0,0.0,0.0,0.0,0.0,0.0,0.0,0.0,0.0,0.0,0.0,0.0,0.0,0.0,0.0,0.0,0.0,0.0,0.0,0.0,0.0,0.0,0.0,0.0,0.0,0.0,0.0,0.0,0.0,0.0,0.0,0.0,0.0,0.0,0.0,0.0,0.0,0.0,0.0,0.0,0.0,0.0,0.0,0.0,0.0,0.0,0.0,0.0,0.0,0.0,0.0,0.0,0.0,0.0,0.0,0.0,0.0,0.0,0.0,0.0,0.0,0.0,0.0,0.0,0.0,0.0,0.0,0.0,0.3,0.4,0.0,0.0,0.0,0.0,0.0,0.0,0.0,0.0,0.6,0.1,0.0,0.0,0.0,0.0,0.0,0.0,0.0,0.0,0.0,0.0,0.0,0.0,0.0,0.0,0.0,0.0,0.0,0.0,0.0,0.0,0.0,0.0,0.0,0.0,0.0,0.0,0.0,0.0,0.0,0.0,0.0,0.0,0.0,0.0,0.0,0.0,0.0,0.0,0.0,0.0,0.0,0.0,0.0,0.0,0.0,0.0,0.0,0.0,0.0,0.0,0.0,0.0,0.0,0.0,0.0,0.0,0.0,0.0,0.0,0.0,0.0,0.0,0.0,0.0,0.0,0.0,0.0,0.0,0.0,0.0,0.0,0.0,0.0,0.0,0.0,0.0,0.0,0.0,0.0,0.0,0.0,0.0,0.0,0.0,0.0,0.0,0.0,0.0,0.0,0.0,0.0,0.0,0.0,0.0,0.0,0.0,0.0,0.0,0.0,0.0,0.0,0.0,0.0,0.0,0.0,0.0,9.56,10.3,11.1,14.67,13.0,13.0
P036,93.8,93.8,93.8,93.8,93.8,93.8,93.8,93.8,93.8,93.8,93.8,93.8,93.8,93.8,82.42,74.8,74.8,74.8,74.8,74.8,74.8,74.8,74.8,74.8,74.8,74.8,74.8,74.8,74.7,72.16,40.07,31.09,4.9,4.9,4.9,4.9,4.9,4.9,4.9,4.9,4.9,4.9,4.9,4.9,4.9,4.9,4.9,4.9,4.9,4.9,4.9,4.9,4.9,7.64,29.85,37.5,37.5,37.5,37.5,37.5,37.5,37.5,37.5,37.5,37.5,37.5,58.97,74.71,87.5,89.1,89.1,89.1,89.1,89.1,89.1,89.1,89.1,89.1,89.1,89.1,89.1,89.1,89.1,89.1,89.1,89.1,89.1,89.1,89.1,79.04,15.38,12.5,12.5,12.5,12.5,12.5,12.5,12.5,12.5,12.5,12.5,12.5,12.5,12.5,12.5,12.5,12.5,12.5,12.5,12.5,12.5,12.5,12.5,12.5,12.5,12.5,12.5,12.5,12.5,12.5,12.5,12.5,12.5,12.5,12.5,12.5,12.5,12.5,12.5,12.5,12.5,12.5,12.5,12.5,12.5,12.5,12.5,12.5,12.5,12.5,12.5,12.5,12.5,12.5,12.5,12.5,12.5,12.5,12.5,12.5,12.5,12.5,12.5,12.5,12.5,12.5,12.5,12.5,12.5,44.53,77.48,93.4,93.4,93.4,93.4,93.4,93.4,93.4,93.4,93.4,93.4,93.4,93.4,93.4,93.4,93.4,93.4,93.4,93.4,93.4,93.4,93.4,93.4,93.4,93.4,93.4,93.4,92.5,92.5,56.05,29.7,10.6,10.6,10.1,10.1,10.1,10.1,10.1,10.1,10.1,10.1,10.1,10.1,10.1,10.1,10.1,10.1,10.1,10.1,10.1,10.1,10.1,10.1,10.1,10.1,10.1,10.1,10.1,10.1,10.1,10.1,10.1,10.1,10.1,10.1,10.1,10.1,10.1,10.1,10.1,10.1,10.1,10.1,10.1,10.1,10.1,10.1,10.1,10.1,10.1,10.1,10.1,10.1,10.1,10.1,10.1,10.1,10.1,10.1,10.1,10.1,10.1,10.1,10.1,10.1,10.1,10.1,10.1,10.1,10.1,10.1,10.1,10.1,10.1,10.1,10.1,10.1,10.1,10.1,26.6,87.12,52.94,5.6,10.6,10.6,10.6,10.6,10.6,10.6,10.6,10.6,10.6,10.6,10.6,10.6,10.6,10.6,10.6,10.6,10.6,10.6,10.6,10.6,10.6,10.6,10.6,10.6,10.6,10.6,10.6,10.6,10.6,10.6,10.6,10.6,10.6,10.6,10.6,10.6,10.6,10.6,10.6,10.6,10.6,10.6,10.6,10.6,10.6,10.6,10.6,10.6,10.6,10.6,10.6,20.68,78.8,86.3,86.66,89.2,89.2,89.2,89.2,89.2,89.2,89.2,89.2,89.2,89.2,89.2,89.2,89.2,89.2,89.2,89.2,89.2,89.2,89.2,89.2,89.2,89.2,89.2,89.2,89.2,89.2,89.2,89.2,89.2,89.2,89.2,89.2,89.2,89.2,89.2,89.2,89.2,89.2,89.2,89.2,89.2,89.2,89.2,89.2,89.2,89.2,89.2,89.2,89.2,89.2,89.2,89.2,89.2,89.2,89.2,89.2,89.2,89.2,89.2,89.2,89.2,89.2,89.2,89.2,89.2,89.2,89.2,89.2,89.2,89.2,89.2,89.2,89.2,89.2,89.2,89.2,89.2,89.2,89.2,89.2,89.2,89.2,89.2,89.2,89.2,89.2,89.2,89.2,89.2,89.2,89.2,89.2,89.2,89.2,89.2,89.2,89.2,89.2,89.2,89.2,89.2,89.2,89.2,89.2,89.2,89.2,89.2,89.2,89.2,89.2,89.2,89.2,89.2,89.2,89.2,89.2,89.2,89.2,89.2,89.2,89.2,89.2,89.2,89.2,89.2,89.2,89.2,89.2,89.2,89.2,89.2,89.2,89.2,89.2,89.2,89.2,89.2,89.2,89.2,89.2,89.2,89.2,89.2,89.2,89.2,89.2,89.2,89.2,89.2,89.2,89.2,89.2,89.2,89.2,89.2,89.2,89.2,89.2,89.2,89.2,89.2,89.2,89.2,89.2,89.2,89.2,89.2,89.2,89.2,89.2,89.2,89.2,89.2,87.08,98.3,91.7,91.7,91.7,91.7,91.7,91.7,91.7,91.7,91.7,91.7,91.7,91.7,91.7,91.7,91.7,91.7,91.7,91.3,80.6,80.6,80.6,61.53,9.5,9.4,9.4,9.4,9.4,9.4,9.4,9.4,9.4,9.4,9.4,9.4,9.4,9.4,9.4,9.4,9.4,9.4,9.4,9.4,9.4,9.4,9.4,9.4,9.4,9.4,9.4,9.4,9.4,9.4,9.4,9.4,9.4,9.4,9.4,9.4,9.4,9.4,9.4,9.4,9.4,9.4,9.4,9.4,9.4,9.4,9.4,9.4,9.4,9.4,9.4,9.4,9.4,9.4,9.4,9.4,9.4,9.4,9.4,9.4,9.4,9.4,9.4,9.4,9.4,9.4,9.4,9.4,9.4,9.0,9.0,9.0,9.0,9.0,9.0,9.2,12.3,11.3,11.1,11.1,11.1,11.1,11.1,11.1,11.1,11.1,11.1,11.1,11.1,11.1,11.1,11.1,11.1,11.1,11.1,11.1,11.1,11.1,11.6,10.9,12.2,11.6,10.1,9.5,9.5,9.5,9.5,9.5,9.5,9.5,9.5,9.5,9.5,9.5,9.5,9.5,9.5,9.5,9.5,9.5,9.5,9.5,9.5,9.5,9.5,9.5,9.5,9.5,9.5,9.5,9.5,9.5,9.5,9.5,9.5,9.5,9.5,9.5,9.5,9.5,9.5,9.5,9.4,11.3,11.3,11.3,11.3,11.3,55.66,86.82,91.5,91.5,91.5,91.5,91.5,91.5,91.5,91.5,91.5,91.5,91.5,91.5,91.5,91.5,91.5,91.5,91.5,91.5,91.5,91.5,91.5,91.5,91.5,91.5,91.5,91.5,91.5,91.5,91.5,91.5,91.5,91.5,91.5,91.5,91.5,91.5,91.5,91.5,91.5,91.5,91.5,91.5,91.5,91.5,91.5,91.5,91.5,91.5,91.5,91.5,91.5,91.5,91.5,91.5,91.5,91.5,91.5,91.5,91.5,91.5,91.5,91.5,91.5,91.5,91.5,91.5,91.5,91.5,91.5,91.5,91.5,91.5,91.5,91.5,91.5,91.5,91.5,91.5,91.5,91.5,91.5,91.5,91.5,91.5,100.0,100.0,100.0,100.0,100.0,100.0,99.3,91.8,91.8,91.8,91.8,91.8,91.8,91.8,91.8,91.8,89.4,89.4,89.4,88.36,78.32,83.3,83.3,83.3,83.3,83.3,83.3,83.3,83.3,83.3,83.3,83.3,83.3,83.3,84.0,84.0,97.61,98.17,84.0,84.0,84.0,84.0,84.0,84.0,84.0,84.0,84.0,84.0,84.0
P037,79.0,78.8,78.8,78.8,78.8,78.8,78.8,78.8,78.8,77.6,77.8,77.8,75.72,73.7,73.7,73.7,72.2,72.2,72.8,72.8,72.8,72.8,72.8,72.8,72.8,64.55,39.6,29.5,59.5,31.9,31.96,48.23,32.78,31.9,31.9,31.91,56.9,62.4,62.5,62.5,66.8,66.8,66.8,68.74,68.9,70.83,73.62,73.6,35.38,46.8,69.3,71.0,71.4,71.4,73.88,73.6,72.2,72.8,72.8,72.8,72.8,72.8,72.8,73.4,75.9,75.9,75.9,75.9,75.9,75.9,72.0,71.8,72.0,72.0,72.0,72.0,82.0,77.13,79.2,79.2,79.2,79.2,79.2,79.2,79.2,78.6,78.0,77.4,77.4,77.6,76.8,76.8,76.6,76.6,76.6,79.2,84.4,84.4,84.4,84.4,84.4,84.4,84.4,84.4,84.4,84.4,81.3,79.7,82.7,81.1,81.1,82.17,81.9,81.9,81.9,81.9,81.9,81.9,81.3,81.7,81.7,81.7,81.7,81.7,81.7,81.7,81.7,81.7,81.7,81.7,81.7,82.42,80.5,80.5,80.5,80.5,80.5,80.5,80.5,80.5,80.5,80.5,80.5,80.5,80.5,79.4,75.9,79.42,81.3,81.3,83.44,83.6,83.6,83.6,83.6,83.6,83.6,83.6,83.6,81.5,81.5,78.4,78.4,78.4,78.4,78.4,78.4,78.4,78.4,75.9,76.1,76.1,76.1,71.0,68.9,73.6,74.3,74.3,74.3,74.3,74.3,74.3,74.3,74.3,74.3,74.3,74.3,74.3,74.3,74.3,74.3,74.3,74.3,74.3,74.3,74.3,74.3,74.3,74.3,74.3,74.3,74.3,74.3,74.3,74.3,74.3,74.3,74.3,74.3,74.3,74.3,74.3,74.3,74.3,74.3,74.3,74.3,74.3,74.3,74.3,74.3,74.3,74.3,74.3,74.3,74.3,74.3,74.3,74.3,75.93,79.7,80.5,80.5,68.02,66.8,66.8,66.8,66.8,66.8,66.8,66.8,66.8,66.8,66.8,69.1,76.87,76.3,76.3,75.9,70.1,70.3,69.7,71.2,71.2,71.2,71.2,71.2,71.2,71.2,71.2,71.2,71.2,70.97,70.5,70.5,70.5,70.5,70.5,70.5,70.5,70.5,70.5,71.4,71.4,70.7,70.7,70.7,70.7,70.7,70.7,70.7,70.7,70.7,70.7,70.7,70.7,70.7,70.7,70.7,70.7,70.7,70.7,70.7,70.7,70.7,70.7,70.7,70.7,70.7,70.7,70.7,70.7,70.8,70.8,71.2,71.2,71.2,71.2,71.2,71.2,71.2,71.2,70.5,70.5,70.5,70.5,70.5,70.5,70.5,70.5,70.5,70.5,70.5,70.5,70.5,68.9,69.13,69.5,69.5,69.5,69.5,69.5,70.5,72.74,71.2,71.2,71.2,70.5,70.5,70.7,71.8,71.8,71.8,71.8,71.8,71.8,71.4,71.4,71.4,71.4,71.4,71.4,71.4,71.4,71.4,71.4,71.4,71.4,71.4,71.4,71.4,71.4,71.4,71.4,71.4,71.4,71.4,71.4,71.4,71.4,71.4,71.4,71.8,71.8,71.8,71.8,71.8,71.8,71.8,71.8,71.8,71.6,71.6,72.6,72.6,72.6,72.6,72.6,72.6,72.6,72.6,72.6,65.64,40.7,38.8,48.6,52.3,56.82,57.7,66.0,66.0,66.0,66.0,66.0,66.0,66.0,59.65,57.5,57.5,57.5,57.5,53.5,37.5,37.5,37.5,37.5,35.3,34.9,34.9,34.9,18.04,18.0,18.0,18.0,36.45,49.6,52.16,60.0,62.7,62.7,62.7,62.7,62.7,62.72,68.7,68.7,69.7,69.7,69.7,69.7,69.7,69.7,69.7,69.7,69.7,69.7,69.7,69.7,69.7,69.7,69.7,39.2,39.2,39.2,39.2,39.2,39.2,39.2,37.3,37.3,37.3,37.3,37.3,37.3,37.3,37.3,35.64,34.2,34.2,34.2,34.2,34.2,34.2,34.2,34.2,34.2,34.2,34.2,34.2,34.2,34.2,34.2,34.2,34.2,34.2,34.2,6.2,22.2,22.2,22.2,22.2,22.2,22.2,22.2,22.2,22.2,22.2,22.2,22.2,20.1,20.1,13.69,13.3,13.3,15.3,15.3,15.3,15.3,15.6,15.6,13.7,16.4,20.76,22.8,22.8,22.8,22.8,22.8,22.8,22.8,22.8,9.88,10.6,10.58,23.82,22.4,19.7,20.54,21.46,21.8,19.0,17.0,17.0,17.2,17.2,17.2,17.2,17.2,17.0,17.0,16.6,16.0,15.1,14.9,14.9,14.9,14.9,15.6,15.6,15.6,15.6,15.6,15.6,20.8,21.0,21.0,21.0,21.0,21.0,21.0,21.0,21.0,22.3,34.39,34.7,34.7,34.7,34.7,34.7,34.7,34.7,34.7,34.7,34.7,34.7,34.7,34.7,34.9,35.3,35.3,35.9,35.9,35.9,35.9,35.9,36.1,36.1,36.5,36.5,36.5,36.5,36.5,36.5,36.5,36.5,36.5,36.5,36.5,36.5,36.5,36.5,36.5,36.5,34.9,23.81,29.5,29.5,29.5,29.5,27.76,34.2,36.5,37.6,37.6,36.5,36.5,36.5,36.5,36.5,36.5,36.5,36.5,36.5,36.5,36.5,36.5,36.5,38.2,39.6,39.6,39.6,39.6,39.6,39.6,39.6,39.6,39.6,39.6,39.6,39.8,39.8,39.8,39.8,38.4,38.8,39.6,39.6,34.75,39.35,40.5,40.5,40.5,40.2,40.2,40.2,40.2,40.2,40.2,40.2,40.2,40.0,40.0,40.0,40.0,40.0,40.0,40.0,40.0,40.0,40.0,40.0,40.0,40.0,40.0,40.0,40.0,40.0,39.76,36.9,36.9,36.9,36.9,36.9,36.9,36.9,36.9,36.9,36.9,36.9,36.9,32.4,32.0,36.98,36.5,36.5,36.5,31.3,31.3,31.3,32.2,32.6,32.6,32.6,32.4,32.4,32.4,32.4,32.4,32.4,32.4,32.4,59.17,64.5,65.1,65.1,65.1,65.1,67.4,72.8,72.8,72.8,72.8,70.74,71.2,71.2,71.2,71.2,71.2,71.2,71.2,71.2,71.2,71.2,71.2,71.2,71.2,71.2,71.2,71.4,71.4,71.4,71.4,71.4,71.4,71.4,71.4,71.4,71.4,71.4,71.4,71.4,71.4,71.4,71.4,71.4,71.4,71.4,71.4,71.4,71.4,71.4,71.4,71.4,71.4,71.4,71.4,71.6,71.6,71.6,71.6,71.6,71.6,71.6,71.6,71.6,71.6,71.6,71.6,71.6,71.6,71.6,74.54,73.6,73.81,73.9,73.9,72.2,72.6,72.6,72.64,72.8,72.8,72.8,72.8,72.8,72.8,72.8,72.8,72.8,72.8,72.8,72.8,72.8,72.8,72.8,72.8,72.8,72.8
P038,62.9,62.9,62.9,66.88,70.6,70.6,70.6,70.6,70.6,70.6,70.6,70.6,70.6,70.6,70.6,70.6,70.6,100.0,68.9,70.8,70.8,70.8,70.8,71.7,71.7,72.9,69.4,67.96,67.9,66.73,58.97,61.6,61.7,61.7,61.7,61.7,61.7,62.4,61.99,61.6,64.1,63.8,63.93,66.44,66.8,66.8,67.56,68.4,68.4,69.0,69.0,69.0,64.46,72.16,72.4,72.4,69.5,69.5,69.5,69.5,68.9,68.9,68.9,68.9,68.9,52.4,27.38,28.1,28.3,30.68,37.6,38.9,38.22,40.17,58.4,60.3,61.1,72.2,72.2,71.7,71.6,60.77,64.6,64.4,64.4,64.4,64.4,64.4,64.4,64.4,38.95,31.0,27.9,27.9,27.9,27.9,27.9,27.9,27.9,42.31,39.2,39.2,39.2,39.2,39.2,39.34,41.9,41.9,41.9,41.9,41.9,41.9,41.9,41.9,41.9,41.9,41.9,41.9,41.9,41.7,41.7,26.16,0.0,5.61,41.83,45.9,46.3,43.0,43.0,43.0,43.2,43.2,43.2,43.2,25.1,25.4,22.1,22.1,54.9,54.9,54.9,54.9,54.9,54.9,54.9,54.9,54.9,54.9,54.9,46.08,36.2,38.7,38.9,39.0,39.0,39.0,22.7,26.0,44.0,35.7,35.9,35.9,35.9,35.9,35.9,35.9,35.9,35.9,35.9,35.9,35.9,35.9,35.9,35.9,35.9,35.9,35.9,35.9,34.4,34.4,37.3,41.9,41.9,41.9,41.9,41.9,41.9,41.9,44.1,44.1,44.1,44.1,44.1,44.1,44.1,48.1,47.5,47.5,47.5,47.5,47.16,24.0,16.43,21.54,21.7,10.57,0.0,20.57,55.93,40.6,39.4,39.2,39.2,39.2,39.2,39.2,39.2,39.2,39.2,39.2,39.2,39.2,39.2,39.0,38.3,38.3,38.3,38.3,38.3,38.3,38.3,38.3,38.3,38.3,38.3,38.3,38.3,38.3,38.3,38.3,43.66,36.5,35.6,35.6,49.97,71.4,73.0,64.4,60.94,55.2,55.7,60.87,69.2,69.2,69.2,61.96,62.5,62.5,62.5,62.5,62.5,62.5,62.5,62.5,62.5,62.5,62.5,62.5,62.5,62.5,62.5,62.5,62.5,62.5,62.5,62.5,62.5,62.5,36.5,29.0,28.7,29.4,29.4,29.4,29.4,29.4,29.4,29.4,29.4,29.4,29.4,29.4,29.4,29.4,29.4,29.4,29.4,29.4,29.4,29.4,29.4,34.44,48.96,55.4,46.38,43.0,42.1,42.1,42.1,42.1,42.1,42.1,42.1,42.1,42.1,42.1,42.1,42.1,42.1,42.1,42.1,42.1,42.1,42.1,42.67,65.43,65.4,65.4,65.4,65.4,65.4,59.23,59.0,59.0,59.0,59.0,59.0,59.0,59.0,59.0,59.0,59.0,59.0,59.0,59.0,59.0,59.0,72.63,100.0,92.1,92.1,91.48,67.26,64.8,64.8,64.8,64.8,64.8,64.8,64.8,64.8,64.8,64.8,64.8,64.8,64.8,64.8,64.8,64.8,64.8,64.8,64.8,64.8,64.8,64.8,64.8,64.8,64.8,64.8,64.8,64.8,64.8,64.8,64.8,64.8,64.8,64.8,64.8,64.8,64.8,64.8,64.8,64.8,64.8,64.8,64.8,64.8,64.8,64.8,64.8,64.8,64.8,64.8,64.8,64.8,64.8,64.8,64.8,64.8,64.8,64.8,64.8,64.8,64.8,64.8,64.8,64.8,64.8,64.8,64.8,64.8,64.8,64.8,64.8,64.8,60.8,64.8,64.1,64.1,64.1,64.1,64.1,64.1,64.1,64.1,64.1,64.1,64.1,64.1,64.1,64.1,64.1,64.1,64.1,64.1,64.1,64.1,64.1,64.1,64.1,64.1,64.1,64.1,64.1,64.1,64.1,64.1,64.1,64.1,64.1,64.1,64.1,64.1,64.1,64.1,64.1,64.1,64.1,64.1,64.1,64.1,64.1,64.1,64.1,64.1,64.1,64.1,64.1,64.1,64.1,64.1,64.1,64.1,64.1,64.1,64.1,64.1,64.1,64.1,64.1,64.1,64.1,64.1,64.1,64.1,64.1,64.1,64.1,64.1,64.1,63.2,63.0,69.4,69.5,70.8,70.8,70.8,70.8,70.8,70.8,70.8,70.8,70.8,70.8,70.8,70.8,70.8,70.8,70.8,70.8,70.8,70.8,70.8,70.8,70.8,70.8,70.8,70.8,70.8,70.8,70.8,70.8,70.8,70.8,70.8,70.8,70.8,70.8,70.8,70.8,68.4,67.6,71.6,74.3,74.3,74.3,74.3,74.3,74.3,74.3,74.3,74.3,74.3,74.3,74.3,74.3,74.3,74.3,74.3,74.3,74.3,74.3,74.3,74.3,74.3,74.3,74.3,74.3,74.3,74.3,74.3,74.3,74.3,74.3,74.3,74.3,74.3,74.3,74.3,74.3,74.3,74.3,74.3,74.3,74.3,74.3,74.3,74.3,74.3,74.3,74.3,75.9,75.9,75.9,75.9,75.9,75.9,75.9,75.9,75.9,75.9,75.9,75.9,75.9,75.9,75.9,75.9,75.9,75.9,75.9,75.9,75.9,75.9,75.9,75.9,75.9,75.9,75.9,75.9,75.9,75.9,75.9,75.9,75.9,75.9,75.9,75.9,75.9,75.9,77.5,77.5,77.5,77.5,77.5,97.04,90.66,90.2,79.48,79.5,80.0,80.0,80.0,80.0,80.0,80.0,79.5,100.0,100.0,100.0,100.0,48.7,48.7,48.7,48.7,48.7,72.5,72.5,72.5,72.5,72.5,96.3,96.3,72.5,96.3,96.3,96.3,72.5,96.3,94.16,92.24,91.1,91.1,91.1,91.1,91.1,91.1,91.1,91.1,91.1,91.1,91.1,91.1,91.1,91.1,91.1,91.1,91.1,91.1,91.1,91.1,91.1,91.1,91.1,91.1,91.1,91.1,91.1,100.0,100.0,100.0,100.0,100.0,100.0,100.0,100.0,100.0,100.0,99.7,98.3,83.2,83.2,83.2,81.3,81.3,81.3,81.3,81.3,81.3,81.3,81.3,81.3,81.3,81.3,81.3,81.3,81.3,81.3,81.3,81.3,81.3,81.3,81.3,81.3,80.1,70.65,70.3,70.3,70.3,70.3,70.3,70.3,70.3,69.94,69.2,69.2,69.2,69.2,68.4,68.4,68.4,68.4,68.4,68.4,68.4,68.4,68.4,68.4,68.4,68.4,68.4,68.4,68.4,68.4,68.4,67.37,61.43,60.8,60.8,60.8,60.8,51.23,43.8,43.2,43.5,43.5,43.5,43.5,43.5,43.5,44.1,45.1,45.1,45.1,45.1,45.1,45.1,45.1,48.56,57.6,57.6,57.6,57.6,57.6,57.6,57.6,57.6,57.6,57.6,57.6,57.6,57.6,57.6,57.6,57.6,57.6,57.6,57.6,57.6
P039,83.5,83.5,83.5,83.5,83.5,83.5,83.5,83.5,83.5,83.5,83.5,83.5,83.5,83.5,83.5,83.5,83.5,83.5,83.5,83.5,83.5,83.5,83.5,83.5,83.5,83.5,83.5,83.5,83.5,83.5,83.5,83.5,83.5,83.5,83.5,83.5,83.5,83.5,83.5,83.5,83.5,83.5,83.5,83.5,83.5,83.5,90.12,71.0,66.7,66.7,66.7,66.7,66.7,66.7,66.7,66.7,66.7,66.7,66.7,66.7,66.7,66.7,66.7,66.7,66.7,67.58,68.1,68.1,76.0,77.5,76.5,76.5,76.5,76.5,76.5,76.5,76.5,76.5,76.5,76.5,76.5,76.5,76.5,76.5,76.5,76.5,76.5,76.5,76.5,76.5,76.5,76.5,76.5,76.5,76.5,76.5,76.5,76.5,76.5,76.5,76.5,76.5,76.5,76.5,76.5,76.5,76.5,76.5,76.5,76.5,76.5,76.5,76.5,76.5,76.5,76.5,76.5,76.5,76.5,76.5,76.5,76.5,76.5,76.5,76.5,76.5,76.5,76.5,76.5,76.5,76.5,76.5,76.5,76.5,76.5,76.5,76.5,76.5,76.5,76.5,76.5,76.5,76.5,76.5,76.5,76.5,76.5,76.5,76.5,76.5,76.5,76.5,76.5,76.5,76.5,76.5,76.5,76.5,76.5,76.5,76.5,76.5,76.5,76.5,76.5,76.5,76.5,76.5,76.5,76.5,76.5,76.5,76.5,76.5,76.5,76.5,76.5,76.5,76.5,76.5,76.5,76.5,76.5,76.5,76.5,76.5,76.5,76.5,76.5,76.5,76.5,76.5,76.5,76.5,76.5,76.5,76.5,76.5,76.5,76.5,76.5,76.5,76.5,76.5,76.5,76.5,76.5,76.5,76.5,76.5,76.5,76.5,76.5,76.5,76.5,76.5,76.5,76.5,76.5,76.5,76.5,76.5,76.5,76.5,76.5,76.5,76.5,76.5,76.5,76.5,76.5,76.5,76.5,76.5,76.5,76.5,76.5,76.5,76.5,76.5,76.5,76.5,76.5,76.5,76.5,76.5,76.5,76.5,76.5,76.5,76.5,76.5,76.5,76.5,76.5,76.5,76.5,76.5,76.5,76.5,76.5,76.5,76.5,76.5,76.5,76.5,76.5,76.5,76.5,76.5,76.5,76.5,76.5,76.5,76.5,76.5,76.5,76.5,76.5,76.5,99.2,86.61,74.08,74.2,74.2,74.2,74.2,74.2,74.2,74.2,74.2,74.2,74.2,74.2,74.2,74.2,74.2,74.2,74.2,74.2,74.2,74.2,74.2,74.2,74.2,74.2,74.2,74.2,74.2,74.2,74.2,74.2,74.2,74.2,74.2,74.2,74.2,74.2,71.3,71.5,71.5,71.5,71.5,71.7,71.9,71.9,71.9,71.9,71.9,71.9,71.9,71.9,71.9,71.9,71.9,71.9,71.9,71.9,71.9,71.9,71.9,71.9,71.9,71.9,71.9,71.9,71.9,71.9,71.9,71.9,71.9,71.9,71.9,71.9,71.9,71.9,71.9,71.9,71.9,71.9,71.9,71.9,71.9,71.9,71.9,71.9,71.9,71.9,71.9,71.9,71.9,71.9,71.9,71.9,71.9,71.9,71.9,71.9,71.9,71.9,71.9,71.9,71.9,71.9,71.9,71.9,71.9,71.9,71.9,71.9,71.9,71.9,71.9,71.9,71.9,71.9,71.9,71.9,71.9,71.9,71.9,71.9,71.5,73.8,73.8,73.8,73.8,73.8,73.8,73.8,73.8,73.8,73.8,73.8,73.8,73.8,73.8,73.8,73.8,73.8,73.8,73.8,73.8,73.8,73.8,73.8,73.8,73.8,73.8,73.8,73.8,73.8,73.8,73.8,73.8,73.8,73.8,100.0,100.0,100.0,100.0,100.0,100.0,100.0,100.0,100.0,100.0,100.0,100.0,100.0,100.0,100.0,100.0,100.0,100.0,100.0,100.0,100.0,100.0,100.0,100.0,100.0,100.0,100.0,100.0,100.0,100.0,100.0,100.0,100.0,100.0,100.0,100.0,100.0,100.0,100.0,100.0,100.0,100.0,100.0,100.0,100.0,100.0,100.0,100.0,100.0,100.0,100.0,100.0,100.0,100.0,100.0,100.0,100.0,100.0,100.0,100.0,100.0,100.0,100.0,100.0,100.0,100.0,100.0,100.0,100.0,100.0,100.0,100.0,100.0,100.0,100.0,100.0,100.0,100.0,100.0,100.0,100.0,100.0,100.0,100.0,100.0,100.0,100.0,100.0,100.0,100.0,100.0,100.0,100.0,100.0,100.0,100.0,100.0,100.0,100.0,100.0,100.0,100.0,100.0,100.0,100.0,100.0,100.0,100.0,100.0,100.0,100.0,100.0,100.0,100.0,100.0,100.0,100.0,100.0,100.0,100.0,100.0,100.0,100.0,100.0,100.0,100.0,100.0,100.0,100.0,100.0,100.0,100.0,100.0,100.0,100.0,100.0,100.0,100.0,100.0,100.0,100.0,100.0,100.0,100.0,100.0,100.0,100.0,100.0,100.0,100.0,100.0,100.0,100.0,100.0,100.0,100.0,100.0,100.0,100.0,100.0,100.0,100.0,100.0,100.0,100.0,100.0,100.0,100.0,100.0,100.0,100.0,100.0,100.0,100.0,100.0,100.0,100.0,100.0,100.0,100.0,100.0,100.0,100.0,100.0,100.0,100.0,100.0,100.0,100.0,100.0,100.0,100.0,100.0,100.0,100.0,100.0,100.0,100.0,100.0,100.0,100.0,100.0,100.0,100.0,100.0,100.0,100.0,100.0,100.0,100.0,100.0,100.0,100.0,100.0,100.0,100.0,100.0,100.0,100.0,100.0,100.0,100.0,100.0,100.0,100.0,100.0,100.0,100.0,100.0,100.0,100.0,100.0,100.0,100.0,100.0,100.0,100.0,100.0,100.0,100.0,100.0,100.0,100.0,100.0,100.0,100.0,100.0,100.0,100.0,100.0,100.0,100.0,100.0,100.0,100.0,100.0,100.0,100.0,100.0,100.0,100.0,100.0,100.0,100.0,100.0,100.0,100.0,100.0,100.0,100.0,100.0,100.0,100.0,100.0,100.0,100.0,100.0,100.0,100.0,95.6,94.6,94.6,94.6,94.6,94.6,94.6,94.6,94.6,94.6,94.6,94.6,94.6,94.6,94.6,94.6,94.6,94.6,94.6,94.6,94.6,94.6,94.6,94.6,94.6,94.6,94.6,94.6,94.6,94.6,94.6,94.6,94.6,94.6,94.6,94.6,94.6,94.6,94.6,94.6,94.6,94.6,94.6,94.6,94.6,94.6,100.0,100.0,100.0,100.0,100.0,100.0,100.0,100.0,100.0,100.0,100.0,100.0,100.0,100.0,100.0,100.0,100.0,100.0,100.0,100.0,100.0,100.0,100.0,100.0,100.0,100.0,100.0,100.0,100.0,100.0,100.0,100.0,100.0,100.0,100.0,100.0,100.0,100.0,100.0,100.0,100.0,100.0,100.0,100.0,100.0,100.0
P040,50.0,50.0,50.0,50.0,50.0,50.0,50.0,50.0,50.0,51.7,56.71,58.2,58.2,58.2,58.2,58.2,58.2,58.2,58.2,58.2,58.22,60.81,63.36,63.9,64.1,64.3,64.8,64.98,65.2,65.2,65.2,65.2,65.2,65.2,65.2,65.2,65.2,65.2,65.2,65.2,65.2,65.2,65.2,65.2,65.2,61.61,60.6,60.6,60.6,60.6,60.6,60.6,60.6,60.6,60.6,60.6,60.6,60.6,60.6,60.6,60.6,60.6,60.6,60.6,62.4,64.3,69.1,69.7,71.7,71.7,71.7,77.5,78.0,78.0,78.0,78.0,78.0,78.0,78.0,78.0,78.0,78.0,78.0,78.0,78.0,78.0,78.0,78.0,78.0,78.0,78.0,78.0,78.0,78.0,78.0,78.0,78.0,78.0,78.0,76.9,77.5,77.8,76.0,75.8,75.32,73.9,72.2,73.96,74.1,74.1,74.1,74.1,74.1,75.2,66.73,63.0,62.8,62.69,62.6,61.9,61.9,61.9,63.2,63.2,63.2,63.2,63.2,63.2,63.2,63.2,63.2,63.2,63.2,63.2,54.46,47.89,46.3,45.9,45.7,45.7,43.78,42.84,40.2,40.2,37.0,35.8,35.2,35.2,35.2,35.2,35.2,35.2,35.2,35.2,35.2,35.2,37.2,37.73,38.5,39.2,39.4,39.6,40.9,39.6,35.7,33.1,33.1,33.1,32.6,32.9,32.9,32.9,32.4,32.4,32.4,32.4,36.8,37.2,37.2,37.6,37.6,37.6,37.6,37.6,37.6,37.6,37.6,37.6,37.6,37.6,37.6,37.6,37.6,37.6,37.6,37.6,37.6,40.5,42.0,45.4,46.3,46.3,46.3,46.3,46.3,46.3,46.3,46.3,46.3,46.3,46.3,45.9,43.5,42.6,41.3,41.3,41.3,41.3,34.6,30.9,28.7,28.7,28.7,28.7,28.7,28.7,28.7,28.7,28.7,28.7,28.7,28.7,28.7,28.7,28.7,28.7,28.7,28.7,28.7,28.7,28.7,28.7,28.7,28.7,28.7,28.7,29.4,29.4,29.4,29.4,29.4,29.4,29.4,29.4,29.4,29.4,29.4,29.4,29.4,29.4,29.6,29.6,60.6,61.1,65.8,42.91,42.0,42.97,43.1,43.1,43.1,43.1,43.1,43.1,43.7,43.7,44.1,46.1,50.7,52.0,59.69,60.4,60.4,60.4,61.9,61.9,61.9,61.9,61.9,61.9,61.9,61.9,61.9,61.9,61.9,59.5,58.0,58.2,58.2,59.1,59.1,63.75,62.8,62.1,62.1,62.4,62.4,62.4,62.4,62.4,62.4,62.4,62.4,62.4,62.4,61.5,61.5,58.2,58.0,58.0,58.0,58.0,58.7,58.7,58.7,58.7,58.7,58.7,58.7,58.7,58.7,58.7,58.7,58.7,61.1,65.0,68.4,68.4,68.4,68.4,68.4,68.4,68.4,68.4,68.4,68.4,68.4,68.4,68.4,68.4,68.4,68.4,68.4,68.4,68.4,68.4,68.4,68.4,68.4,68.4,68.4,68.4,68.4,68.4,68.4,68.4,68.4,68.4,68.4,68.4,68.4,68.4,68.4,68.9,68.9,69.1,69.1,69.1,69.1,69.1,69.1,73.9,75.6,74.9,74.9,74.9,73.6,73.2,71.5,71.5,71.5,71.5,71.5,71.5,71.5,71.5,71.5,71.5,71.5,68.1,63.4,61.1,59.18,57.09,48.0,47.2,48.9,48.9,48.9,48.9,48.9,48.9,48.9,48.9,48.9,48.9,48.9,48.9,48.9,48.9,48.9,48.9,48.9,48.9,48.9,48.9,48.9,48.9,48.9,48.9,48.9,48.9,48.9,48.9,48.9,48.9,64.71,73.4,73.4,73.4,73.4,73.4,73.4,73.0,73.0,73.0,73.0,73.0,73.0,73.0,73.0,73.0,73.0,73.0,73.0,73.0,73.0,73.0,73.0,73.0,73.0,73.0,73.0,73.0,73.0,73.0,73.0,73.0,73.0,73.0,73.0,73.0,74.02,74.1,75.2,75.2,75.2,75.2,75.2,75.2,75.2,75.2,75.2,75.2,75.2,75.2,75.2,75.2,75.2,75.2,75.2,75.2,75.2,75.2,75.2,75.2,75.2,75.2,75.2,75.2,75.2,75.2,75.2,75.2,75.2,75.2,81.01,78.4,62.4,63.7,63.7,68.31,77.3,80.8,80.8,80.8,80.8,80.8,80.8,80.8,80.8,80.8,80.8,80.8,80.8,80.8,80.8,80.8,80.8,80.8,80.8,80.8,80.8,80.8,80.8,80.8,80.8,80.8,80.8,80.8,80.8,80.8,81.0,81.0,81.0,81.0,81.0,81.0,81.0,81.0,81.0,81.0,81.0,81.0,81.0,81.0,81.0,81.0,81.0,81.7,81.7,81.7,80.4,79.7,79.7,79.7,79.7,79.7,79.7,78.38,74.5,73.4,73.4,73.2,73.2,73.2,73.2,73.2,73.2,71.9,70.8,70.0,70.0,67.79,66.7,66.7,66.7,66.7,66.7,66.7,66.7,66.7,66.7,65.6,65.6,65.6,65.6,65.6,65.6,65.6,65.6,65.6,65.6,65.6,65.6,65.6,65.6,65.6,65.6,65.6,65.58,64.5,67.1,67.6,67.6,67.6,67.6,67.6,67.6,67.6,67.8,67.8,67.8,67.8,67.8,67.8,67.8,67.8,67.46,66.1,62.1,54.11,48.5,47.8,47.2,45.2,45.2,46.51,46.7,46.7,41.78,36.1,36.1,36.1,37.0,37.4,37.4,38.3,38.3,38.3,38.3,38.3,38.3,38.3,38.3,38.3,38.3,38.3,38.3,38.3,38.3,38.3,38.3,38.3,38.3,39.6,39.4,39.4,39.4,39.4,39.4,39.4,39.6,40.2,40.5,40.5,40.7,40.7,40.7,40.7,40.7,40.7,40.7,40.7,40.7,40.9,40.9,40.9,40.9,40.9,40.9,40.9,40.9,47.58,58.06,64.3,66.1,66.1,66.1,63.79,59.28,53.7,53.3,54.81,55.2,55.2,56.1,57.4,58.01,58.7,59.8,61.3,61.3,61.3,61.3,61.3,61.3,61.3,61.3,61.3,61.3,61.3,61.3,61.3,61.3,61.3,61.3,61.3,61.3,61.3,61.3,61.3,61.3,61.3,61.3,61.3,61.3,61.3,61.3,61.3,61.3,61.3,61.3,61.3,61.3,61.3,61.3,61.3,61.3,61.3,61.3,61.3,61.3,61.3,61.3,61.3,61.3,61.3,61.3,61.3,61.3,61.3,61.3,61.3,61.3,61.3,61.3,61.3,61.3,61.3,61.3,61.3,61.3,61.3,61.3,61.3,61.3,61.3,61.3,61.3,61.3,61.3,61.3,61.3,61.3,61.3,61.3,61.3,61.3,61.3,61.3,61.3,61.3,61.3,61.3,61.3,61.3,61.3,61.3,67.45,76.04,78.91,80.8,81.0,81.0,81.0,81.0,81.0
P041,71.6,71.6,71.6,71.6,71.6,71.6,71.6,71.6,71.6,71.6,71.6,49.2,26.0,26.0,26.0,26.0,26.0,26.0,26.0,22.6,26.9,29.87,30.2,26.7,26.7,29.3,20.18,20.2,21.0,21.3,21.3,21.3,21.3,21.3,21.3,21.3,21.3,32.8,25.4,25.4,25.4,25.4,25.4,25.4,23.6,27.69,28.68,31.0,30.8,30.8,30.8,22.95,23.4,31.0,27.8,27.8,27.8,27.8,25.84,22.96,21.9,22.1,22.1,22.1,22.1,22.1,22.1,22.1,22.1,22.3,22.8,22.8,22.8,22.8,22.8,22.8,22.8,22.8,20.0,19.3,20.0,20.4,20.4,20.4,21.49,21.5,24.7,16.9,28.6,16.96,23.39,24.69,24.7,24.7,24.7,24.7,24.7,20.31,21.2,23.18,20.18,19.7,25.17,19.3,27.3,27.3,27.3,27.3,27.3,14.84,26.16,18.0,18.2,24.99,33.31,47.07,51.0,49.2,49.2,49.2,49.2,49.2,49.2,49.2,49.2,49.2,49.2,42.3,24.7,22.8,22.8,26.0,25.6,25.6,25.6,25.6,25.6,30.81,24.7,25.8,26.9,26.5,26.0,26.0,26.0,26.0,26.0,26.0,26.0,26.0,26.0,26.0,23.0,24.3,24.3,24.3,24.3,24.3,24.3,24.3,24.3,24.3,24.3,24.3,24.3,24.3,49.7,49.5,52.11,49.9,50.3,50.3,50.3,50.3,50.3,38.8,22.6,21.5,22.1,21.3,20.78,19.25,20.6,20.6,20.6,22.59,22.6,22.6,22.6,27.29,28.4,28.6,28.6,27.3,27.3,27.3,27.1,27.5,26.5,26.2,26.2,26.2,26.7,26.7,26.7,26.7,26.7,26.7,26.7,26.7,26.7,26.7,26.7,26.7,29.03,27.32,27.1,27.1,27.1,28.04,28.6,30.2,27.49,27.12,22.85,26.0,48.99,49.5,51.8,50.1,49.9,49.9,49.9,49.9,49.9,49.7,49.5,52.9,48.6,45.8,45.8,45.8,45.8,45.8,45.8,45.8,45.8,45.8,45.6,45.6,45.6,45.6,45.6,45.6,32.5,31.2,31.2,31.2,31.2,28.0,20.79,15.6,19.97,17.6,19.7,19.7,19.7,19.7,17.82,19.3,18.7,17.4,17.4,20.2,22.3,23.4,17.13,15.2,16.89,17.1,20.6,20.6,20.6,20.6,21.9,18.72,23.17,20.0,23.21,25.6,22.8,22.8,26.88,52.1,63.59,64.2,67.2,67.2,67.2,71.8,72.9,72.7,72.7,72.51,72.5,72.5,73.5,71.6,71.1,73.8,70.52,73.5,73.3,70.1,71.4,71.4,46.2,17.74,20.2,20.2,20.2,20.2,20.2,20.2,20.2,16.5,21.0,22.1,22.1,22.1,22.1,22.1,22.1,22.1,22.3,22.3,22.3,22.3,24.7,23.91,22.6,41.43,58.58,77.4,72.9,76.08,76.4,70.37,67.89,72.17,72.5,72.5,72.5,73.3,73.3,73.3,73.3,73.3,73.3,73.3,73.3,73.3,73.3,73.3,73.3,73.3,73.3,75.64,75.7,52.1,44.0,38.42,34.1,32.1,32.1,32.1,32.1,32.1,30.22,29.3,29.3,29.3,29.3,29.3,29.3,29.3,29.3,29.3,29.3,23.4,23.4,23.4,23.4,24.1,18.2,22.25,23.0,23.0,23.0,23.0,23.0,23.0,23.0,23.0,23.0,23.0,23.0,23.0,23.0,23.6,23.6,23.4,21.3,22.1,22.1,21.7,19.7,20.4,20.0,20.16,17.66,20.2,20.2,20.2,20.2,20.2,20.2,22.1,22.1,23.4,22.93,23.9,23.9,24.43,25.76,23.4,23.4,19.3,6.36,2.4,0.19,12.98,11.9,13.0,13.0,13.0,13.0,15.0,15.0,15.19,15.2,19.7,19.7,19.7,19.7,19.7,19.7,21.9,21.9,21.9,21.9,21.9,21.9,21.9,25.69,30.6,30.8,30.8,30.8,30.8,31.2,31.2,31.2,31.2,31.2,29.98,20.8,17.1,17.14,17.1,17.1,17.1,17.1,17.1,17.1,17.1,18.9,18.9,18.9,18.9,18.9,18.9,18.9,18.9,18.9,18.9,28.4,27.8,27.8,27.8,27.8,27.8,27.8,22.95,18.7,24.3,23.2,25.4,23.9,25.2,28.2,28.2,47.1,22.8,22.1,22.1,22.1,23.4,23.4,21.9,23.0,21.92,21.7,22.26,23.0,23.0,23.0,23.0,23.0,23.0,23.0,21.9,21.7,21.7,21.7,21.7,12.6,18.2,18.2,18.2,18.2,18.2,16.1,19.1,19.1,19.1,19.1,19.1,19.1,19.1,11.7,12.39,13.0,13.0,13.0,13.0,18.7,18.9,18.92,21.87,18.9,18.9,18.0,18.4,18.0,20.6,26.5,74.0,81.89,78.14,73.8,73.8,84.4,40.6,34.26,24.1,24.1,24.1,24.1,24.1,24.1,24.1,20.8,19.28,17.43,19.3,19.3,19.3,19.3,19.3,19.3,18.9,18.9,9.32,21.45,18.7,18.4,18.0,17.6,17.6,17.6,17.6,16.9,17.1,24.1,27.1,23.2,23.2,23.2,23.2,25.2,43.38,44.5,45.8,47.5,22.3,20.0,20.0,20.0,20.0,20.0,20.6,23.59,24.9,25.6,25.6,25.6,25.6,25.6,25.6,17.4,19.3,18.2,21.5,19.3,22.62,20.82,18.35,15.6,16.7,18.51,18.25,20.58,20.6,20.4,20.2,20.2,21.3,21.3,21.3,21.3,21.3,21.3,21.3,17.4,21.7,21.9,21.9,21.9,21.9,21.9,21.9,21.9,21.9,21.52,18.01,20.4,20.2,19.33,20.0,20.0,20.39,20.4,20.4,20.4,20.4,20.4,21.0,21.0,20.03,19.28,21.0,21.0,21.0,21.0,21.3,20.0,19.1,19.1,19.1,25.8,43.95,65.26,66.4,66.4,66.4,66.4,66.99,67.7,69.4,69.4,69.4,52.36,48.4,48.8,49.9,49.9,49.9,49.9,49.9,49.9,49.9,49.9,49.2,49.5,49.5,49.5,49.5,52.68,52.9,53.59,56.79,60.69,62.9,62.9,62.9,62.9,62.9,62.9,62.9,62.9,63.3,63.3,55.8,21.3,23.0,23.0,23.0,23.0,23.0,23.0,26.2,30.6,30.6,30.6,30.6,30.6,30.6,30.6,30.6,30.6,30.6,30.6,30.6,30.6,23.6,23.6,23.6,23.6,23.9,23.9,23.9,23.9,23.9,23.9,23.9,23.9,23.9,23.9,23.9,22.8,19.1,21.0,21.0,21.0,21.0,24.5,24.5,24.5,25.4,25.2,25.4,25.4,25.4,25.4,25.4,25.4,25.4,25.4,25.4,25.4,25.4,47.02,53.6,53.6,54.3,60.5,60.5,60.5,63.56,65.7,64.6,63.1,62.88,63.3,63.3,63.3,55.68
P042,55.0,55.0,55.0,55.0,55.0,55.0,55.0,55.0,55.0,55.0,62.0,64.8,64.8,71.09,71.5,71.5,71.5,71.5,71.5,71.5,71.5,71.3,71.3,71.3,71.3,71.3,66.9,65.7,65.7,65.7,67.4,67.2,67.2,66.7,66.7,66.7,66.7,66.7,66.7,66.7,66.7,66.7,66.7,66.7,66.7,66.7,66.7,66.7,66.7,66.7,66.7,66.7,66.7,66.7,66.7,66.7,66.7,66.7,66.7,66.7,66.7,66.7,66.7,66.7,66.7,66.7,66.7,66.7,66.7,66.7,66.7,66.7,66.7,66.7,66.7,66.7,66.7,38.35,26.29,69.79,69.8,70.2,70.2,70.2,72.4,65.4,63.9,63.9,65.2,66.5,65.6,63.0,61.3,61.5,56.9,53.7,49.41,47.6,45.0,45.0,45.0,45.0,45.0,45.0,45.0,45.0,45.0,45.0,45.0,45.0,44.8,44.6,44.6,44.6,44.6,45.19,43.3,41.31,40.0,37.6,35.2,33.71,33.0,33.0,32.0,32.0,32.6,32.2,32.2,32.8,32.8,32.8,32.8,32.8,32.8,32.8,32.8,32.8,32.8,32.8,32.8,33.0,33.0,33.0,30.6,30.2,30.2,30.4,30.4,30.4,30.4,30.4,30.4,30.4,30.4,30.4,30.4,32.4,33.3,33.9,35.4,37.0,36.3,36.1,36.1,36.1,36.1,36.1,36.1,36.1,36.1,36.1,36.1,36.1,36.1,36.1,36.1,36.1,36.1,36.1,36.1,36.1,36.1,36.1,36.1,36.1,36.1,36.1,36.1,36.1,36.1,36.1,36.1,36.1,36.1,36.1,36.1,36.1,36.1,36.1,36.1,36.1,36.1,36.1,36.1,36.1,36.1,36.1,36.1,36.1,36.1,36.1,36.1,36.1,36.1,36.1,36.1,36.1,33.1,20.0,13.9,16.3,17.8,19.1,12.83,12.8,12.8,12.8,12.8,12.8,12.8,12.8,12.8,12.8,12.8,12.8,12.8,12.8,12.8,12.8,12.8,12.8,12.8,12.8,12.8,17.59,24.3,24.3,24.3,24.3,24.3,24.3,26.7,27.0,29.8,31.9,33.1,36.98,37.4,37.4,37.4,37.4,37.4,37.4,37.4,37.4,37.4,37.4,37.4,37.4,37.4,37.4,37.4,37.4,37.4,37.4,37.4,37.4,37.4,37.4,37.4,37.4,37.4,37.4,37.4,37.4,37.4,33.7,29.3,28.3,28.3,28.3,28.3,28.3,28.3,28.3,28.3,28.3,28.3,28.3,28.3,28.3,28.3,28.3,28.3,28.3,28.3,28.3,28.3,28.3,36.3,47.4,51.1,38.33,29.6,23.7,22.2,21.9,21.9,21.9,21.9,21.9,21.9,21.9,21.9,21.9,21.9,21.9,21.9,21.9,24.1,24.1,24.1,24.1,24.1,24.1,24.1,24.1,24.1,24.1,24.1,17.4,17.4,17.4,17.4,17.4,17.4,17.4,17.4,17.4,17.4,17.4,17.4,17.4,17.4,17.4,17.4,20.0,20.7,20.7,20.7,20.7,20.7,20.7,20.7,21.5,22.0,26.3,26.3,26.3,26.3,26.3,26.3,26.3,26.3,26.3,26.3,26.3,26.3,26.3,26.3,26.3,26.3,26.3,26.3,27.19,33.0,26.7,24.1,23.7,22.6,22.0,21.9,21.9,21.9,21.9,21.9,21.9,21.9,21.9,21.9,21.9,21.9,21.9,21.9,21.9,21.5,18.9,18.9,18.9,18.9,18.9,18.9,18.9,18.9,18.9,18.9,18.9,18.9,18.9,18.9,19.1,19.6,19.6,19.6,19.6,19.6,19.6,19.6,19.6,19.6,19.6,19.6,19.6,19.6,19.6,19.6,19.6,19.6,19.6,19.6,19.6,19.6,19.6,19.6,19.6,19.6,19.6,13.9,12.2,10.0,6.9,5.4,5.4,5.4,5.4,5.4,5.4,5.4,4.8,4.8,4.8,4.8,4.8,4.8,4.8,4.8,4.8,4.3,3.9,3.9,3.9,3.0,2.0,2.0,2.0,0.0,0.0,0.0,0.0,0.2,0.2,0.2,0.2,0.2,0.6,0.6,0.6,0.6,0.6,0.6,0.6,0.6,0.6,0.6,0.6,0.6,0.6,0.6,0.6,0.6,0.6,0.6,0.6,0.6,0.6,0.6,0.6,0.6,0.6,0.6,0.6,0.6,0.6,0.6,0.6,0.6,0.6,0.6,0.6,0.6,0.6,0.6,0.6,0.6,0.6,0.6,0.0,0.0,0.0,0.0,0.0,0.0,0.0,0.0,0.0,0.0,0.0,0.0,0.0,0.0,0.0,0.9,0.9,0.9,0.9,0.9,0.9,0.9,0.9,0.9,0.0,0.0,0.0,0.0,0.0,0.0,0.0,0.0,0.0,0.0,4.4,4.4,4.4,4.4,4.4,4.4,4.4,4.4,4.4,4.4,4.4,4.4,4.4,4.4,2.8,2.8,2.8,2.8,2.8,2.8,2.8,2.8,2.8,2.8,2.8,2.8,2.8,2.8,2.8,2.8,2.8,2.8,2.8,2.8,2.8,2.8,2.8,2.8,2.8,2.8,2.8,2.8,2.8,2.8,2.8,2.8,0.0,9.1,9.1,9.1,9.1,9.1,9.1,9.1,9.1,9.1,9.1,9.1,9.1,9.1,9.1,9.1,9.1,9.1,9.1,9.1,9.1,9.1,0.0,0.0,0.0,0.0,0.0,0.0,0.0,0.0,0.0,0.0,0.0,0.0,0.0,0.0,0.0,0.0,0.0,0.0,0.0,0.0,0.0,0.0,0.0,0.0,0.0,0.0,0.0,0.0,0.0,0.0,0.0,3.3,0.0,0.0,0.0,0.0,0.0,0.0,0.0,0.0,0.0,0.0,2.6,2.8,2.8,2.8,2.8,2.8,2.8,2.8,2.8,2.8,2.8,2.8,2.8,2.8,2.8,2.8,2.8,2.8,2.8,2.8,2.8,2.8,2.8,2.8,2.8,2.8,2.8,2.8,2.8,2.8,2.8,2.8,2.8,2.8,2.8,2.8,2.8,7.78,12.4,13.1,14.3,14.6,14.6,14.6,14.6,14.6,14.6,14.6,14.6,14.6,14.6,14.6,14.6,14.6,14.6,14.6,14.6,14.6,14.6,14.6,14.6,14.6,14.6,14.6,14.6,14.6,14.6,14.6,14.6,14.6,14.6,14.6,14.6,14.6,14.6,14.6,14.6,14.6,14.6,14.6,14.6,14.6,14.6,14.6,14.6,14.6,14.6,14.6,14.6,14.6,14.6,14.6,14.6,14.6,14.6,14.6,14.6,14.6,14.6,14.6,14.6,14.6,14.6,14.6,14.6,14.6,14.6,14.6,14.6,14.6,14.6,14.6,14.6,14.6,14.6,14.6,14.6,14.6,14.6,14.6,14.6,14.6,14.6,14.6,14.6,14.6,14.6,14.6,14.6,14.6,14.6,14.6,14.6,14.6,14.6,14.6,14.6
P043,57.3,57.3,57.3,57.3,57.3,57.3,49.1,50.8,51.7,54.8,57.9,58.5,59.0,59.0,53.4,63.0,63.9,95.49,100.0,100.0,100.0,100.0,99.4,96.46,92.1,85.03,79.0,74.8,73.0,72.5,72.2,72.2,72.2,72.2,72.2,72.2,72.02,70.8,70.8,70.8,70.8,70.8,70.8,70.8,70.8,71.6,72.7,72.7,73.0,72.7,72.2,72.1,71.9,71.8,71.8,71.6,71.6,68.8,67.6,66.7,66.7,66.7,66.7,66.0,64.8,63.9,63.9,63.7,63.7,63.7,63.0,61.4,60.5,60.0,61.6,0.0,0.0,0.0,0.0,0.04,100.0,100.0,100.0,100.0,100.0,100.0,100.0,100.0,100.0,100.0,100.0,100.0,100.0,100.0,98.0,88.79,80.6,78.7,93.2,71.0,69.6,69.1,61.4,69.8,77.0,77.0,76.68,77.3,79.0,100.0,100.0,100.0,100.0,100.0,100.0,100.0,94.0,94.0,94.0,94.0,94.0,94.0,93.84,83.2,83.0,81.73,77.5,77.5,77.5,77.5,77.5,80.9,80.9,80.9,80.9,80.9,80.9,80.9,80.9,78.9,78.9,78.9,78.9,78.9,77.9,77.9,77.9,77.9,77.9,77.9,77.9,77.9,77.9,77.9,77.9,77.9,77.9,77.9,77.9,77.9,77.9,77.9,77.9,77.9,77.9,77.9,77.9,77.9,77.9,77.9,77.9,77.9,77.9,77.9,77.9,77.9,77.9,77.9,77.9,77.9,77.9,77.9,77.9,77.9,77.9,77.9,77.9,77.9,77.9,77.9,77.9,77.2,74.4,74.4,71.0,71.0,69.9,69.6,69.6,69.6,69.6,69.6,69.6,69.6,69.6,69.6,69.6,69.6,69.6,69.6,69.6,69.3,69.0,70.4,70.4,70.4,71.5,71.5,71.5,71.5,71.5,71.5,71.5,71.5,71.5,71.5,71.5,71.5,71.5,71.5,71.5,71.5,71.5,71.07,70.8,70.8,70.8,70.8,70.8,70.8,70.8,70.8,70.8,70.8,70.8,70.8,72.1,72.4,72.4,72.7,75.5,75.5,75.5,75.5,75.5,75.5,75.5,75.5,75.5,75.5,75.5,75.5,75.5,75.5,75.5,75.5,75.5,75.5,75.5,75.5,75.5,75.5,75.5,75.5,75.5,75.5,75.5,75.5,75.5,75.5,75.5,75.5,75.5,75.5,75.5,75.5,75.5,75.5,75.5,75.5,75.5,75.5,75.5,75.5,75.5,75.5,75.5,75.5,75.5,75.5,75.5,75.5,75.5,75.5,75.5,75.5,75.5,75.5,75.5,75.5,75.5,75.5,75.5,75.5,75.5,75.5,74.5,74.1,73.9,73.9,73.9,73.9,73.9,73.9,73.9,73.9,73.9,73.9,73.9,73.9,73.9,73.9,73.9,73.9,73.9,73.9,73.9,73.9,73.9,73.9,73.9,73.9,73.9,73.9,73.9,73.9,73.9,73.9,73.9,72.8,72.1,72.1,72.1,72.42,73.9,74.7,75.0,75.0,75.5,75.5,75.6,75.6,75.6,75.6,75.6,75.6,75.9,75.9,75.9,75.9,75.9,75.9,75.9,75.9,75.9,75.9,75.9,75.9,75.9,75.9,75.9,75.9,75.9,75.9,75.9,74.7,73.3,72.1,72.1,72.1,72.1,72.1,72.1,72.1,72.1,72.4,74.1,74.1,75.0,75.0,75.0,75.0,75.0,75.0,75.46,71.68,68.7,68.5,68.5,68.5,68.5,68.5,68.5,68.5,68.5,68.5,68.5,68.5,68.5,68.5,68.5,68.5,68.5,68.5,68.5,65.9,65.7,65.7,65.7,65.7,65.9,65.9,65.9,65.9,65.9,65.9,65.9,65.9,65.9,65.9,65.9,66.0,66.0,66.0,66.0,66.0,65.9,65.4,65.4,65.9,69.8,69.8,59.4,69.0,100.0,100.0,28.4,0.0,0.0,0.0,0.0,0.0,0.0,0.0,0.0,0.0,0.0,0.0,0.0,0.0,0.0,0.0,2.5,9.3,15.0,32.6,38.7,43.5,43.5,47.2,51.9,54.6,100.0,100.0,100.0,100.0,100.0,100.0,100.0,100.0,100.0,100.0,100.0,100.0,100.0,100.0,100.0,100.0,100.0,100.0,98.3,99.9,100.0,77.64,100.0,100.0,100.0,97.4,100.0,100.0,100.0,100.0,100.0,100.0,100.0,100.0,100.0,100.0,100.0,100.0,100.0,100.0,100.0,100.0,100.0,100.0,94.4,94.4,94.4,94.4,94.4,94.4,94.4,91.5,73.5,39.4,100.0,94.9,94.9,94.9,80.64,70.4,100.0,83.8,100.0,100.0,100.0,100.0,96.91,100.0,100.0,100.0,100.0,100.0,100.0,100.0,100.0,100.0,100.0,100.0,100.0,100.0,100.0,100.0,100.0,100.0,100.0,100.0,100.0,100.0,100.0,100.0,100.0,100.0,100.0,100.0,100.0,100.0,100.0,100.0,100.0,100.0,100.0,100.0,100.0,100.0,100.0,100.0,100.0,49.66,0.0,0.0,0.0,0.0,0.0,0.0,0.0,0.0,0.0,0.0,0.0,0.0,2.3,0.65,0.0,0.0,0.0,0.0,0.0,0.0,0.0,0.0,0.0,0.0,0.0,0.0,0.0,15.02,28.24,39.65,45.2,45.7,45.7,45.7,45.7,46.0,46.0,46.0,48.99,76.23,86.6,86.6,86.6,86.6,86.6,86.6,86.6,86.6,86.5,80.4,80.4,100.0,100.0,100.0,100.0,100.0,100.0,100.0,100.0,99.7,94.1,94.1,82.02,81.6,81.6,81.6,81.3,81.01,68.96,61.6,52.3,47.2,47.2,45.7,45.07,36.4,33.5,33.5,33.5,33.5,33.5,33.5,33.3,34.37,34.0,34.0,34.0,34.0,34.0,34.0,34.0,34.0,34.0,34.0,34.0,34.0,34.0,34.0,34.0,34.0,34.0,34.0,34.0,34.0,34.0,34.0,34.0,34.0,34.0,34.0,34.0,34.0,34.0,34.0,34.0,34.0,34.0,34.0,34.0,34.0,34.0,34.0,34.0,41.69,88.9,89.0,97.92,100.0,100.0,100.0,100.0,100.0,100.0,100.0,100.0,100.0,100.0,100.0,100.0,100.0,100.0,100.0,100.0,100.0,100.0,100.0,100.0,100.0,100.0,100.0,100.0,100.0,100.0,100.0,100.0,100.0,100.0,100.0,100.0,100.0,100.0,100.0,100.0,100.0,100.0,100.0,100.0,100.0,100.0,100.0,100.0,100.0,100.0,100.0,100.0,100.0,100.0,100.0,100.0,100.0,100.0,100.0,100.0,100.0,100.0,100.0,100.0,100.0,100.0,100.0,100.0,100.0,100.0,100.0,100.0,100.0,100.0,100.0,100.0,100.0,100.0,100.0,100.0,100.0,100.0,100.0,100.0,100.0,100.0,100.0,100.0,100.0,100.0,100.0,100.0,100.0,100.0,100.0
P044,75.2,75.2,75.2,75.2,74.4,71.3,72.4,72.4,72.4,72.4,72.4,72.4,72.4,72.4,72.4,72.4,72.4,72.2,72.2,72.2,72.5,72.5,72.5,72.7,72.8,74.7,74.1,73.8,71.5,67.14,68.5,68.5,68.5,68.5,67.33,67.1,67.1,67.1,67.1,67.1,67.1,67.1,67.1,67.1,67.1,67.1,67.1,67.1,67.1,67.1,67.1,67.1,67.1,67.1,67.1,67.1,67.1,67.1,67.1,71.1,72.63,73.3,73.3,73.3,73.3,73.3,73.3,73.3,73.3,73.3,73.3,73.3,73.3,73.3,73.3,73.3,73.3,73.3,73.3,73.3,73.3,73.3,73.3,73.3,73.3,73.3,73.3,73.3,73.3,73.3,73.3,73.3,73.3,73.3,73.3,73.3,73.3,73.3,73.3,73.3,73.3,73.3,73.3,73.3,73.3,73.3,73.3,73.3,73.3,73.3,73.3,74.99,62.5,60.1,59.6,59.35,59.1,59.1,59.1,59.1,59.1,59.1,59.1,59.1,59.1,59.1,59.1,59.1,59.1,59.1,59.1,59.1,59.1,59.1,59.1,23.35,34.1,34.9,34.9,34.6,34.6,34.6,34.6,34.6,34.6,34.6,34.6,34.6,34.6,34.6,34.6,34.6,34.6,34.6,34.6,34.6,34.6,34.6,34.6,34.6,34.6,34.6,34.6,34.6,34.6,34.6,34.6,34.6,34.6,34.6,34.6,34.6,34.6,31.2,30.7,28.34,14.61,15.0,15.0,15.0,15.0,15.0,15.0,15.0,15.0,15.0,15.0,15.0,15.0,15.0,15.0,15.0,15.0,15.0,15.0,15.0,15.0,15.0,15.0,15.0,15.0,15.0,15.0,15.0,15.0,22.68,23.0,23.1,23.1,23.1,23.1,23.1,23.1,23.1,23.1,23.1,23.1,23.1,23.1,23.1,23.1,23.1,23.1,23.1,23.1,23.1,23.1,23.1,23.1,21.6,23.0,23.0,23.0,23.0,23.0,23.0,23.0,23.0,23.0,23.0,23.0,23.0,23.0,23.0,23.0,23.0,23.0,23.0,23.0,23.0,23.0,23.0,23.0,23.0,23.39,24.8,24.8,24.8,23.8,22.4,22.5,22.4,22.4,22.4,22.4,22.4,22.4,22.4,22.4,22.4,22.4,22.4,22.4,22.4,22.4,22.4,21.8,21.8,21.8,21.8,21.8,21.8,21.8,21.8,21.8,21.8,21.8,21.8,21.8,21.8,21.8,21.8,21.8,21.8,21.8,21.8,21.8,21.8,21.8,21.8,21.8,21.8,21.8,21.8,21.8,21.8,21.8,21.8,21.8,21.8,21.8,21.8,21.8,21.8,52.6,50.9,60.8,61.7,61.7,63.3,64.2,64.2,64.2,64.2,64.2,64.2,64.2,64.2,64.2,64.2,64.2,64.2,66.4,66.4,66.4,66.4,66.5,66.5,66.5,66.5,66.5,66.5,66.5,66.5,66.5,66.5,66.5,66.5,66.8,66.8,66.8,66.8,66.8,66.8,66.8,66.8,66.8,66.8,66.8,66.8,66.8,66.8,66.8,66.8,66.8,66.8,66.8,66.8,66.8,66.8,66.8,66.8,66.8,67.9,67.9,67.9,67.9,67.3,67.4,67.4,67.4,67.4,67.4,67.4,67.4,67.4,67.4,67.4,67.4,67.4,67.4,67.4,67.4,67.4,67.4,67.4,67.4,67.4,67.4,67.4,67.4,67.4,67.4,67.4,67.4,67.4,67.4,67.4,67.4,67.4,67.4,67.4,67.4,67.4,67.4,67.4,67.4,67.4,67.4,67.4,67.4,43.83,28.2,28.2,30.7,30.7,23.9,23.9,23.9,23.9,23.9,23.6,23.1,23.1,23.1,23.1,23.1,23.1,23.3,23.3,23.3,23.3,23.3,23.3,23.3,23.3,23.3,23.3,23.3,23.3,23.3,23.3,23.3,23.3,23.3,23.3,23.3,23.3,23.3,23.3,23.3,23.3,23.3,23.3,23.3,23.3,23.3,23.3,23.3,23.3,23.3,23.3,23.3,23.3,23.3,23.3,23.3,23.44,26.15,29.0,29.24,26.7,26.5,26.5,26.5,26.5,26.5,26.5,26.5,26.5,26.5,26.5,26.5,26.5,26.5,26.5,26.5,26.5,26.5,26.5,26.5,26.5,26.5,26.5,26.5,26.5,26.5,26.5,26.5,26.5,26.5,26.5,26.5,26.5,26.5,26.5,26.5,26.5,26.5,26.5,26.5,26.5,26.95,27.2,27.2,27.2,27.2,27.2,27.2,27.2,27.2,27.2,27.2,27.2,27.2,27.2,27.2,27.2,26.9,26.9,26.9,26.9,26.9,26.7,26.7,26.7,26.7,26.7,26.7,18.64,17.1,17.1,16.43,11.3,11.0,11.0,11.0,11.0,11.0,11.0,11.0,11.0,11.0,11.0,11.0,11.0,11.0,11.0,11.0,11.0,10.8,10.8,10.8,10.8,10.8,10.8,10.8,10.8,10.8,10.6,9.9,9.1,8.5,8.5,8.5,8.5,8.5,8.5,8.5,8.5,8.5,8.5,8.5,8.5,8.5,8.5,8.5,8.5,8.8,12.2,9.95,7.6,7.4,7.6,7.6,7.6,7.6,7.6,7.6,7.6,7.3,7.4,7.4,7.4,7.4,7.4,7.4,7.4,7.4,7.4,7.4,7.4,7.4,7.4,7.4,7.4,7.4,7.4,7.4,7.4,7.4,7.4,7.4,7.4,7.4,7.4,5.2,5.2,6.2,6.6,6.6,6.6,6.2,6.2,6.2,6.2,6.2,6.2,6.2,6.2,6.2,6.2,6.2,5.7,5.7,5.7,5.7,5.7,5.7,5.7,5.7,5.7,5.7,5.7,5.7,5.7,5.7,5.7,5.7,5.7,5.7,5.7,5.7,5.7,5.7,5.7,5.7,5.7,5.7,5.7,5.7,5.7,5.7,5.7,5.7,5.7,5.7,5.7,5.7,5.7,5.7,5.7,5.7,5.7,5.9,5.9,5.9,5.9,6.0,6.0,6.0,6.0,6.0,6.0,6.0,6.0,6.0,6.0,6.0,6.0,6.0,6.0,6.0,6.0,6.2,6.2,6.2,6.6,6.6,6.6,6.6,6.6,6.6,6.6,6.6,6.6,6.6,6.6,6.6,6.6,10.6,10.6,10.6,10.6,10.6,10.6,10.6,10.6,10.8,10.8,10.8,10.8,10.8,10.8,10.8,10.8,10.6,10.5,10.5,10.5,10.5,10.8,10.8,11.34,14.33,17.7,19.6,23.39,20.5,20.1,20.1,20.1,20.1,20.1,20.1,20.1,20.1,20.1,20.1,20.1,20.1,20.1,20.1,20.1,20.1,20.1,20.1,20.1,20.1,20.1,20.1,20.1,20.1,20.1,20.1,20.1,20.1,20.1,20.1,20.1,20.1,20.1,20.1,20.1,20.1,20.1,20.1,20.1,20.1,20.1,20.1,20.1,20.1,20.1,20.1,20.1,20.1,19.8
P045,97.8,97.8,97.8,92.18,72.73,57.61,90.41,98.0,98.0,100.0,100.0,100.0,76.06,51.24,51.2,62.58,98.42,99.5,99.5,97.57,72.0,49.4,49.1,49.1,49.1,48.38,10.85,3.5,3.5,3.5,3.5,3.5,3.5,4.17,6.73,38.25,46.1,46.1,46.25,69.14,99.8,100.0,100.0,83.8,52.68,52.6,52.5,52.2,52.2,82.75,100.0,100.0,94.5,50.9,50.9,50.9,50.9,50.6,50.6,48.3,48.3,34.67,2.5,0.8,0.8,8.84,44.38,49.7,49.7,18.03,4.5,4.5,4.5,4.3,4.3,4.3,4.3,4.3,21.86,50.2,52.3,52.3,52.3,52.3,52.3,24.71,0.0,0.0,0.0,0.0,15.81,46.65,49.2,49.2,49.2,49.2,49.2,49.2,37.0,12.1,4.3,4.3,4.3,4.3,4.3,4.3,42.48,51.4,51.4,51.4,51.4,59.75,93.43,100.0,100.0,100.0,95.45,61.08,50.6,50.5,50.5,39.7,6.59,0.0,0.0,40.01,49.2,49.2,49.4,49.5,49.5,18.29,0.0,0.0,11.73,47.38,49.8,49.8,49.8,49.8,49.8,49.8,2.83,0.0,0.0,0.5,34.08,52.6,52.6,52.6,52.8,52.8,30.56,0.0,0.0,0.0,0.0,0.0,0.0,46.3,53.2,53.2,50.3,50.3,24.21,0.0,0.0,0.0,0.0,9.75,44.87,49.8,49.8,50.9,50.9,49.8,14.55,0.0,0.02,17.61,46.39,51.2,51.2,51.2,51.2,51.2,51.2,51.11,7.03,0.0,0.0,0.0,39.48,47.2,48.1,48.1,48.1,48.1,48.1,48.1,18.73,1.4,1.2,1.2,1.2,12.01,49.55,51.1,51.1,51.1,35.84,0.0,0.0,0.0,39.62,50.8,50.8,50.8,50.8,50.8,5.31,0.0,0.0,0.0,20.22,48.6,50.0,50.0,50.0,50.0,50.0,50.0,50.0,50.0,50.0,74.02,96.9,97.1,97.1,97.1,75.54,49.1,50.0,52.53,52.2,51.7,51.7,40.75,2.2,1.5,1.5,1.5,1.5,44.3,50.8,50.8,50.8,30.41,4.38,3.5,3.4,3.4,3.4,3.4,3.4,3.4,3.4,3.4,3.4,3.4,3.4,20.5,49.5,45.84,2.9,1.4,1.2,13.5,47.5,50.8,50.8,50.26,7.04,2.6,2.6,2.6,2.6,2.6,2.6,2.6,2.6,2.6,36.27,49.1,33.24,2.68,0.6,0.6,0.6,0.6,0.6,0.6,0.6,0.6,0.6,0.8,0.8,0.8,0.8,0.8,0.8,0.8,1.4,0.8,0.28,0.0,0.0,13.15,48.8,49.1,32.85,4.2,4.2,4.2,4.2,4.76,45.4,44.44,2.52,0.0,0.0,0.0,0.0,1.1,1.1,1.1,1.1,1.1,34.92,44.6,44.6,18.79,1.2,1.2,1.2,1.2,1.2,1.2,1.2,1.2,39.13,51.15,51.2,51.2,51.2,3.92,3.5,3.5,3.5,3.5,10.9,46.44,48.6,48.6,45.67,10.65,3.2,3.2,3.2,3.2,3.64,34.01,48.53,16.44,1.4,1.4,0.18,0.0,0.0,0.0,0.0,0.0,0.0,0.0,43.97,48.3,18.95,1.1,1.1,1.1,1.1,1.1,1.1,1.1,1.1,1.1,51.4,20.47,6.2,6.2,6.2,6.2,6.2,6.2,6.2,6.2,23.8,47.5,6.0,4.8,4.8,4.8,27.94,27.89,10.7,9.0,9.0,9.0,9.0,8.6,8.6,8.6,8.6,8.8,43.2,10.8,13.42,39.29,5.6,18.62,46.8,17.6,15.3,15.3,15.3,20.59,44.8,12.92,12.8,12.8,12.8,45.48,17.31,10.6,10.3,8.26,6.64,42.97,46.9,3.16,1.1,1.1,1.1,1.1,1.1,49.1,16.71,5.7,5.6,5.6,5.6,5.6,5.6,5.6,5.6,5.6,24.2,45.74,9.35,1.4,1.4,1.4,1.4,1.4,6.83,42.86,45.7,0.0,0.0,0.2,13.84,47.75,30.61,13.7,12.5,12.5,12.5,12.5,12.23,11.6,10.5,10.5,10.5,8.8,12.53,46.8,11.22,5.1,5.1,4.9,4.9,4.9,4.9,50.51,19.4,13.7,41.7,28.11,16.5,16.5,16.5,43.3,19.3,4.3,5.57,42.1,21.81,15.18,10.5,49.1,19.31,18.5,18.5,40.94,46.0,14.5,14.38,45.31,16.33,12.0,12.0,12.0,12.0,12.0,15.87,38.84,16.34,21.69,30.6,24.7,25.2,45.8,19.67,19.6,19.6,47.4,27.62,21.6,21.0,34.03,11.9,38.63,19.15,15.3,15.3,15.3,15.3,40.9,18.62,40.6,29.85,16.0,16.0,36.98,29.14,13.6,45.1,20.5,43.57,19.8,19.6,19.6,19.8,19.8,42.1,14.99,10.2,10.2,10.2,10.3,36.02,15.1,42.54,18.54,44.88,13.3,13.3,13.3,13.3,57.6,2.63,39.76,25.8,46.06,34.7,36.79,24.67,28.47,21.22,15.72,36.0,5.98,43.14,5.9,27.84,42.7,10.25,38.1,7.9,7.9,7.9,7.9,51.52,15.4,40.09,26.21,12.7,29.03,6.8,25.0,44.81,16.84,25.92,26.01,41.76,39.92,25.65,16.36,27.23,2.9,11.58,3.1,21.7,5.4,5.12,43.43,9.03,30.83,10.98,11.37,44.74,45.92,14.0,40.81,14.68,3.36,45.49,1.4,29.67,30.96,45.7,1.4,8.96,28.8,8.0,50.0,50.2,50.2,41.2,2.77,38.8,44.3,31.41,16.13,15.88,3.4,37.92,7.8,10.92,2.9,0.0,0.0,44.07,10.8,48.3,3.4,44.9,32.38,12.43,27.77,28.36,6.3,28.28,5.9,5.9,5.9,5.9,12.0,2.2,3.49,0.0,0.0,14.5,7.63,4.5,15.6,4.08,6.3,19.8,15.89,24.2,40.3,15.18,43.1,7.1,25.48,42.54,12.3,12.3,13.12,38.3,27.31,6.99,25.06,16.11,3.1,3.1,5.99,28.02,5.4,25.2,17.16,36.63,20.6,6.79,42.85,6.51,44.34,50.2,16.67,6.9,51.5,3.95,47.96,2.5,48.6,4.26,38.55,48.1,48.1,48.1,26.3,7.1,36.38,45.8,1.2,9.9,47.04,6.67,0.0,1.62,48.63,0.0,0.0,21.21,48.32,0.0,0.0,19.05,51.2,2.6,2.2,24.66,53.1,0.0,0.0,26.52,47.8,0.0,0.0,0.0,1.04,43.96,0.0,0.0,25.11,20.51,0.0,0.0,48.0,1.5,1.5,1.5,1.5,1.5,51.1,51.1,51.1,64.5,84.49,95.4,63.24,63.56,94.0,97.71,52.3,61.21,88.23,96.5,74.42,53.01,78.65,96.0,81.41,53.2,96.3,96.3,96.3
P046,77.0,77.0,77.0,77.0,77.0,77.0,77.0,77.0,77.0,77.0,77.0,77.0,77.0,77.86,78.5,78.1,63.66,69.2,69.2,69.2,69.2,69.8,69.8,69.8,69.8,71.8,71.8,71.8,71.83,72.5,72.2,72.2,72.9,75.3,79.4,79.4,79.35,79.2,81.3,82.0,81.3,81.6,80.66,82.0,82.7,80.7,79.0,78.41,78.5,78.3,78.5,78.5,78.5,79.05,77.2,77.2,78.7,72.72,77.7,79.34,85.0,84.6,84.4,84.4,84.4,85.94,82.2,82.2,85.9,85.7,82.93,83.08,85.84,82.9,84.6,83.66,73.15,75.3,71.15,72.5,73.1,73.1,41.95,36.4,36.4,36.4,35.6,35.6,35.6,34.01,24.7,25.4,25.4,25.4,25.46,26.0,24.5,24.5,24.5,24.61,23.6,23.6,23.6,24.1,23.9,23.6,23.6,66.8,68.3,68.3,76.67,77.0,77.0,79.2,79.6,80.0,79.8,79.6,79.6,82.84,82.4,84.2,84.2,85.2,86.13,86.3,86.3,82.95,84.4,83.8,83.94,84.2,82.92,81.89,83.53,74.52,80.0,81.6,79.8,81.26,82.0,80.4,82.4,83.26,81.6,82.0,82.0,82.0,82.0,81.34,82.0,81.01,77.73,81.26,83.7,83.9,85.1,80.3,30.6,25.8,24.3,23.0,17.7,18.2,14.08,13.7,16.05,18.7,15.4,16.1,15.2,17.4,17.4,17.4,7.63,9.3,4.6,13.7,16.9,16.5,16.5,16.5,16.5,16.5,16.5,19.85,23.9,24.27,20.0,19.1,24.5,26.57,23.6,23.68,24.7,26.5,26.5,25.97,27.08,24.3,23.6,31.7,31.5,31.5,33.4,68.48,74.0,74.0,75.34,75.47,75.9,75.7,75.9,75.82,75.5,75.5,75.55,75.9,74.6,74.18,74.0,73.8,73.5,71.1,73.8,73.8,75.3,73.8,75.1,75.7,75.5,76.6,76.6,76.6,75.7,78.13,76.6,76.8,76.8,76.8,76.6,77.0,76.8,77.2,79.0,78.7,78.7,78.1,78.1,76.26,75.7,74.13,78.5,57.23,29.1,29.1,28.85,22.8,22.8,22.8,22.8,18.46,21.0,18.2,19.1,20.2,21.7,21.7,21.7,21.7,21.5,19.7,17.8,17.8,22.34,22.1,24.88,23.9,20.0,20.84,20.2,20.0,14.98,13.2,13.2,12.11,13.4,13.67,18.7,18.2,18.2,18.2,18.2,18.2,18.2,18.2,18.2,18.46,19.1,19.1,19.1,19.1,19.1,19.1,19.1,18.9,18.9,18.9,21.0,20.8,20.8,20.8,21.0,21.0,20.4,20.4,20.4,20.4,21.7,21.7,21.7,21.7,21.7,22.54,22.61,24.3,23.9,24.3,24.3,24.3,28.9,33.0,32.32,31.5,31.0,29.9,29.5,29.66,26.5,26.5,34.1,33.84,34.3,33.48,26.7,31.5,29.9,29.7,29.5,29.1,25.29,24.3,33.8,33.8,33.8,33.8,33.8,33.8,33.8,33.8,37.42,37.1,37.1,37.1,37.1,37.1,37.1,46.06,31.69,31.5,28.6,28.6,24.56,25.81,27.1,27.1,20.94,24.1,24.1,23.2,21.34,19.95,20.2,20.2,20.2,20.2,20.2,20.2,23.0,23.0,23.0,25.8,25.8,25.8,26.0,24.9,25.4,24.5,24.7,24.52,30.2,30.2,29.3,29.27,33.6,33.23,33.76,29.3,23.0,23.6,25.38,25.2,25.2,21.69,21.9,25.6,26.7,26.7,26.7,30.2,28.94,24.21,30.16,24.48,15.4,16.9,16.9,17.1,17.23,17.06,16.9,17.84,22.3,25.2,25.6,25.92,24.3,30.32,25.76,23.22,16.59,22.6,21.7,27.4,27.91,25.6,28.82,27.3,32.3,27.88,26.0,25.6,27.26,30.31,31.7,36.93,28.22,24.5,24.9,28.4,24.3,21.7,24.5,22.15,26.0,26.5,24.48,25.07,25.6,26.5,25.55,31.7,29.5,30.6,33.46,36.15,35.7,31.23,31.12,26.7,30.4,31.0,26.5,25.72,29.3,34.14,32.18,34.1,32.56,37.6,38.4,28.97,30.6,36.22,29.7,36.34,29.1,33.18,25.77,35.6,30.89,28.4,30.42,30.11,30.78,30.41,33.04,33.2,35.36,38.92,34.7,26.2,23.44,28.4,26.9,34.7,34.7,33.0,38.02,30.8,36.37,39.74,31.85,35.4,32.47,32.5,34.94,33.22,33.4,24.5,28.9,24.7,25.2,34.7,34.18,31.16,30.43,27.8,30.4,28.6,18.64,23.2,17.6,19.5,21.5,18.68,18.97,19.7,19.7,19.7,19.5,19.5,19.5,19.5,17.28,10.8,9.91,5.24,7.4,9.5,9.5,9.5,9.5,9.5,9.07,5.99,10.51,17.6,20.6,20.6,20.8,20.8,22.86,25.62,25.8,25.6,25.6,25.6,25.6,25.6,24.33,27.1,27.1,20.76,27.77,23.6,23.6,23.6,27.1,20.71,25.8,24.3,26.6,26.8,29.18,27.3,27.8,28.0,25.8,27.3,31.0,30.34,29.3,29.3,31.2,27.71,27.32,30.8,32.14,28.2,31.2,31.2,28.88,24.33,24.9,25.2,24.7,29.5,32.01,26.5,26.5,25.24,22.29,24.03,24.5,20.2,20.0,20.0,24.7,24.7,23.95,23.0,23.0,23.0,23.0,22.8,26.04,27.3,25.8,25.6,27.72,28.2,24.5,23.94,22.97,22.3,22.75,18.2,22.82,23.9,24.1,24.1,24.3,24.5,24.3,24.3,24.3,24.3,25.2,25.2,25.2,25.2,25.6,25.6,25.6,25.6,25.6,27.1,27.1,27.1,27.1,30.6,31.5,31.2,31.5,31.5,34.34,26.7,26.2,29.5,29.5,29.5,29.5,33.76,32.32,34.3,31.05,31.9,32.3,35.4,37.5,34.5,34.5,34.7,36.2,33.54,30.8,29.9,29.9,30.64,33.2,36.4,50.5,50.5,62.9,66.8,66.8,66.6,66.4,66.4,66.4,66.4,67.7,69.4,74.8,75.3,76.6,76.8,75.7,75.7,72.9,72.2,72.7,70.43,72.9,72.8,70.9,72.2,73.1,73.1,72.2,72.2,72.2,70.9,71.4,71.4,71.4,71.4,71.4,71.8,71.6,71.6,75.78,80.82,74.11,75.9,75.9,76.43,78.41,76.8,76.8,77.9,74.8,74.8,74.2,80.9,73.3,73.3,73.8,73.8,73.8,73.8,75.5,77.4,75.5,75.7,75.7,79.2,80.0,80.0,79.36,70.75,78.3,78.1,78.3,78.3,71.1,70.1,72.5,69.6,71.1,73.5,75.28,76.8,76.1,75.5,75.5,76.18,73.3,74.91,74.2,73.3,74.4,73.8,74.2,74.0,73.8,73.8,73.8,73.8,73.8,73.8,73.8,74.2,74.2,76.16,67.9,68.5
P047,75.2,75.3,75.3,74.8,73.3,73.0,72.1,75.2,75.2,75.2,75.2,72.0,75.9,85.1,85.1,85.2,85.2,85.2,85.2,85.2,85.2,85.2,85.2,85.2,85.2,85.2,85.2,83.7,83.7,77.3,77.3,77.3,77.3,77.3,77.3,77.3,76.94,76.3,77.1,77.1,77.1,77.1,77.1,77.1,75.7,75.7,75.7,75.7,75.7,75.7,75.7,75.7,75.7,75.7,75.7,75.7,75.7,75.7,75.7,75.7,75.7,76.64,76.9,76.9,76.9,76.9,76.6,75.1,75.1,75.1,75.1,75.1,75.1,75.1,75.1,75.1,74.4,74.4,77.0,79.5,76.5,76.5,76.5,76.5,76.5,76.5,76.5,76.5,76.5,72.2,73.5,73.5,73.5,73.5,73.5,73.5,73.5,73.5,73.5,73.5,73.5,73.5,73.5,73.5,73.5,73.5,73.5,73.5,73.5,73.5,73.5,73.5,73.5,73.5,73.5,73.5,73.5,73.5,73.5,73.5,73.5,73.5,73.5,73.5,73.5,73.5,73.5,73.5,73.5,73.5,73.5,73.5,73.5,73.5,73.5,73.5,73.5,73.5,73.5,73.5,73.5,73.5,73.5,73.5,73.5,73.5,73.5,73.5,73.5,73.5,73.5,73.5,73.5,73.5,73.5,73.5,73.5,73.5,73.5,73.5,73.5,73.5,73.5,73.5,73.5,73.5,73.5,73.5,73.5,73.5,73.5,73.5,73.5,73.5,73.5,73.5,73.5,73.5,73.5,73.5,73.5,73.5,73.5,73.5,73.5,73.5,73.5,73.5,73.5,73.5,73.5,73.5,73.5,73.5,73.5,73.5,73.5,73.5,73.5,73.5,73.5,73.5,73.5,73.5,73.5,73.5,73.5,73.5,73.5,73.5,73.5,73.5,73.5,73.5,73.5,73.5,73.5,73.5,73.5,73.5,73.5,73.5,73.5,73.5,73.5,73.5,73.5,73.5,73.5,73.5,73.5,73.5,73.5,73.5,73.5,73.5,73.5,73.5,73.5,73.5,73.5,73.5,73.5,73.5,73.5,73.5,73.5,73.5,73.5,73.5,73.5,73.5,73.5,73.5,73.5,73.5,73.5,73.5,73.5,73.5,73.5,73.5,73.5,73.5,73.5,73.5,73.1,59.31,42.6,40.7,45.5,42.01,38.8,41.1,41.3,42.1,41.8,44.87,40.4,39.5,45.0,45.0,45.0,45.0,40.2,40.6,40.3,40.3,40.3,40.3,40.3,40.3,40.3,40.3,40.3,40.3,40.3,40.3,40.3,40.3,40.3,40.3,40.3,40.3,40.3,40.3,40.3,40.3,40.3,40.3,38.4,39.5,38.7,37.7,34.3,28.0,19.02,18.11,14.9,14.9,14.9,14.9,18.1,15.2,15.2,15.2,16.8,16.8,16.8,16.8,16.8,16.8,16.8,21.3,19.3,6.4,6.2,6.2,6.2,6.2,6.2,12.5,18.6,30.74,40.9,36.72,55.87,69.18,72.65,72.6,72.6,72.6,72.6,72.6,72.6,72.6,72.6,72.6,72.6,72.6,72.6,72.6,72.6,72.6,72.6,72.6,72.6,72.6,57.4,29.3,18.42,14.4,14.1,14.1,14.1,14.1,14.1,20.0,20.0,20.0,20.0,20.0,20.0,20.0,20.0,20.0,15.6,15.6,15.6,15.6,15.6,15.6,15.6,15.6,15.6,11.51,9.3,9.3,9.3,9.3,9.3,9.3,9.4,9.4,9.4,9.4,9.4,9.4,9.4,9.4,9.4,9.4,3.0,14.6,16.1,16.04,4.9,4.9,4.9,4.9,4.9,4.9,4.9,4.9,4.9,4.9,0.0,0.0,0.0,0.0,0.0,0.0,0.0,0.0,0.0,0.0,0.0,0.0,0.0,0.0,0.0,0.0,0.0,0.0,0.0,0.0,0.0,0.0,0.0,0.0,0.0,0.0,0.0,0.0,0.0,0.0,0.0,0.0,0.0,0.0,0.0,0.0,0.0,0.0,0.0,0.0,0.0,0.0,0.0,0.0,0.0,0.0,0.0,0.0,0.0,0.0,0.0,0.0,0.0,0.0,0.0,0.0,0.0,0.0,0.0,0.0,0.0,0.0,0.0,0.0,0.0,0.0,0.0,0.0,0.0,0.0,0.0,0.0,0.0,0.0,0.0,0.0,0.0,0.0,0.0,0.0,0.0,0.0,0.0,0.0,0.0,0.0,0.0,0.0,0.0,0.0,0.0,0.0,0.0,0.0,0.0,0.0,0.0,0.0,0.0,0.0,0.0,0.0,0.0,0.0,0.0,0.0,0.0,0.0,0.0,0.0,0.0,0.0,0.0,0.0,0.0,0.0,0.0,0.0,0.0,0.0,0.0,0.0,0.0,0.0,0.0,0.0,0.0,0.0,0.0,0.0,0.0,0.0,0.0,0.0,0.0,0.0,0.0,0.0,0.0,0.0,0.0,0.0,0.0,0.0,0.0,0.0,0.0,0.0,0.0,0.0,0.0,0.0,0.0,0.0,0.0,0.0,0.0,0.0,0.0,0.0,0.0,0.0,0.0,0.0,0.0,0.0,0.0,0.0,0.0,0.0,0.0,0.0,0.0,0.0,0.0,0.0,0.0,0.0,0.0,0.0,0.0,0.0,0.0,0.0,0.0,0.0,0.0,0.0,0.0,0.0,0.0,0.0,0.0,0.0,0.0,0.0,0.0,0.0,0.0,0.0,0.0,0.0,0.0,0.0,0.0,0.0,0.0,0.0,0.0,0.0,0.0,0.0,0.0,0.0,0.0,0.0,0.0,0.0,0.0,0.0,0.0,0.0,0.0,0.0,0.0,0.0,0.0,0.0,0.0,0.0,0.0,0.0,0.0,0.0,0.0,0.0,0.0,0.0,0.0,0.0,0.0,0.0,0.0,0.0,0.0,0.0,0.0,0.0,0.0,0.0,0.0,0.0,0.0,0.0,0.0,0.0,0.0,0.0,0.0,0.0,0.0,0.0,0.0,0.0,5.23,16.2,17.38,34.6,34.6,34.6,34.6,36.9,47.7,53.7,56.2,64.58,68.9,70.23,71.1,71.2,72.7,76.3,75.19,69.91,69.9,69.9,69.9,69.9,69.9,69.9,69.9,69.9,69.9,69.9,69.9,69.9,69.9,69.9,69.9,69.9,69.9,69.9,69.9,69.9,69.9,69.9,69.9,69.9,69.9,69.9,69.9,69.9,69.9,69.9,69.9,69.9,69.9,69.9,69.9,69.9,69.9,69.9,69.9,69.9,69.9,69.9,69.9,69.9,69.9,69.9,69.9,69.9,69.9,69.9,69.9,69.9,69.9,69.9,69.9,69.9,69.9,69.9,69.9,69.9,69.9,69.9,69.9,69.9,69.9,69.9,69.9,69.9,69.9,49.8,49.8,49.8,49.8,49.8,64.56,68.09,83.6,80.6,80.6,80.6,80.6,80.6,80.6,80.6,80.6,80.6,80.6,80.6,80.6,80.6,80.6,80.6,80.6,80.6,80.6,80.6,80.6,80.6
P048,76.5,76.5,76.5,76.5,76.5,76.5,73.1,73.1,73.1,73.43,76.5,76.5,76.5,76.5,76.5,76.5,76.5,75.6,71.69,69.3,62.2,55.68,52.4,52.4,51.1,49.8,49.8,49.8,49.8,50.0,50.4,50.4,50.4,50.4,49.8,49.8,49.8,49.8,49.8,49.8,49.8,49.8,49.8,49.8,49.8,49.8,51.1,51.1,51.1,48.9,44.4,44.4,44.4,44.4,44.4,44.4,44.4,42.6,41.27,37.4,35.2,35.2,35.2,35.2,35.2,35.2,35.2,35.2,35.2,35.2,35.2,35.21,42.22,43.5,47.4,49.4,49.4,49.4,49.4,49.4,49.4,49.4,49.4,49.4,36.45,28.35,27.8,27.8,27.8,27.8,27.8,27.8,27.8,27.8,27.8,20.6,20.6,20.6,20.6,20.6,20.6,20.6,20.6,20.6,20.6,20.6,20.6,20.6,20.6,20.6,20.6,20.6,20.6,20.6,20.6,20.6,20.6,20.6,20.6,20.6,20.6,20.6,20.6,20.6,20.6,20.6,20.6,20.6,20.6,14.4,14.4,13.62,5.0,5.0,5.0,5.0,5.0,5.0,6.7,15.0,10.75,0.0,0.0,0.0,0.0,0.0,0.0,0.0,0.0,0.0,0.0,0.0,0.0,0.0,0.0,0.0,0.0,0.0,0.0,0.0,0.0,0.0,0.0,0.0,0.0,0.0,0.0,0.0,0.0,0.0,0.0,0.0,0.0,0.0,0.0,0.0,0.0,0.0,0.0,0.0,0.0,0.0,0.0,0.0,0.0,0.0,0.0,0.0,0.0,0.0,0.0,0.0,0.0,0.0,0.0,0.0,0.0,0.0,0.0,0.0,0.0,0.0,0.0,0.0,0.0,0.0,0.0,0.0,0.0,0.0,0.0,0.0,0.0,0.0,0.0,0.0,0.0,0.0,0.0,0.0,0.0,0.0,0.0,0.0,0.0,0.0,0.0,0.0,0.0,0.0,0.0,0.0,0.0,0.0,0.0,0.0,0.0,0.0,0.0,0.0,0.0,0.0,0.0,0.0,0.0,0.0,0.0,6.1,9.8,9.8,9.8,9.8,9.8,9.8,9.8,9.8,9.8,9.8,9.8,21.31,26.1,32.53,45.67,50.2,50.2,49.4,50.7,50.7,50.7,50.7,50.6,50.6,51.1,51.5,51.7,51.7,55.2,55.2,55.2,60.9,59.1,57.8,57.8,55.9,55.9,55.9,55.2,55.2,55.2,55.2,54.19,54.8,67.13,67.6,67.6,67.6,67.6,73.69,74.3,74.3,74.3,74.3,74.3,74.3,74.3,74.3,70.87,70.4,86.9,100.0,100.0,100.0,100.0,100.0,100.0,100.0,100.0,100.0,100.0,100.0,100.0,100.0,100.0,100.0,100.0,100.0,100.0,100.0,100.0,100.0,100.0,100.0,100.0,100.0,100.0,100.0,100.0,100.0,100.0,100.0,100.0,100.0,100.0,100.0,100.0,100.0,100.0,100.0,100.0,100.0,100.0,100.0,100.0,100.0,100.0,100.0,100.0,100.0,100.0,100.0,100.0,100.0,100.0,100.0,100.0,100.0,100.0,100.0,100.0,100.0,100.0,100.0,91.86,93.3,95.4,95.4,100.0,100.0,100.0,100.0,100.0,100.0,100.0,100.0,100.0,100.0,100.0,100.0,100.0,100.0,90.41,93.9,100.0,100.0,100.0,100.0,100.0,100.0,100.0,100.0,100.0,100.0,100.0,100.0,100.0,100.0,100.0,100.0,100.0,100.0,100.0,100.0,100.0,100.0,100.0,100.0,100.0,100.0,100.0,100.0,100.0,100.0,100.0,100.0,100.0,100.0,100.0,100.0,90.47,76.31,67.03,54.63,50.58,45.4,44.4,39.16,35.4,35.4,33.79,28.7,28.7,28.7,28.7,28.7,30.0,28.37,14.1,12.66,10.2,10.2,10.2,10.4,10.4,10.4,10.4,10.4,0.0,0.0,0.0,0.0,0.0,0.0,0.0,0.0,0.0,0.0,0.0,0.0,0.0,0.0,0.0,0.0,0.0,0.0,0.0,0.0,0.0,0.0,0.0,0.0,0.0,0.0,0.0,0.0,0.0,0.0,0.0,0.0,0.0,0.0,0.0,0.0,0.0,0.0,0.0,0.0,0.0,0.0,0.0,0.0,0.0,0.0,0.0,0.0,0.0,0.0,0.0,0.0,0.0,0.0,0.05,6.3,16.63,28.3,28.3,28.3,28.3,16.3,16.3,16.3,16.3,16.3,16.3,16.3,16.3,16.3,16.3,16.3,16.3,16.3,16.3,8.82,0.9,0.0,0.0,0.0,0.0,0.0,0.0,0.0,0.0,0.0,0.0,0.0,0.0,0.0,0.0,0.0,0.0,0.0,0.0,0.0,0.0,0.0,0.0,0.0,0.0,0.0,0.0,0.0,0.0,0.0,0.0,0.0,0.0,0.0,0.0,0.0,0.0,0.0,0.0,0.0,0.0,0.0,0.0,0.0,0.0,0.0,0.0,0.0,0.0,0.0,0.0,0.0,0.0,0.0,0.0,0.0,0.0,0.0,0.0,0.0,0.0,0.0,0.0,0.0,0.0,0.0,0.0,0.0,0.0,0.0,0.0,0.0,0.0,0.0,0.0,0.0,0.0,0.0,0.0,0.0,0.0,0.0,0.0,0.0,0.0,0.0,0.0,0.0,0.0,0.0,0.0,0.0,0.0,0.0,0.0,0.0,0.0,0.0,0.0,0.0,0.0,0.0,0.0,0.0,0.0,0.0,0.0,0.0,0.0,0.0,0.0,0.0,0.0,0.0,0.0,0.0,0.0,0.0,0.0,0.0,0.0,0.0,0.0,0.0,0.0,0.0,0.0,0.0,0.0,0.0,0.0,0.0,0.0,0.0,0.0,0.0,0.0,0.0,0.0,0.0,0.0,0.0,0.0,0.0,0.0,0.0,0.0,0.0,0.0,0.0,0.0,0.0,0.0,0.0,0.0,0.0,0.0,0.0,0.0,0.0,0.0,0.0,46.9,47.01,44.6,45.7,50.4,50.4,50.4,50.2,49.3,47.0,37.4,37.4,37.4,37.4,37.4,37.4,37.4,36.17,35.9,35.9,35.9,35.9,35.9,35.9,35.9,35.9,35.9,35.9,35.9,35.9,35.9,35.9,35.9,35.9,35.9,35.9,35.9,35.9,35.9,35.9,35.9,35.9,35.6,35.6,35.6,35.6,35.6,35.6,35.6,35.6,35.6,35.6,35.6,35.6,35.6,35.6,35.6,35.6,35.6,35.6,35.6,35.6,35.6,35.6,35.6,35.6,35.6,35.6,35.6,35.6,35.6,35.6,35.6,35.6,35.6,35.6,35.6,35.6,35.6,35.6,35.6,35.6,35.6,35.6,35.6,35.6,35.6,35.6,35.6,35.6,35.6,35.6,35.6,35.6,35.6,35.6,35.6,35.6,35.6,35.6,35.6,39.98,44.3,44.3,44.3,44.3,51.9,51.9,51.9,51.9,51.9,51.9,51.9,51.9
P049,77.3,77.3,77.6,77.6,72.03,55.86,45.4,45.4,45.4,45.25,73.5,75.9,75.9,75.9,78.97,75.8,75.8,75.8,75.8,75.8,75.8,75.8,73.8,73.5,74.54,76.9,76.9,76.9,76.2,76.2,76.2,81.05,74.5,74.5,74.5,74.5,74.5,74.5,74.5,74.5,74.5,74.5,74.5,74.5,74.5,68.13,61.6,70.4,70.4,70.4,82.16,68.86,65.72,67.1,67.1,67.1,68.41,68.8,69.0,74.1,74.1,74.1,74.1,74.01,73.1,70.7,58.8,33.0,65.3,67.58,72.5,75.78,75.8,75.8,75.8,75.8,75.6,63.79,27.2,27.2,27.2,27.2,27.2,27.2,27.2,22.7,25.3,27.8,27.8,27.8,27.8,27.8,27.8,27.8,27.8,27.8,28.4,28.4,28.4,28.4,28.4,29.9,28.1,27.2,27.2,27.2,57.67,69.84,74.7,74.7,74.7,74.5,74.4,74.1,72.8,72.1,71.3,71.3,71.3,71.3,70.8,70.8,70.8,70.8,70.4,70.4,70.4,70.4,70.4,69.9,69.9,69.9,68.8,26.5,26.5,26.5,26.5,26.5,26.5,26.5,26.5,26.5,26.5,26.5,26.5,26.5,26.5,26.5,26.5,26.5,26.5,26.5,26.5,26.5,26.5,26.5,26.5,26.5,26.9,26.9,26.9,26.9,26.9,26.9,26.9,26.9,26.9,26.9,26.9,26.9,26.9,26.9,26.9,26.9,26.9,25.8,26.7,26.7,27.8,27.2,27.2,27.2,27.2,27.2,27.2,27.2,27.2,27.2,27.2,27.2,27.2,27.2,27.2,27.2,27.2,27.2,27.2,79.34,80.9,76.4,76.4,76.4,76.4,76.4,76.4,76.4,76.4,76.4,76.4,76.4,76.4,76.22,75.3,73.5,73.5,73.5,73.5,65.06,50.6,49.4,49.4,49.4,49.4,49.4,49.4,49.4,49.4,49.4,50.6,50.6,50.6,50.6,50.6,50.6,50.6,50.6,50.6,50.6,50.6,50.6,50.6,50.6,50.6,50.6,50.6,50.6,50.6,50.6,50.6,50.6,50.6,50.6,50.6,50.6,50.6,50.6,50.6,50.6,50.6,50.6,50.6,68.8,75.0,75.79,76.9,76.9,76.08,72.4,72.4,72.4,72.4,72.4,72.4,72.4,72.4,72.4,72.4,72.4,72.4,72.4,72.4,72.4,72.4,72.4,71.0,71.0,71.0,71.0,71.0,71.0,71.0,71.0,71.0,69.9,70.2,67.4,67.4,67.4,67.4,67.4,67.4,67.4,67.4,67.4,67.4,67.4,67.4,67.4,67.4,67.4,67.4,67.4,67.4,67.4,67.4,45.4,0.0,9.65,0.0,35.8,28.1,28.1,28.1,28.1,28.1,28.1,28.1,28.1,28.1,28.1,28.1,28.1,28.1,28.1,28.1,28.1,28.1,28.1,28.1,28.1,28.1,28.1,28.1,28.1,33.05,46.03,51.1,51.7,51.7,51.7,51.7,51.7,51.7,51.7,51.7,51.7,51.7,51.7,51.7,51.7,51.7,49.7,49.7,49.7,49.7,49.7,49.7,49.7,53.86,71.0,73.1,73.1,71.9,71.9,71.9,71.9,71.9,71.9,71.9,70.2,70.2,70.2,67.4,55.7,52.6,52.0,27.83,25.8,25.8,26.7,27.3,27.3,27.3,27.3,27.3,27.3,27.3,27.3,26.1,25.9,25.9,25.9,26.4,27.2,25.9,25.9,25.9,25.9,25.9,25.9,25.9,25.9,25.9,25.9,25.9,25.9,25.9,24.72,27.2,26.1,26.1,26.1,26.1,26.1,26.1,26.1,26.1,26.1,26.1,26.1,26.1,26.1,26.1,26.1,26.1,26.1,26.1,26.1,26.1,26.1,26.1,26.1,26.1,26.1,26.1,26.1,26.1,26.1,26.1,26.1,26.1,26.1,26.1,26.1,26.1,26.1,26.1,26.1,26.1,26.1,26.1,26.1,26.1,26.1,26.2,27.8,27.9,27.9,27.9,27.9,27.8,27.6,27.6,27.6,27.93,27.9,27.9,27.9,27.9,27.9,27.9,27.9,27.9,27.9,27.9,27.9,27.9,27.9,27.9,34.0,35.5,35.8,35.8,35.8,25.56,19.1,19.1,19.4,19.4,19.4,19.4,19.4,19.4,19.4,19.4,19.4,19.4,19.4,19.4,19.4,19.4,19.4,16.47,12.7,17.0,22.4,26.2,26.2,26.2,33.0,32.6,32.6,31.2,31.2,31.2,31.2,30.4,29.8,29.9,29.9,29.9,29.9,29.9,29.9,29.9,29.9,29.9,29.9,31.8,30.7,28.1,28.1,28.1,28.1,28.1,27.6,24.8,24.8,24.8,24.8,24.8,24.8,24.8,24.7,24.7,24.7,24.7,24.7,24.7,24.7,24.7,24.7,24.7,24.7,24.7,24.7,24.7,24.7,24.7,23.9,23.9,23.9,23.9,23.9,23.9,23.9,23.9,23.9,23.9,20.76,18.45,20.1,19.61,19.6,19.6,19.6,19.6,19.6,19.6,19.6,19.6,19.6,19.6,19.6,19.1,19.1,24.63,26.1,26.1,26.5,28.21,28.2,28.2,28.1,24.8,24.4,24.4,24.4,24.8,27.5,27.5,27.5,27.5,27.5,27.5,32.1,31.5,31.5,31.5,31.5,31.2,31.2,31.2,25.9,26.5,7.54,5.6,5.6,5.6,5.6,5.6,5.6,5.6,5.6,5.6,5.6,5.6,5.6,5.6,5.6,5.6,5.6,5.6,5.6,7.4,7.4,7.4,7.4,7.4,7.4,7.4,7.4,7.4,7.4,7.4,7.4,7.4,7.4,7.4,7.4,7.4,7.4,7.4,7.4,7.4,7.4,7.4,7.4,7.4,7.4,7.4,7.4,7.4,7.4,7.4,7.4,7.4,7.4,7.4,18.18,33.61,35.8,34.0,34.0,34.0,34.0,34.0,26.2,25.2,24.12,25.2,25.0,24.2,24.2,23.8,23.6,23.9,23.9,24.1,44.07,47.4,49.2,52.0,50.8,50.8,50.8,50.8,50.8,50.8,50.8,50.8,50.8,50.8,51.9,51.9,51.9,70.72,75.3,74.7,74.7,74.7,74.7,74.7,74.7,74.7,74.7,74.7,74.7,74.7,72.7,67.0,71.3,72.8,72.41,72.4,72.4,72.4,72.4,72.4,72.4,72.4,72.4,72.4,72.4,72.4,72.4,72.4,72.4,72.4,72.4,72.4,72.4,72.4,72.4,72.4,72.4,72.4,67.45,54.63,51.2,50.6,51.1,51.1,51.1,51.1,51.1,51.1,51.1,51.1,51.1,51.1,51.1,51.1,73.3,73.1,73.1,73.1,73.1,73.1,73.1,73.1,73.1,73.1,73.1,73.1,73.1,73.1,63.42,65.4,70.1,70.1,70.1,70.1,70.1,70.1,70.1,70.1,70.1,70.1,70.1,70.1,70.1,70.69,70.1,51.74,50.9,50.9,50.9
P050,75.2,75.2,75.2,75.2,75.2,75.2,75.2,71.68,68.5,72.73,77.2,78.9,81.65,82.2,83.1,82.2,80.33,79.3,79.02,78.96,80.9,80.9,81.18,81.37,81.9,81.7,80.7,80.7,80.6,80.6,80.4,80.2,80.2,82.2,84.1,84.1,84.4,80.46,77.4,76.9,75.14,71.5,71.28,70.9,68.9,70.4,66.9,66.9,52.6,55.0,65.7,68.9,74.4,73.9,73.7,80.4,79.6,79.6,79.3,80.2,79.6,78.1,77.93,75.02,70.41,65.52,64.03,62.2,61.9,61.1,62.6,62.6,61.24,61.1,61.1,61.1,60.9,69.29,66.5,66.5,68.9,64.19,65.9,65.7,65.4,65.4,61.22,69.3,64.3,64.3,66.87,60.7,60.4,60.2,60.7,60.7,60.6,60.9,67.8,67.8,67.4,67.2,67.2,67.0,66.7,64.95,64.3,63.9,64.4,67.4,64.69,67.2,67.4,67.4,67.2,66.7,66.7,58.84,51.7,51.7,53.3,56.23,56.1,55.66,55.7,54.9,53.5,48.86,42.0,40.4,39.8,39.8,40.0,40.2,40.2,40.2,40.2,40.2,40.2,40.2,39.3,39.1,44.52,49.6,49.6,49.8,48.43,52.8,53.0,53.0,53.0,55.08,56.9,56.7,53.7,57.2,57.2,57.2,57.4,57.6,57.6,57.6,57.6,57.6,57.6,57.6,57.6,59.8,59.8,60.6,60.0,53.34,44.8,41.3,39.8,39.8,38.9,37.8,36.5,36.9,35.7,34.6,33.9,35.68,35.9,34.3,34.3,34.3,34.3,34.3,34.1,34.1,34.1,34.1,34.1,36.51,44.49,48.9,48.9,50.6,50.6,51.1,53.98,54.8,55.0,55.0,55.0,53.1,52.8,52.8,52.8,52.8,52.6,50.85,50.7,52.0,53.1,54.8,54.8,54.8,55.6,55.6,55.6,57.8,57.2,57.2,58.0,58.0,58.0,58.0,55.88,51.3,51.3,51.3,50.9,50.9,50.9,51.44,54.3,54.3,54.3,54.3,54.3,54.22,55.0,55.2,56.5,56.5,59.62,59.6,59.24,58.42,58.77,62.05,64.4,64.4,64.4,64.4,64.4,63.9,63.9,63.9,63.9,64.15,60.9,61.3,61.9,61.1,61.1,61.1,61.1,61.1,61.1,61.1,60.9,59.6,59.8,60.2,60.2,60.2,60.2,59.3,55.61,52.8,52.6,52.6,51.9,51.3,51.3,51.3,51.3,51.3,56.9,56.7,58.1,58.1,58.5,58.5,58.5,58.5,60.46,58.5,58.5,58.5,58.5,54.8,54.8,54.8,54.8,54.8,52.23,55.4,55.4,55.0,56.9,56.3,56.93,57.2,58.9,60.36,63.9,63.9,63.9,63.9,63.9,63.9,63.9,63.9,62.6,54.29,52.4,45.78,40.28,37.0,33.3,33.3,33.07,26.96,26.9,26.9,23.97,22.87,25.45,29.1,29.3,30.2,37.2,38.62,39.1,39.1,39.41,44.65,44.8,44.8,47.51,52.36,53.7,53.9,53.9,53.9,53.9,53.9,53.9,53.9,53.9,55.2,55.2,55.2,55.2,55.2,55.0,55.0,50.7,50.0,50.0,50.0,52.4,52.4,52.4,52.4,52.4,52.21,49.1,53.11,60.06,61.5,64.8,64.8,64.8,64.8,64.8,55.81,50.4,50.4,48.7,48.7,48.5,47.53,47.6,44.6,42.0,41.9,41.9,41.9,41.9,41.9,41.3,46.1,46.1,46.1,46.1,46.1,46.1,46.1,49.96,50.25,52.0,53.1,53.5,56.7,56.9,49.63,40.71,40.4,40.4,40.0,40.0,40.9,40.9,40.9,40.9,40.9,40.9,35.54,35.4,32.92,29.1,31.9,31.9,31.9,31.9,31.9,32.17,34.3,34.3,34.3,34.3,34.3,34.3,34.3,34.3,34.3,38.7,40.62,43.7,44.3,44.3,44.4,44.3,44.3,44.3,44.3,43.3,43.3,43.3,44.17,44.8,46.7,49.67,53.0,53.5,53.5,53.5,53.5,54.15,56.7,56.7,56.9,59.6,57.8,57.8,59.7,63.5,63.5,63.5,65.2,64.04,61.8,60.7,60.9,61.5,61.3,60.9,60.9,60.9,60.6,60.6,59.3,59.1,59.1,59.1,59.1,60.28,60.6,59.1,58.9,58.9,58.9,58.9,58.7,58.7,58.7,58.0,58.0,58.0,57.0,57.0,51.81,48.3,48.3,46.7,38.9,38.7,38.83,45.2,45.12,44.4,39.4,39.4,39.36,41.9,41.9,41.9,41.9,39.29,37.84,37.6,34.1,34.1,34.1,34.1,34.1,33.1,33.1,33.1,33.1,33.1,33.1,33.1,33.1,33.1,34.4,34.4,34.4,34.4,34.4,34.8,34.86,36.3,36.5,36.5,36.5,36.5,38.1,35.6,36.5,35.4,35.4,35.4,35.4,35.4,35.0,34.93,34.8,35.7,37.0,35.4,34.8,38.3,38.3,38.3,38.05,36.3,36.3,36.9,37.6,37.0,37.0,38.43,42.26,43.1,45.9,45.9,46.1,48.22,38.3,37.2,37.2,37.0,38.97,39.1,40.2,38.1,38.7,42.0,47.0,54.1,54.4,56.0,60.6,60.6,60.6,60.6,60.9,63.9,66.3,66.3,64.4,58.34,55.0,52.08,45.82,45.4,45.4,44.8,41.7,39.8,38.78,37.4,36.9,36.5,31.0,27.32,25.7,25.7,26.16,29.8,29.8,31.5,31.5,32.8,35.6,36.9,36.1,36.1,36.17,36.5,40.27,40.6,40.6,42.62,45.6,47.45,50.4,50.6,50.6,50.2,50.2,50.2,50.2,50.63,51.3,52.4,50.0,50.0,49.34,54.4,60.45,63.5,64.6,63.85,63.7,64.1,66.5,66.5,66.5,66.1,66.1,66.1,66.1,66.1,66.1,66.1,65.67,65.0,65.0,65.0,64.16,63.7,63.7,64.33,71.9,72.6,73.7,74.1,71.1,72.4,71.9,71.9,72.2,72.2,69.4,68.7,69.4,70.98,70.4,68.99,70.7,71.3,71.3,71.5,69.8,67.6,67.4,64.8,59.36,56.9,56.7,56.5,56.5,56.02,54.6,54.8,56.1,56.3,56.3,56.3,56.3,57.2,57.6,57.4,56.3,57.0,57.53,57.8,57.8,55.7,56.24,57.8,56.7,55.9,58.3,59.4,59.16,52.4,60.6,63.3,63.3,63.3,63.1,63.1,62.8,62.2,62.2,62.2,62.0,62.4,62.4,62.4,62.4,61.3,63.7,68.0,71.3,71.5,75.2,73.3,73.0,72.8,73.1,72.2,72.2,72.0,72.2,72.8,69.17,65.7,59.8,59.8,59.8,59.8,59.8,61.7,61.7,61.7,61.7,65.6,66.1,66.1,66.1,66.1,66.1,66.1,66.1,66.1,66.1,66.1,67.2,67.2,67.4,67.4,67.4,67.4,67.59,69.46,70.2,70.2,70.9
P051,70.4,70.4,70.4,70.4,70.4,70.4,70.4,70.6,71.0,70.2,70.2,70.2,70.2,70.2,70.2,70.2,70.2,70.2,70.2,78.1,78.3,78.3,78.3,78.3,78.3,77.9,77.5,72.5,73.3,75.8,74.2,68.8,66.3,64.4,60.01,61.7,71.9,78.5,79.8,80.2,80.2,76.3,76.3,76.3,76.3,76.3,61.9,64.39,68.3,68.3,68.3,68.3,70.2,74.4,70.99,67.3,53.7,54.2,55.0,61.0,61.5,62.3,71.7,74.8,74.8,74.0,76.2,79.6,80.2,74.6,70.6,72.9,73.7,72.1,71.5,71.2,69.2,70.8,71.2,71.2,71.0,69.6,70.2,70.8,70.6,70.8,68.71,65.2,64.4,62.7,62.3,64.4,66.9,71.2,74.8,70.4,67.69,65.0,66.5,66.5,70.2,73.3,73.5,74.8,78.7,72.9,72.9,71.69,67.9,76.9,79.4,78.5,71.9,69.2,66.21,64.0,63.8,67.1,67.9,73.1,75.0,71.7,68.3,68.5,57.3,50.0,42.5,44.2,38.3,22.29,26.2,30.8,35.2,30.4,23.1,21.5,17.5,24.01,27.9,25.6,31.7,34.2,34.2,26.5,34.0,39.6,40.4,43.5,52.1,55.8,57.5,62.9,68.5,76.5,79.2,71.9,68.1,60.8,59.4,40.8,23.5,9.4,17.9,17.5,24.6,22.49,24.8,29.6,25.2,25.2,27.1,27.1,32.91,34.4,39.0,39.8,39.8,44.0,30.8,27.1,27.5,27.5,27.5,21.0,18.1,25.8,29.8,32.3,37.9,37.1,46.0,48.8,51.7,52.5,54.6,56.3,60.4,65.8,66.9,54.2,53.8,40.6,26.0,16.0,14.8,17.9,17.9,17.9,17.9,17.9,15.8,27.7,26.5,26.3,26.3,26.0,26.0,17.9,13.1,12.7,31.3,33.3,33.3,33.3,33.3,33.3,33.3,38.1,38.5,37.9,44.2,48.8,48.5,59.6,63.3,61.9,61.9,61.9,60.54,52.5,44.0,38.97,33.1,21.88,16.9,11.5,19.4,27.1,27.7,35.6,41.3,44.6,47.91,55.4,64.8,74.8,77.5,85.0,74.2,55.4,39.99,27.5,6.5,8.5,15.4,20.6,25.2,33.5,37.3,40.8,44.4,50.0,54.6,49.8,37.1,25.99,13.3,18.81,29.4,25.4,35.2,14.4,9.2,18.52,8.8,4.8,14.0,29.59,19.8,13.3,15.4,25.8,13.1,12.5,20.98,25.4,34.4,22.7,22.3,11.9,6.0,10.0,12.51,18.5,10.6,13.1,13.49,9.2,4.4,4.2,16.7,17.3,24.4,25.6,25.8,30.8,31.0,35.8,31.02,23.5,17.3,21.0,32.5,42.49,47.5,55.8,56.3,56.3,56.3,61.5,64.0,62.5,78.5,70.8,74.0,68.5,59.4,50.2,35.4,26.3,18.3,21.3,24.6,14.0,14.2,13.29,16.5,22.7,24.0,22.5,27.9,12.32,14.8,18.3,29.4,38.3,45.6,57.9,61.33,57.7,59.2,64.0,64.8,68.1,64.4,75.21,67.3,74.62,87.5,88.5,71.3,62.5,63.5,76.0,55.0,47.71,48.49,40.0,28.8,40.2,54.4,37.5,36.29,33.5,33.5,40.8,50.2,42.9,41.9,42.7,44.6,50.0,34.0,34.0,34.0,25.8,27.5,42.5,48.8,54.4,54.4,43.8,47.3,47.3,47.3,43.3,43.3,56.7,64.0,63.09,42.3,27.5,27.7,27.3,24.2,30.0,28.47,13.3,21.3,25.4,26.7,27.9,33.1,37.5,27.27,48.5,54.2,67.69,70.6,76.3,63.3,79.0,75.6,67.5,57.5,72.3,77.7,73.76,64.2,68.5,52.1,63.5,66.0,60.8,70.6,69.98,57.1,56.9,67.5,67.1,69.4,81.7,72.5,66.88,61.5,57.5,60.42,65.21,78.7,77.9,79.4,76.94,63.5,60.0,74.6,70.4,61.0,65.2,65.2,64.6,56.7,37.33,21.5,18.5,17.1,17.1,17.1,18.7,18.7,18.7,18.7,18.7,34.62,43.3,47.3,47.3,48.1,66.2,69.2,69.2,69.2,69.2,80.4,78.7,69.4,69.6,69.2,61.0,48.3,40.8,32.1,22.9,29.2,26.2,21.0,19.4,19.2,19.0,18.1,15.2,29.0,28.05,29.6,21.5,19.8,19.4,21.5,21.5,32.1,31.9,31.9,31.9,31.2,31.2,25.78,18.5,27.7,33.1,39.0,24.8,23.1,16.0,14.0,14.8,19.0,24.6,32.29,41.7,51.91,63.5,51.0,41.0,38.7,45.8,60.0,54.8,59.4,66.5,58.09,50.6,62.9,70.6,83.5,79.0,81.7,70.0,65.0,59.2,63.1,53.98,36.0,23.1,33.3,32.3,30.2,24.6,32.9,37.1,48.68,56.49,68.5,72.1,57.33,49.01,47.9,25.0,24.0,20.8,27.5,30.2,31.3,22.1,15.19,23.32,23.1,26.9,38.5,38.8,40.8,41.0,41.3,36.0,33.3,18.51,13.8,10.6,10.6,10.6,10.6,11.7,8.51,9.2,5.21,7.9,7.3,12.1,19.8,25.0,24.99,23.8,21.49,12.1,3.1,5.8,6.7,9.4,7.9,4.8,11.2,10.39,7.29,5.2,8.7,8.3,4.2,1.0,2.1,6.0,10.0,7.9,6.5,4.4,4.4,4.4,4.4,4.4,4.4,4.6,8.71,7.9,6.2,6.2,6.2,6.2,6.2,6.2,6.2,6.2,6.2,6.2,6.2,6.9,7.9,7.7,7.3,7.3,7.1,5.4,7.9,10.6,10.6,10.6,10.6,10.6,10.6,10.6,10.6,10.6,10.6,10.6,10.6,10.6,10.6,10.6,8.7,7.9,5.2,7.3,8.5,8.5,8.5,8.5,8.7,8.7,8.7,8.7,8.7,8.7,8.7,9.6,12.1,7.3,11.5,12.1,11.5,14.4,14.8,13.8,13.8,13.8,13.8,11.69,12.3,12.7,12.7,12.7,7.9,9.6,19.8,19.8,20.4,20.6,11.2,11.7,11.7,11.7,11.7,12.7,13.1,13.8,11.5,11.5,11.5,11.5,11.9,14.6,21.7,22.1,38.79,61.3,64.4,65.2,66.0,66.0,66.0,66.0,66.7,61.9,59.6,55.0,55.0,46.5,51.7,52.7,59.21,65.4,75.0,75.0,73.3,65.6,57.7,68.11,74.0,77.7,83.1,76.0,66.9,63.1,59.6,62.9,66.2,64.8,65.8,65.8,65.8,65.8,65.8,65.8,65.8,65.8,65.8,65.8,62.9,61.9,61.5,60.8,66.0,68.1,64.8,64.8,64.8,64.8,65.2,69.4,66.5,63.3,69.4,65.6,64.2,67.71,73.5,78.3,79.0,80.6,80.4,78.5,80.2,80.2,80.0,84.6,84.6,84.6,84.6,84.6,84.0,83.7,83.7,81.9
P052,49.4,49.4,49.4,49.4,49.4,49.4,49.4,49.4,49.4,47.68,52.0,50.88,50.0,50.0,50.0,50.0,50.0,50.0,49.8,49.8,49.8,49.8,50.8,50.6,50.6,50.9,51.1,51.1,53.8,52.5,52.5,52.5,52.5,52.5,52.5,52.5,52.5,52.5,52.5,56.8,58.0,58.0,58.0,58.0,58.0,58.0,58.0,58.0,58.0,58.0,58.0,58.0,58.0,58.0,58.0,58.0,58.0,58.0,58.0,59.7,59.7,59.7,59.7,59.7,53.45,46.6,45.8,48.8,50.8,50.8,50.8,50.8,50.8,50.8,50.8,50.8,50.8,50.8,50.8,50.8,50.8,50.8,50.8,50.8,50.8,50.8,50.8,50.8,50.8,50.8,50.8,50.8,50.8,50.8,50.8,50.8,50.8,48.9,49.5,48.32,49.2,50.5,50.8,50.9,50.9,50.9,50.9,50.9,50.9,50.9,50.9,50.9,50.9,50.9,50.9,50.9,50.9,50.9,50.9,50.9,50.9,50.9,63.13,62.2,62.2,62.2,62.2,62.2,52.88,46.38,38.0,36.4,36.4,36.4,36.4,36.4,36.4,36.4,36.4,36.4,36.4,36.4,36.4,36.7,36.7,36.7,36.7,36.7,36.7,36.7,36.7,36.7,36.7,36.7,36.7,36.7,36.7,36.7,36.7,36.7,36.7,36.7,36.7,36.7,36.7,36.7,36.7,36.7,36.7,36.7,36.7,43.31,51.67,52.5,52.5,52.5,52.5,52.5,52.5,52.5,52.5,52.5,52.5,52.5,52.5,49.59,45.2,45.2,45.2,45.2,45.2,45.2,45.2,45.2,45.2,45.2,45.2,45.2,47.4,44.03,41.4,41.4,41.4,41.4,41.4,41.4,41.4,41.4,41.4,41.4,41.4,41.4,41.4,41.4,41.4,41.4,41.4,41.4,41.4,41.4,41.4,41.4,41.4,41.4,41.4,41.4,41.4,41.4,41.4,41.4,41.4,43.18,46.04,48.6,45.7,45.0,40.6,36.33,34.9,31.6,31.6,31.6,31.6,31.6,31.6,31.6,31.6,31.6,31.6,31.6,31.6,31.6,31.6,31.6,31.6,31.6,31.6,31.6,31.6,31.6,31.6,31.6,31.6,31.6,31.89,32.7,32.7,32.7,32.7,32.7,32.7,32.7,32.7,32.7,32.7,32.7,32.7,32.7,32.7,32.7,32.7,32.7,32.7,32.7,32.7,32.7,32.7,32.7,32.7,32.7,32.7,32.7,32.7,32.7,32.7,32.7,32.7,32.7,32.7,54.92,59.02,60.6,60.6,60.6,60.6,60.6,60.6,60.6,60.6,60.6,60.6,60.6,60.6,60.6,60.6,60.6,60.6,60.6,60.6,60.6,60.6,63.02,67.6,67.6,67.6,67.6,67.6,67.6,67.6,67.6,67.6,67.6,67.6,67.6,67.6,67.6,67.6,67.6,67.6,67.6,67.6,67.6,67.6,65.56,64.0,64.2,70.4,70.4,70.4,70.4,70.4,70.4,70.4,70.4,70.4,70.4,70.4,70.4,70.4,70.4,70.4,70.4,70.4,70.4,70.4,70.4,70.4,70.4,70.4,70.4,70.4,70.4,70.4,70.4,70.4,70.4,70.4,70.4,70.4,71.1,71.1,72.4,72.4,72.4,72.4,72.4,72.4,72.4,72.4,72.4,72.4,72.4,72.4,72.4,72.4,72.4,72.4,72.4,74.92,76.1,76.1,76.1,76.1,76.1,76.1,76.1,76.1,76.1,76.1,76.1,76.1,76.1,76.1,76.1,76.1,76.1,76.1,76.1,76.1,76.1,76.1,76.1,76.1,76.1,76.1,76.1,76.1,76.1,76.1,77.5,77.5,77.5,77.5,77.5,77.5,77.5,77.5,77.5,77.5,77.5,77.5,77.5,77.5,77.5,77.5,77.5,77.5,77.5,77.5,77.5,77.5,77.5,75.3,76.1,76.1,76.1,76.1,76.1,76.1,76.1,76.1,76.1,76.1,76.1,76.1,76.1,76.1,76.1,76.1,76.1,76.1,76.1,76.1,76.1,76.1,76.1,76.1,76.1,76.1,76.1,76.1,76.1,76.1,76.1,76.1,76.1,76.1,76.1,76.1,76.1,76.1,76.1,76.1,76.1,76.1,74.1,78.09,79.8,79.9,81.5,82.9,82.9,82.9,82.9,82.9,82.9,82.9,82.9,82.9,82.9,82.9,82.9,82.9,82.9,82.9,82.9,82.9,82.9,82.9,82.9,82.9,82.9,82.9,82.9,82.9,82.9,82.9,82.9,82.9,82.9,83.3,89.44,90.7,90.7,90.7,90.7,90.7,90.7,90.7,90.7,90.7,90.7,90.7,90.7,90.7,90.7,90.7,90.7,90.7,90.7,90.7,90.7,90.7,90.7,90.7,90.7,90.7,90.7,90.7,90.7,90.7,90.7,90.7,90.7,90.7,90.7,90.7,90.7,90.7,90.7,90.7,91.2,88.98,67.4,67.4,67.4,67.4,69.74,75.2,75.2,75.2,75.2,75.2,75.2,75.2,75.2,75.2,75.2,75.2,75.2,75.2,75.2,75.2,82.4,82.4,82.4,82.4,82.4,82.4,82.4,82.4,82.4,82.4,82.4,82.4,82.4,82.4,82.4,82.4,82.4,82.4,82.4,82.4,82.4,82.4,82.4,82.4,82.4,82.4,82.4,82.4,82.4,82.4,82.4,82.4,82.4,82.4,82.4,82.4,82.4,82.4,82.4,82.4,82.4,82.4,82.4,82.4,82.4,82.4,82.4,82.4,82.4,82.4,82.4,82.4,82.4,82.4,82.4,82.4,82.4,82.4,82.4,82.4,82.4,82.4,82.4,82.4,82.4,82.4,82.4,82.4,76.2,56.7,51.87,51.2,51.2,51.2,51.2,51.2,51.2,51.2,51.2,51.2,51.2,51.2,51.2,51.2,51.2,51.2,51.2,51.2,51.2,51.2,51.2,51.2,51.2,51.2,51.2,51.2,51.2,51.2,51.2,51.2,51.2,51.2,51.2,51.2,51.2,51.2,51.2,51.2,51.2,51.2,51.2,51.2,51.2,51.2,51.2,51.2,51.2,51.2,51.2,51.2,51.2,50.49,49.5,49.1,41.37,39.5,39.5,39.5,39.5,50.33,54.6,64.0,64.0,64.0,64.0,64.0,64.0,64.0,64.0,64.0,64.0,64.0,64.0,64.0,64.0,64.0,64.0,64.0,64.0,64.0,64.0,64.0,64.0,64.0,64.0,64.0,64.0,64.0,64.0,64.0,64.0,64.0,64.0,64.0,64.0,64.0,64.0,64.0,64.0,64.0,64.0,64.0,64.0,64.0,64.0,64.0,64.0,64.0,64.0,64.0,64.0,64.0,64.0,64.0,64.0,64.0,64.0,64.0,64.0,64.0,64.0,64.0,64.0,64.0,64.0,64.0,82.1,82.1,82.1,82.1,82.1,82.1,82.1,82.1,82.1,82.1,82.1,82.1,82.1,82.1,82.1,82.1,82.1,82.1,82.1
P053,21.0,21.0,21.0,21.0,21.0,14.5,8.49,7.9,6.5,4.6,4.6,4.3,4.18,4.5,4.6,4.6,4.6,4.6,5.11,10.0,10.6,13.0,13.0,13.0,13.0,13.72,19.1,19.1,19.1,25.3,35.3,35.5,39.32,81.24,83.8,86.9,92.91,96.9,96.9,96.9,97.8,97.8,97.8,97.8,97.8,97.8,97.7,97.7,97.7,97.7,97.7,97.7,97.7,97.7,97.7,97.7,97.7,97.7,87.2,84.9,92.3,92.37,95.7,95.7,95.7,95.8,95.8,95.8,95.8,95.8,95.8,95.8,95.4,95.4,95.2,95.2,95.2,95.1,91.2,96.8,96.8,96.8,96.8,96.8,96.8,96.8,96.8,96.8,96.8,96.8,96.8,96.8,96.8,96.8,86.99,94.9,94.9,94.9,94.9,94.9,94.9,94.9,94.9,94.9,94.9,94.9,94.9,94.9,94.9,95.8,95.8,95.8,95.8,95.8,95.8,95.8,95.8,95.8,95.79,95.7,95.7,95.7,95.7,95.7,95.7,95.7,95.7,95.7,95.7,95.7,95.7,95.7,95.7,95.7,95.7,95.7,95.7,95.7,95.7,95.7,95.7,95.7,95.7,95.7,95.7,95.7,95.7,95.7,95.7,95.7,95.7,95.7,95.7,95.7,95.7,95.7,95.7,95.7,95.7,95.7,95.7,95.39,94.38,95.7,95.7,95.7,95.7,95.7,95.7,95.7,95.7,95.7,95.7,95.7,95.7,95.7,95.7,95.7,95.7,95.7,95.7,95.7,95.7,95.7,95.7,95.7,95.7,95.7,95.7,95.7,95.7,95.7,95.7,95.7,95.7,95.7,95.7,95.7,92.39,69.27,75.93,46.82,8.79,4.8,4.8,4.8,4.8,4.8,4.8,4.8,4.8,4.8,4.8,4.8,4.8,4.8,4.8,4.8,4.8,4.8,4.8,4.8,4.8,4.8,4.8,4.8,4.8,4.8,4.8,4.8,4.8,4.8,4.8,4.8,4.8,4.8,4.8,4.8,4.8,4.8,4.8,4.8,4.8,4.8,4.8,4.8,4.8,4.8,4.8,4.8,4.8,7.7,7.7,6.3,4.9,4.9,4.9,4.9,4.9,4.9,4.9,4.9,4.9,4.9,4.9,4.9,4.9,4.9,0.0,0.0,19.0,15.09,14.4,44.18,73.1,91.52,95.89,96.8,96.8,96.8,96.8,96.8,96.8,96.8,96.8,96.8,96.8,96.8,96.8,96.8,99.7,99.7,99.7,99.7,99.7,99.7,99.7,99.7,99.7,99.7,99.7,99.7,99.7,99.7,99.7,99.7,99.7,99.7,99.7,99.7,99.7,99.7,99.7,99.5,97.17,96.5,96.5,96.5,96.5,96.5,96.5,96.5,96.5,96.5,96.5,96.5,96.5,96.5,96.5,96.5,96.5,96.5,96.5,96.5,96.5,96.5,96.5,96.5,96.5,96.5,96.5,96.5,96.5,96.5,96.5,96.5,96.5,96.5,96.5,96.5,96.5,96.5,96.5,96.5,96.5,96.5,96.5,96.5,96.5,96.5,96.5,96.5,96.5,96.5,96.5,96.5,96.5,96.5,96.5,96.5,96.5,96.5,96.5,96.5,96.5,96.5,96.5,96.5,96.5,96.5,96.5,96.5,96.5,96.5,96.5,96.5,96.5,96.5,96.5,96.5,96.5,96.5,96.5,96.5,96.5,96.5,96.5,96.5,96.5,96.5,96.5,96.5,96.5,96.5,96.5,96.5,96.5,96.5,96.5,96.5,96.5,96.5,96.5,96.5,96.5,96.5,96.5,96.5,96.5,96.5,96.5,96.5,96.5,96.5,57.57,8.78,4.5,3.7,3.7,4.2,4.2,4.2,4.2,4.2,4.2,4.2,4.2,4.2,4.2,4.2,4.2,4.2,4.2,4.2,4.2,4.2,4.2,4.2,4.2,4.2,4.2,4.2,4.2,4.2,4.2,4.2,4.2,4.2,4.2,4.2,4.2,4.2,4.2,4.2,4.2,4.2,4.2,4.2,4.2,4.2,4.2,4.2,4.2,4.2,4.2,4.2,4.2,4.2,4.2,4.2,4.2,4.2,4.2,4.2,4.2,4.2,4.2,4.2,4.2,4.2,4.2,4.2,4.2,4.3,4.3,4.9,4.9,5.2,5.4,5.4,5.4,5.4,5.4,5.4,5.4,5.4,5.4,5.4,5.4,5.4,5.4,5.4,5.4,5.4,5.4,5.4,5.4,5.4,5.4,5.4,5.4,5.4,5.4,5.4,5.4,5.4,5.4,5.4,5.4,5.4,5.4,5.4,5.4,5.4,5.4,5.4,5.4,5.4,5.4,5.4,5.4,5.4,5.4,5.4,5.4,5.4,5.4,5.4,5.4,5.4,6.5,6.5,6.5,6.5,6.5,6.5,6.5,6.5,6.5,6.5,6.5,6.5,6.5,6.5,6.5,6.5,6.5,6.5,6.5,6.5,6.5,6.5,6.5,6.5,6.5,6.5,6.5,6.5,4.3,4.3,4.3,4.3,4.3,4.3,4.3,4.3,4.3,4.3,4.3,4.3,4.3,4.3,4.3,4.3,4.3,4.3,4.3,4.3,4.3,4.3,4.3,4.3,4.3,4.3,4.3,4.3,4.3,4.3,4.3,4.3,4.3,4.3,4.3,4.3,4.3,4.3,4.3,4.3,4.3,4.3,4.3,4.3,4.3,4.3,4.3,4.3,4.3,4.3,4.3,4.3,4.3,4.3,4.3,4.3,4.3,4.3,4.3,4.3,4.3,4.3,4.3,4.3,4.3,4.3,4.3,4.3,4.3,4.3,4.3,4.3,4.3,4.3,4.3,4.3,4.3,4.3,4.3,4.3,4.3,4.8,4.8,4.8,4.8,4.8,4.8,4.8,4.8,4.8,4.8,4.8,4.8,4.8,4.8,4.8,4.8,4.8,4.8,4.8,4.8,4.8,4.8,4.8,4.8,4.8,4.8,4.8,4.8,4.8,4.8,4.8,4.8,4.8,4.8,5.1,5.1,5.1,5.4,8.5,7.68,5.85,4.3,4.8,4.8,4.8,4.8,4.8,4.8,4.8,4.8,4.8,4.8,4.8,4.8,4.8,4.8,4.8,4.8,4.8,4.8,4.8,4.5,4.5,4.5,4.5,4.5,4.5,4.5,4.5,4.5,9.7,78.29,94.0,95.4,95.4,95.4,95.4,95.4,95.4,95.4,95.4,95.4,95.4,95.4,95.4,95.4,95.4,94.9,94.9,94.9,94.9,94.6,94.6,94.3,94.3,94.3,94.3,94.3,94.3,94.3,94.3,94.3,94.3,94.3,94.28,94.1,94.1,94.1,94.1,94.1,94.1,94.1,94.1,94.1,94.1,94.1,94.1,94.1,93.7,93.7,93.7,93.7,93.7,93.7,93.7,93.7,90.91,94.0,94.0,94.0,94.0,94.0,94.0,94.0,94.0,91.0,91.0,91.0,91.0,91.0,91.0,91.0,91.0,91.0,91.0,91.0,91.0,91.0,91.0
P054,77.2,77.2,77.2,1.02,0.0,58.76,64.8,64.7,64.62,52.06,28.37,29.3,61.4,64.7,64.7,61.4,61.1,60.5,31.99,36.63,30.16,59.9,59.6,59.6,49.83,47.5,48.06,43.7,48.99,47.72,49.66,57.23,57.4,42.84,39.35,37.86,40.03,53.5,57.6,56.9,56.9,71.1,60.43,59.0,59.4,53.97,51.2,49.65,50.3,61.22,52.42,42.43,56.0,56.2,54.6,54.8,50.14,44.9,41.28,40.4,51.17,43.8,43.8,43.8,43.8,42.6,42.4,41.7,43.43,42.9,43.8,42.6,42.6,42.6,42.6,40.82,28.5,28.5,52.94,53.1,49.8,49.2,48.0,48.5,48.5,48.5,52.3,54.2,52.0,51.1,51.1,50.5,51.2,49.1,49.1,46.1,54.27,54.5,52.93,47.5,45.7,39.8,39.8,41.58,40.1,39.7,39.7,37.7,35.3,35.3,35.8,37.0,37.0,46.8,44.8,43.7,38.58,36.6,36.6,31.74,41.0,48.5,48.5,43.54,34.0,35.06,34.6,34.6,34.0,34.0,27.6,28.42,27.8,31.04,27.29,26.4,31.6,35.6,36.7,31.7,30.1,29.14,33.3,33.3,36.0,33.0,32.2,30.4,31.0,35.33,36.9,23.3,24.8,32.9,41.17,36.7,31.93,29.3,44.76,49.1,49.7,30.9,30.84,26.9,26.9,27.3,27.3,28.5,29.3,28.9,26.7,26.7,26.7,26.7,25.6,19.0,19.3,19.3,19.3,19.6,19.88,30.6,31.2,38.1,38.1,37.7,37.2,33.6,27.69,24.1,28.2,28.2,28.2,27.42,24.77,24.7,24.7,28.9,27.6,24.8,24.2,24.1,24.1,29.5,27.3,25.8,25.3,25.3,24.2,24.4,24.5,24.95,25.3,28.4,28.4,28.4,28.4,27.5,27.8,27.8,27.8,27.8,27.8,31.8,25.07,24.7,24.5,24.1,24.1,24.1,23.9,23.9,23.9,30.2,25.3,24.17,21.9,18.2,17.7,17.7,17.7,17.7,17.7,20.2,20.2,20.2,20.2,20.27,21.1,22.7,23.1,25.2,25.2,25.3,26.5,25.8,25.8,21.3,20.8,19.81,18.8,18.8,18.8,21.5,20.5,20.1,17.1,15.3,18.8,19.65,19.8,18.5,18.5,18.5,18.31,18.1,18.1,18.1,19.3,16.9,15.9,16.5,16.5,16.5,16.5,16.5,16.5,17.1,17.1,17.1,16.93,16.8,16.8,16.8,17.1,17.1,17.1,16.7,14.8,14.8,14.8,14.8,14.8,14.8,14.8,13.7,13.7,13.7,12.77,10.3,10.3,9.9,9.7,9.37,9.0,8.0,8.8,9.0,8.6,7.7,7.7,7.7,7.9,9.0,9.0,9.0,9.0,9.1,9.1,15.0,12.5,12.0,12.0,12.0,12.2,13.1,13.1,13.1,13.1,13.54,14.8,14.8,14.7,14.0,10.3,11.7,8.5,8.5,8.5,8.5,8.5,8.5,8.5,11.05,20.2,17.9,16.2,23.1,28.86,25.3,17.38,20.5,17.4,21.43,13.9,13.9,14.8,14.63,10.3,10.3,10.3,7.9,7.9,7.9,7.9,8.2,8.2,9.1,22.57,20.76,21.5,17.4,12.2,9.9,9.9,8.71,6.9,5.2,5.9,6.0,5.7,12.2,13.26,13.6,8.6,10.8,9.6,9.6,11.0,9.86,19.82,21.09,17.82,16.9,10.8,10.8,11.33,19.1,16.4,14.2,13.9,13.9,13.7,15.1,22.7,29.0,24.8,18.33,13.1,11.7,11.1,13.63,15.9,17.0,17.1,18.5,16.79,9.36,11.1,13.43,11.6,11.6,11.6,11.6,23.59,29.53,29.3,20.8,17.9,17.3,17.2,15.7,15.4,14.8,14.8,14.8,14.0,13.0,13.0,13.0,22.18,31.19,26.37,19.4,15.1,13.0,13.0,13.0,13.0,13.0,21.3,29.2,32.9,23.8,19.25,14.2,13.6,13.6,13.1,11.97,15.6,19.6,26.7,25.68,19.64,14.5,14.5,21.6,19.3,15.28,12.77,8.8,8.8,8.8,10.82,13.3,13.3,15.1,15.1,15.1,15.1,16.5,16.5,16.5,16.5,16.5,16.5,16.5,16.5,16.5,16.5,18.4,18.2,17.15,18.1,12.5,9.6,11.6,13.3,16.4,14.7,12.3,15.1,16.01,32.71,27.57,24.24,25.5,25.6,29.26,23.36,21.0,20.5,19.6,23.06,24.1,37.83,17.57,16.2,25.6,14.5,14.5,14.5,15.6,29.74,32.52,20.1,20.5,20.5,25.6,28.61,14.5,10.0,20.8,30.2,26.84,26.31,22.8,20.41,24.87,24.94,24.56,26.51,27.93,26.43,26.9,25.6,17.89,11.4,11.4,11.4,11.4,10.0,10.0,8.5,5.2,6.6,6.8,6.8,6.8,6.8,7.9,8.3,8.3,11.1,13.41,14.7,19.8,22.4,22.43,17.4,17.3,15.0,19.8,16.8,14.2,11.7,9.9,6.6,6.6,6.6,11.4,11.1,14.13,24.48,30.4,16.8,11.7,11.0,11.0,11.53,13.18,12.73,18.3,16.5,11.9,11.9,11.9,9.91,9.7,9.7,10.48,13.29,16.4,23.5,23.5,22.8,19.24,16.8,17.7,21.79,30.34,31.8,32.58,25.88,32.7,27.3,31.53,33.0,28.85,26.7,15.9,8.6,7.4,7.4,7.4,7.4,14.17,16.5,14.5,27.2,37.62,19.3,17.76,15.3,12.3,11.4,11.4,11.4,17.62,29.3,33.5,22.5,15.1,13.4,13.4,13.4,13.1,13.1,11.4,11.4,9.3,9.3,9.3,9.3,9.3,9.3,9.3,15.0,20.1,20.1,20.1,25.2,31.9,31.6,28.01,22.5,18.1,18.1,18.1,17.3,12.3,15.9,22.83,33.2,18.5,13.0,11.7,11.6,11.6,9.44,8.2,8.2,9.7,17.91,27.26,29.19,16.2,11.41,11.0,11.0,9.3,9.3,9.6,12.8,13.4,20.2,20.2,20.5,20.8,22.2,23.83,25.0,25.2,25.5,25.5,29.07,30.9,31.2,32.6,33.3,33.3,33.3,33.3,34.9,34.9,36.4,38.9,39.2,47.4,48.5,52.6,50.5,46.3,44.4,42.7,42.7,42.7,39.8,39.8,39.8,39.8,39.7,39.7,42.65,41.5,41.5,44.8,44.21,43.16,41.2,41.2,41.0,41.0,41.0,40.1,41.22,47.8,41.2,41.2,41.2,46.75,51.1,51.1,52.56,57.4,57.4,52.11,43.5,40.9,40.7,40.4,39.7,39.7,39.7,39.7,39.7,39.7,39.7,40.3,39.5,39.5,39.5,39.5,39.5,39.5,39.0,39.0,38.9,38.9,38.6,38.1,38.1,38.1,38.1,39.7,39.7,39.7,39.7,39.4,39.4,39.4,39.4,39.4,37.8,36.52,36.3,36.3
P055,50.0,50.0,79.26,46.5,46.5,86.0,90.4,88.6,88.6,88.6,88.6,88.6,88.6,88.6,88.6,88.6,88.6,88.6,88.6,88.6,88.6,88.6,88.6,88.6,88.6,88.6,88.6,88.6,88.6,88.6,88.6,88.6,88.6,88.6,88.6,88.6,88.6,88.6,88.6,88.6,88.6,88.6,88.6,88.6,88.6,88.6,88.6,88.6,88.6,88.6,88.6,88.6,88.6,88.6,88.6,88.6,88.6,88.6,88.6,88.6,88.6,88.6,88.6,88.6,88.6,88.6,88.6,88.6,88.6,88.6,88.6,88.6,88.6,88.6,88.6,88.6,88.6,88.6,88.6,88.6,88.6,88.6,88.6,88.6,88.6,88.6,88.6,88.6,88.6,88.6,88.6,88.6,88.6,88.6,88.6,88.6,88.6,88.6,88.6,88.6,88.6,88.6,88.6,88.6,88.6,88.6,88.6,88.6,88.6,88.6,88.6,88.6,88.6,88.6,88.6,88.6,88.6,88.6,88.6,88.6,88.6,88.6,88.6,88.6,88.6,88.6,88.6,88.6,88.6,88.6,88.6,88.6,88.6,88.6,88.6,88.6,88.6,88.6,88.6,88.6,88.6,88.6,88.6,88.6,88.6,88.6,88.6,88.6,88.6,88.6,88.6,88.6,88.6,88.6,88.6,88.6,88.6,88.6,88.6,88.6,88.6,88.6,88.6,88.6,88.6,88.6,88.6,88.6,88.6,88.6,88.6,88.6,88.6,88.6,88.6,88.6,88.6,88.6,88.6,88.6,88.6,88.6,88.6,88.6,88.6,88.6,88.6,88.6,88.6,88.6,88.6,88.6,88.6,88.6,88.6,88.6,88.6,88.6,88.6,88.6,88.6,88.6,88.6,88.6,88.6,88.6,88.6,88.6,88.6,88.6,88.6,88.6,88.6,88.6,88.6,88.6,88.6,88.6,88.6,88.6,88.6,88.6,88.6,88.6,88.6,88.6,88.6,78.47,25.95,23.1,23.1,23.1,23.1,23.1,23.1,23.1,23.1,23.1,23.1,23.1,23.1,23.1,23.1,23.1,23.1,23.1,23.1,23.1,23.1,23.1,23.1,23.1,23.1,23.1,23.1,23.1,23.1,23.1,23.1,23.1,23.1,23.1,23.1,23.1,23.1,23.1,23.1,23.1,23.1,23.1,23.1,23.1,23.1,23.1,23.1,23.1,23.1,23.1,23.1,23.1,23.1,23.1,23.1,23.1,23.1,23.1,23.1,23.1,23.1,23.1,23.1,19.8,19.8,79.29,99.1,17.4,17.4,17.4,17.4,17.4,17.4,17.4,17.4,17.4,17.4,17.4,17.4,17.4,17.4,17.4,17.4,17.4,17.4,17.4,17.4,17.4,17.4,17.4,17.4,17.4,17.4,17.4,17.4,17.4,17.4,17.4,17.4,17.4,17.4,17.4,17.4,17.4,17.4,17.4,17.4,17.4,17.4,17.4,17.4,17.4,17.4,17.4,17.4,17.4,17.4,17.4,17.4,17.4,17.4,17.4,17.4,17.4,17.4,17.4,17.4,17.4,17.4,17.4,17.4,17.4,17.4,17.4,17.4,17.4,17.4,17.4,17.4,17.4,17.4,17.4,17.4,17.4,17.4,17.4,17.4,17.4,17.4,17.4,17.4,17.4,17.4,17.4,17.4,17.4,17.4,17.4,17.4,17.4,17.4,17.4,17.4,17.4,17.4,17.4,17.4,17.4,17.4,17.4,17.4,17.4,17.4,17.4,17.4,17.4,17.4,17.4,17.4,17.4,17.4,17.4,17.4,17.4,17.4,17.4,17.4,17.4,17.4,17.4,17.4,17.4,17.4,17.4,17.4,17.4,17.4,17.4,17.4,17.4,17.4,17.4,17.4,17.4,17.4,17.4,17.4,17.4,17.4,17.4,17.4,17.4,17.4,17.4,17.4,17.4,17.4,17.4,17.4,17.4,17.4,17.4,17.4,17.4,17.4,17.4,17.4,17.4,17.4,17.4,17.4,17.4,17.4,17.4,17.4,17.4,17.4,17.4,17.4,17.4,17.4,17.4,17.4,17.4,17.4,17.4,17.4,17.4,17.4,17.4,17.4,17.4,17.4,17.4,17.4,17.4,17.4,17.4,17.4,17.4,17.4,17.4,17.4,17.4,17.4,17.4,17.4,17.4,17.4,17.4,17.4,17.4,17.4,17.4,17.4,17.4,17.4,17.4,17.4,17.4,17.4,17.4,17.4,17.4,17.4,17.4,17.4,17.4,17.4,17.4,17.4,17.4,17.4,17.4,17.4,17.4,17.4,17.4,17.4,17.4,17.4,17.4,17.4,17.4,17.4,17.4,17.4,17.4,17.4,17.4,17.4,17.4,17.4,17.4,17.4,17.4,17.4,17.4,17.4,17.4,17.4,17.4,17.4,17.4,17.4,17.4,17.4,17.4,17.4,17.4,17.4,17.4,17.4,17.4,17.4,17.4,17.4,17.4,17.4,17.4,17.4,17.4,17.4,17.4,17.4,17.4,17.4,17.4,17.4,17.4,17.4,17.4,17.4,17.4,17.4,17.4,17.4,17.4,17.4,17.4,17.4,17.4,17.4,17.4,17.4,17.4,17.4,17.4,17.4,17.4,17.4,17.4,17.4,17.4,17.4,17.4,17.4,17.4,17.4,17.4,17.4,17.4,17.4,17.4,17.4,17.4,17.4,17.4,17.4,17.4,17.4,17.4,17.4,17.4,17.4,17.4,17.4,17.4,17.4,17.4,17.4,17.4,17.4,17.4,17.4,17.4,17.4,17.4,17.4,17.4,17.4,17.4,17.4,17.4,17.4,17.4,17.4,17.4,17.4,17.4,17.4,17.4,17.4,17.4,17.4,17.4,17.4,17.4,17.4,17.4,17.4,17.4,17.4,17.4,17.4,17.4,17.4,17.4,17.4,17.4,17.4,17.4,17.4,17.4,17.4,17.4,17.4,17.4,17.4,17.4,17.4,17.4,17.4,17.4,17.4,17.4,17.4,17.4,17.4,17.4,17.4,17.4,17.4,17.4,17.4,17.4,17.4,17.4,17.4,17.4,17.4,17.4,17.4,17.4,17.4,17.4,17.4,17.4,17.4,17.4,17.4,17.4,17.4,17.4,17.4,17.4,17.4,17.4,17.4,17.4,17.4,17.4,17.4,17.4,17.4,17.4,17.4,17.4,17.4,17.4,17.4,17.4,17.4,17.4,17.4,17.4,17.4,17.4,17.4,17.4,17.4,17.4,17.4,17.4,17.4,17.4,17.4,17.4,17.4,17.4,17.4,17.4,17.4,17.4,17.4,17.4,17.4,17.4,17.4,17.4,17.4,17.4,17.4,17.4,17.4,17.4,17.4,17.4,17.4,17.4,17.4,17.4,17.4,17.4,17.4,17.4,17.4,17.4,17.4,17.4,17.4,17.4,17.4,17.4,17.4,17.4,17.4,17.4,17.4,17.4,17.4,17.4,17.4,17.4,17.4,17.4,17.4,17.4,17.4,17.4,17.4,17.4,17.4,17.4,17.4,17.4,17.4,17.4,17.4,17.4
P056,32.8,32.8,32.8,32.8,32.8,32.8,32.8,32.8,32.8,32.8,56.2,66.6,66.6,66.6,66.6,66.6,66.6,66.6,69.0,78.96,78.3,78.3,78.3,75.1,75.1,75.1,75.1,75.1,75.1,75.1,75.1,75.1,75.1,75.1,75.1,75.1,75.1,75.1,75.1,75.1,73.35,49.7,15.8,15.8,15.8,15.8,15.8,15.8,15.8,15.8,15.8,15.8,15.8,15.8,15.8,15.8,44.22,67.9,67.0,67.0,67.0,67.0,67.0,67.0,67.0,67.0,67.0,67.0,67.0,67.0,67.0,67.0,67.0,67.0,67.0,67.0,66.4,66.4,66.4,66.4,66.4,66.4,66.4,47.56,42.1,42.1,52.76,64.2,64.2,64.2,83.3,83.3,83.3,83.3,83.3,83.3,83.3,83.3,42.7,42.7,42.7,42.7,42.7,42.7,42.7,42.7,49.19,37.3,37.3,37.3,37.3,37.3,37.3,37.3,37.27,77.2,77.2,77.2,77.2,77.2,77.2,77.2,77.2,78.3,41.9,35.1,35.1,35.1,35.1,35.1,35.1,35.1,35.1,68.1,71.4,71.4,71.4,71.4,71.4,71.4,71.4,71.4,71.4,71.4,39.74,27.1,27.1,27.1,27.1,27.1,27.1,34.94,67.17,71.4,71.4,71.4,71.4,71.4,71.4,71.4,71.4,71.4,71.4,71.4,71.4,49.0,40.1,40.1,40.1,40.1,40.1,40.1,40.1,47.79,30.6,30.6,30.6,33.4,33.4,33.4,33.4,33.4,89.05,83.7,83.7,83.7,83.7,83.7,83.7,40.7,26.7,26.7,26.7,26.7,26.7,26.7,26.7,26.7,26.7,26.7,26.7,26.7,26.7,26.7,26.7,26.7,26.7,26.88,28.2,28.2,28.2,28.2,28.2,28.2,28.2,28.2,28.2,28.2,28.2,74.6,74.6,74.6,74.6,74.6,74.6,74.6,30.73,30.2,30.2,30.2,30.2,30.2,30.2,30.2,30.2,30.2,30.2,30.2,30.2,30.2,30.2,30.2,30.2,30.2,30.2,31.74,87.4,73.3,73.3,73.3,73.3,73.3,73.3,73.3,73.3,73.3,73.3,73.3,73.3,73.3,73.3,73.3,73.3,30.6,24.9,24.9,24.9,24.9,24.9,24.9,24.9,24.9,24.9,23.9,26.5,26.5,26.5,26.5,26.5,26.5,26.5,26.5,26.5,26.5,26.5,26.5,26.5,26.5,26.5,26.5,26.5,26.5,26.5,26.5,26.5,43.4,38.6,31.5,24.3,24.3,24.3,24.3,24.3,24.3,24.3,24.3,24.3,24.3,24.3,24.3,24.3,24.3,24.3,24.3,24.3,62.89,68.3,68.3,68.3,68.3,68.3,68.3,68.3,68.3,68.3,65.39,27.1,26.9,26.9,26.9,26.9,31.0,72.9,72.9,72.9,72.9,72.9,72.9,72.9,72.9,72.9,72.9,75.66,74.2,74.2,74.2,74.2,74.2,74.2,74.2,74.2,74.2,74.2,74.2,74.2,74.0,28.0,28.0,28.0,27.5,27.5,27.5,27.5,27.5,27.5,27.5,27.5,27.5,27.5,27.5,27.5,27.5,27.5,27.5,27.5,27.5,27.5,27.5,15.4,15.8,15.8,15.8,15.8,15.8,15.8,15.8,15.8,15.8,15.8,15.8,15.8,15.8,15.8,15.8,15.8,15.8,15.8,15.8,15.8,15.8,15.8,15.8,15.8,15.8,15.8,15.8,26.9,26.9,26.9,26.9,26.9,26.9,26.9,26.9,26.9,26.9,26.9,26.9,26.9,26.9,26.9,26.9,26.9,26.9,26.9,26.9,26.9,26.9,26.9,26.9,26.9,26.9,64.9,19.91,31.68,38.0,38.0,38.0,38.0,38.0,38.0,38.0,38.0,38.0,38.0,38.0,38.0,38.0,38.0,38.0,38.0,38.0,38.0,38.0,38.0,38.0,38.0,38.0,38.0,38.0,38.0,38.0,38.0,38.0,38.0,38.0,38.0,38.0,37.02,18.2,18.4,18.4,18.4,18.4,18.4,18.4,18.4,18.4,18.4,18.4,18.4,18.4,18.4,18.4,18.4,18.4,18.4,18.4,18.4,18.4,18.4,18.4,18.4,18.4,18.4,18.4,18.4,9.34,24.5,24.5,24.5,24.5,24.5,24.5,24.5,24.5,24.5,24.5,24.5,24.5,24.5,24.5,24.5,24.5,25.32,76.1,73.1,73.3,73.3,73.3,73.3,73.3,73.3,73.3,73.3,73.3,73.3,73.3,73.3,73.3,73.3,73.3,73.3,71.4,32.5,32.5,32.5,32.5,32.5,32.5,32.5,32.5,32.5,32.5,32.5,32.5,32.5,32.5,32.5,32.5,32.5,32.5,80.5,32.11,32.1,32.1,32.1,32.1,32.1,32.1,32.1,32.1,32.1,100.0,90.0,86.32,80.3,83.31,64.6,61.6,61.6,30.95,20.0,20.0,20.0,20.0,20.0,20.0,20.0,20.0,20.0,20.0,4.8,11.7,11.7,11.7,11.7,11.7,11.7,11.7,11.7,42.36,31.9,31.9,31.9,31.9,31.9,31.9,31.9,31.9,31.9,31.9,31.9,31.9,31.9,31.9,31.9,31.9,31.9,20.2,25.4,25.4,25.4,25.4,25.4,25.4,25.4,25.4,25.4,25.4,25.4,25.4,25.4,45.98,32.8,32.8,32.8,43.0,67.18,67.2,67.2,67.2,67.2,67.2,67.2,67.2,67.2,72.7,60.5,39.5,34.3,91.24,82.9,82.9,82.9,82.9,82.9,82.9,82.9,82.9,82.9,65.1,34.7,34.7,34.7,34.7,34.7,34.7,34.7,34.7,34.7,34.7,34.7,34.7,34.7,34.7,34.7,34.7,34.7,34.7,34.7,34.7,34.7,34.7,34.7,34.7,34.7,34.7,34.7,34.7,38.4,38.4,38.4,38.4,38.4,38.4,38.4,38.4,38.4,38.4,38.4,38.4,38.4,38.4,38.4,38.4,38.4,38.4,38.4,38.4,38.4,38.4,38.4,38.4,38.4,38.4,38.4,38.4,38.4,38.4,38.4,38.4,38.4,38.4,38.4,38.4,38.4,52.65,29.7,29.3,29.3,29.3,29.3,29.3,29.3,80.32,84.6,84.6,84.6,84.6,84.6,84.6,84.6,84.6,84.6,84.6,84.6,84.6,84.6,84.6,84.6,84.6,84.6,84.6,39.3,30.4,30.4,30.4,30.4,30.4,30.4,30.4,30.4,30.4,30.4,30.4,30.4,30.4,30.4,30.4,30.4,30.4,45.31,72.0,72.0,72.0,72.0,72.0,72.0,72.0,72.0,72.0,72.0,72.0,72.0,72.0,72.0,72.0,72.0,72.0,72.0,75.48,75.5,75.5,75.5,75.5,75.5,75.5,75.5,75.5,75.5,75.5,75.5,75.5,75.5,75.5,29.1,29.1,91.46,71.1,71.1,71.1,71.1,71.1,71.1,71.1,71.1,71.1
P057,49.7,49.7,49.7,49.7,49.7,49.7,49.7,49.7,49.7,49.7,49.7,49.7,49.7,49.7,49.7,49.7,49.7,49.7,49.7,49.7,49.7,49.7,49.7,49.7,49.7,49.7,49.7,49.7,49.7,49.7,49.7,49.7,49.7,49.7,49.7,49.7,49.7,49.7,49.7,49.7,49.7,49.7,49.7,49.7,49.7,49.7,49.7,49.7,49.7,49.7,49.7,49.7,49.7,49.7,49.7,49.7,49.7,49.7,49.7,49.7,49.7,49.7,49.7,49.7,49.7,49.7,49.7,49.7,49.7,49.7,49.7,45.3,45.3,45.3,45.3,45.3,45.3,49.5,50.7,50.7,50.7,50.7,50.7,50.7,50.7,50.7,50.7,50.7,50.7,50.7,50.7,50.7,50.7,50.7,50.7,50.7,50.7,50.7,50.7,50.7,50.7,50.7,50.7,50.7,50.7,50.7,54.45,59.3,59.4,59.4,59.4,59.4,59.4,64.1,64.2,64.2,64.2,64.2,64.2,64.2,64.2,64.2,64.2,64.2,64.2,64.2,64.2,64.2,64.2,64.2,64.2,64.2,64.2,64.2,64.2,64.2,64.2,64.2,64.2,64.2,64.2,64.2,64.2,64.2,64.2,64.2,64.2,64.2,64.2,64.2,64.2,64.2,64.2,64.2,60.3,55.9,55.2,55.2,55.2,55.2,55.2,51.0,47.63,43.9,42.7,42.7,42.7,42.7,42.7,42.7,42.7,42.7,42.7,42.7,42.7,42.7,42.7,42.7,42.7,42.7,42.7,42.7,42.7,42.7,42.7,42.7,42.7,42.7,42.7,42.7,42.7,42.7,42.7,42.7,42.7,42.7,42.7,42.7,42.7,42.7,42.7,42.7,42.7,42.7,42.7,42.7,42.7,42.7,42.7,42.7,42.7,42.7,42.7,42.7,42.7,42.7,42.7,42.7,42.7,42.7,42.7,42.7,42.7,42.7,42.7,42.7,42.7,42.7,47.07,50.12,51.7,51.7,51.7,51.7,51.7,51.7,51.7,51.7,51.7,51.7,51.7,51.7,51.7,51.7,51.7,51.7,51.7,51.7,51.7,51.7,51.7,51.7,51.7,51.7,51.7,51.7,51.7,51.7,51.7,51.7,51.7,51.7,51.7,51.7,51.7,51.7,51.7,51.7,51.7,51.7,51.7,51.7,51.7,51.7,51.7,51.7,51.7,51.7,51.7,51.7,51.7,51.7,51.7,51.7,51.7,51.7,50.48,43.98,42.7,42.7,42.7,42.7,42.7,42.7,42.7,42.7,42.7,42.7,42.7,42.7,42.7,42.7,39.84,33.9,33.2,33.2,33.2,33.2,33.2,33.82,39.2,40.5,40.5,40.5,40.5,40.5,40.5,40.5,40.5,40.5,39.9,39.9,37.7,37.7,35.48,35.2,35.2,35.2,35.2,35.2,35.2,35.2,35.2,33.94,32.3,32.3,32.3,32.3,32.3,32.3,38.67,48.14,50.3,50.5,50.5,50.5,50.5,50.5,50.5,50.5,50.5,50.5,50.5,50.5,50.5,50.5,50.5,50.5,50.5,50.5,50.5,50.5,50.5,50.5,51.2,51.2,51.2,51.2,51.2,51.2,51.2,51.2,51.2,51.2,51.2,51.2,51.2,51.2,51.2,51.2,51.2,51.2,51.2,51.2,51.2,51.2,51.2,46.43,44.1,43.7,43.7,43.7,43.7,43.7,43.7,43.7,43.7,43.7,43.7,43.7,41.0,40.5,40.5,40.5,40.5,40.5,40.5,40.5,40.5,40.5,40.5,40.5,40.5,40.5,40.36,40.3,37.93,34.4,34.2,28.1,25.7,25.7,25.7,25.7,25.7,25.7,25.7,25.7,25.7,20.83,19.46,19.1,19.1,19.1,19.1,16.16,12.8,12.8,12.8,12.8,12.8,12.8,12.8,9.4,8.7,8.5,7.6,7.3,7.3,7.3,7.3,7.3,7.3,7.3,7.3,7.3,7.3,7.3,7.3,7.3,7.3,7.3,7.3,7.3,7.3,7.3,7.3,7.3,15.78,21.7,22.0,22.0,22.0,22.0,22.0,22.0,29.22,35.75,38.2,38.2,38.2,38.2,38.2,38.2,20.15,19.8,19.8,19.8,19.01,12.8,12.8,12.8,12.8,12.8,9.62,9.4,9.4,9.4,9.4,9.4,9.4,9.4,9.4,9.4,9.4,9.4,9.4,9.4,9.4,9.4,9.4,9.4,9.4,9.4,9.4,9.4,21.4,11.8,10.8,10.8,10.8,10.8,10.8,10.8,10.8,10.8,10.8,10.8,10.8,10.8,10.8,10.8,10.8,10.8,17.13,17.7,15.45,11.3,11.3,11.3,11.3,11.3,11.3,11.3,11.3,11.3,11.3,11.3,11.3,9.65,7.3,7.3,7.3,7.3,7.3,7.3,7.3,7.3,7.3,7.3,8.0,12.59,15.5,15.5,15.5,15.5,15.5,15.5,15.5,15.5,15.5,15.5,15.5,15.5,15.5,15.5,15.5,10.88,8.3,8.3,5.6,3.5,2.6,2.6,2.6,2.6,2.6,2.6,2.6,2.6,2.6,2.6,2.6,2.6,2.6,2.6,2.6,2.6,2.6,2.6,2.6,2.6,2.6,2.6,2.6,2.6,2.6,2.6,2.6,2.6,2.6,2.6,2.6,2.6,2.6,2.6,2.6,2.6,2.6,2.6,2.6,2.6,2.6,2.6,2.6,2.6,2.6,2.6,2.6,2.6,2.6,2.6,2.6,2.6,2.6,2.6,2.6,2.6,2.6,2.6,2.6,2.6,2.6,2.6,2.6,2.6,2.6,2.6,2.6,2.6,2.6,2.6,2.6,2.6,2.6,2.6,2.6,2.6,2.6,2.6,2.6,2.6,2.6,2.6,2.6,2.6,3.61,10.71,12.2,12.8,12.8,12.8,12.8,12.8,12.8,12.8,12.8,12.8,12.8,12.8,12.8,12.8,12.8,12.8,12.8,12.8,12.8,12.8,12.8,12.8,12.8,12.8,12.8,12.8,12.8,12.8,12.8,12.8,12.8,12.8,12.8,12.8,12.8,12.8,12.8,12.8,12.8,24.36,39.52,45.1,48.84,49.7,49.7,49.7,49.7,57.94,62.7,62.7,62.7,62.7,62.7,62.7,62.7,62.7,62.7,62.7,62.7,62.7,62.7,65.32,66.8,66.8,66.8,66.8,66.8,66.8,66.8,66.8,66.8,66.8,66.8,66.8,66.8,66.8,66.8,66.8,66.8,66.8,66.8,66.8,66.8,66.8,66.8,66.8,66.8,64.1,55.76,51.98,51.9,51.9,51.9,51.9,51.9,51.9,51.9,51.9,51.9,51.9,51.9,51.9,51.9,51.9,51.9,51.9,51.9,51.9,51.9,51.9,51.9,51.9,50.8,50.3,50.3,50.3,50.3,50.3,50.3,50.3,59.11,63.85,63.9,65.23,66.8,66.8,66.8,66.8,66.8,66.8,66.8,66.8,66.8,66.8,66.8,66.8,66.8,66.8,66.8,66.8
P058,57.4,57.4,57.27,55.66,55.18,54.3,54.3,57.1,57.1,61.7,61.7,61.7,61.7,61.7,61.7,65.73,74.11,75.0,75.0,75.0,75.0,74.8,74.8,74.8,74.8,74.8,74.8,74.8,74.8,74.8,74.8,74.8,74.8,74.8,74.8,74.8,74.8,74.8,74.8,73.15,84.7,84.53,79.6,79.5,78.5,78.5,77.8,77.8,77.8,77.8,77.8,77.2,77.2,77.2,77.2,77.2,77.2,76.01,74.1,73.9,72.8,72.8,72.8,72.8,72.8,72.8,72.8,72.8,72.8,72.8,72.8,72.8,72.8,72.8,72.8,72.8,72.8,72.8,72.8,72.8,72.8,72.8,72.8,72.8,72.8,72.8,72.8,72.8,72.8,72.8,72.8,72.8,72.8,72.8,72.8,72.8,72.8,72.8,72.8,72.8,72.8,72.8,72.8,72.8,72.8,72.8,72.8,71.08,70.79,61.19,64.0,62.8,62.8,64.5,63.9,63.72,74.4,80.24,80.4,80.4,80.4,80.4,80.1,80.1,79.9,79.9,79.9,79.9,79.9,79.9,75.45,28.09,27.0,27.0,27.0,27.0,27.0,27.0,27.0,25.88,11.7,26.22,31.9,31.5,31.5,31.5,31.5,31.5,31.5,31.5,31.5,31.5,31.5,31.5,31.5,31.5,31.5,31.5,31.5,31.5,31.5,31.5,31.5,31.5,31.5,31.5,31.5,31.5,31.5,31.5,31.5,31.5,31.5,31.5,31.5,31.5,31.5,31.5,31.5,31.5,31.5,31.5,31.5,31.5,31.5,31.5,31.5,31.5,31.5,31.5,31.5,31.5,31.5,31.5,31.5,31.5,31.5,31.5,31.5,31.5,31.5,31.5,31.5,31.5,31.5,30.6,31.2,29.65,29.6,29.6,29.6,29.6,29.6,29.6,29.5,29.5,29.5,29.5,29.3,29.3,29.3,29.2,29.2,29.2,29.2,29.2,29.0,29.0,29.0,29.0,29.0,28.9,28.9,28.9,28.9,28.9,28.9,28.7,28.7,28.7,28.7,28.7,28.7,28.7,28.7,28.7,28.7,28.7,28.7,28.7,28.11,69.81,69.9,69.9,69.9,69.9,69.9,69.9,69.9,69.9,69.9,69.9,69.9,69.9,69.9,69.9,69.9,69.9,69.9,58.65,41.87,29.56,25.9,25.9,25.9,25.9,25.9,25.9,25.9,25.9,25.9,25.9,25.9,25.9,25.9,25.9,25.9,25.9,25.9,25.9,25.9,25.9,25.9,25.9,25.9,25.9,25.9,25.9,27.5,12.7,31.9,31.9,31.9,31.9,31.9,31.9,31.9,31.9,31.9,31.9,31.9,31.9,31.9,31.9,31.9,31.9,31.9,31.9,31.9,31.9,31.9,31.9,31.9,31.9,31.9,31.9,31.9,31.9,31.9,31.9,31.9,31.9,31.9,31.9,31.9,31.9,31.9,31.9,31.9,31.9,31.9,31.9,31.9,31.9,31.9,31.9,31.86,61.9,68.8,68.8,69.8,69.8,69.8,69.77,64.13,44.75,100.0,99.0,91.5,91.5,91.5,91.5,91.5,91.5,91.5,91.5,91.5,91.5,91.5,91.5,91.5,91.5,91.5,34.7,34.7,34.7,34.7,34.7,34.7,34.7,34.7,34.7,34.7,34.7,34.7,34.7,34.7,34.7,34.7,34.7,34.7,34.7,34.7,34.7,34.7,34.7,34.7,34.7,34.7,34.7,34.7,34.7,34.7,34.7,34.7,34.7,34.7,34.7,34.7,34.7,34.7,34.7,34.7,34.7,34.7,34.7,34.7,34.7,34.7,34.7,34.7,34.7,34.7,34.7,34.7,34.7,34.7,34.7,34.7,34.7,34.7,34.7,34.7,34.7,34.7,34.7,34.7,34.7,34.7,34.7,34.7,34.7,34.7,34.7,34.7,34.7,34.7,34.7,34.7,34.7,34.7,34.7,34.7,34.7,34.7,34.7,34.7,34.7,34.7,34.7,34.7,34.7,34.7,34.7,34.7,34.7,34.7,34.7,34.7,34.7,34.7,34.7,34.7,34.7,34.7,34.7,34.7,34.7,34.7,34.7,34.7,34.7,34.7,34.7,34.7,34.6,34.6,34.6,34.6,34.6,34.6,34.6,34.6,34.6,34.6,34.6,34.6,34.6,34.6,34.6,34.6,34.6,34.6,34.6,34.6,34.6,34.6,34.6,34.6,34.6,34.6,34.6,34.6,34.6,34.6,34.6,34.6,34.6,34.6,34.6,34.6,34.6,34.6,34.6,34.6,34.6,34.6,34.6,34.6,34.6,34.6,34.6,34.6,34.6,34.6,34.6,34.6,34.6,34.6,34.6,34.6,34.6,34.6,34.6,34.6,34.6,34.6,34.6,34.6,34.6,34.6,34.6,34.6,34.6,34.6,34.6,34.6,34.6,34.6,34.6,34.6,34.6,34.6,34.6,34.6,34.6,34.6,34.6,34.6,34.6,34.6,34.6,34.6,34.6,34.6,34.6,34.6,24.65,15.81,15.0,16.8,19.8,15.7,12.7,11.6,11.27,46.8,46.8,46.6,46.6,46.5,46.3,46.0,45.4,44.57,42.7,38.22,33.15,25.25,0.08,34.39,74.81,43.48,32.6,32.6,32.6,32.6,32.6,32.6,32.6,32.6,32.6,32.6,32.6,32.6,32.6,32.6,32.6,32.6,32.6,32.6,32.6,32.6,32.6,32.6,32.6,32.6,32.6,32.6,32.6,32.6,32.6,32.6,32.6,32.6,32.6,32.6,32.6,32.6,32.6,32.6,32.6,32.6,32.6,32.6,32.6,32.6,32.6,32.6,32.6,32.6,32.6,32.6,32.6,32.6,32.6,32.6,32.6,32.6,32.6,32.6,32.6,32.6,32.6,32.6,32.6,32.6,32.6,32.6,32.6,32.6,32.6,32.6,32.6,32.6,32.6,32.6,32.6,32.6,32.6,32.6,32.6,32.6,32.6,32.6,32.6,32.6,32.6,32.6,32.6,32.6,32.6,32.6,32.6,32.6,32.6,32.6,32.6,32.6,32.6,32.6,32.6,32.6,32.6,32.6,32.6,32.6,32.6,32.6,32.6,32.6,32.6,32.6,32.6,32.6,32.6,32.6,32.6,32.6,32.6,32.6,32.6,32.6,32.6,32.6,32.6,32.6,32.6,32.6,32.6,32.6,32.6,32.6,32.6,32.6,32.6,32.6,32.6,32.6,32.6,32.6,32.6,32.6,32.6,32.6,32.6,32.6,32.6,32.6,32.6,32.6,32.6,32.6,32.6,32.6,32.6,32.6,32.6,32.6,32.6,32.6,22.8,30.4,27.6,28.83,32.7,39.7,37.2,35.21,30.4,39.18,26.59,47.12,34.87,34.7,34.7,28.39,32.6,32.6,32.6,32.6,32.6,32.6,32.6,32.6,32.6,32.6,32.6,32.6,32.6,32.6,32.6,32.6,32.6,32.6,32.6,32.6,32.6,32.6,32.6,32.6,32.6,32.6,32.6,32.6,32.6,32.6,32.6
P059,83.1,83.1,83.1,83.1,83.1,83.1,83.5,83.5,83.5,83.5,83.5,83.5,83.5,83.5,83.5,83.5,83.5,83.5,83.5,83.5,83.5,83.5,83.5,83.5,83.5,83.5,83.5,83.5,83.5,83.5,83.5,83.5,83.5,83.5,83.5,83.5,83.5,83.5,83.5,83.5,83.5,63.1,61.53,60.95,67.33,81.6,85.7,85.7,85.7,85.7,85.7,85.7,85.7,85.7,85.7,85.7,85.7,85.7,85.7,90.26,76.8,76.8,76.8,76.8,77.2,77.2,78.21,49.7,47.7,47.7,49.7,49.7,49.7,49.7,49.7,49.7,49.7,49.7,49.7,49.7,49.7,49.7,49.7,49.7,49.7,49.7,49.7,49.7,49.7,49.7,49.7,49.7,49.7,49.7,49.7,49.7,49.7,49.7,49.7,49.7,49.7,49.7,49.7,49.7,49.7,49.7,49.7,49.7,49.7,49.7,49.7,49.7,49.7,49.7,49.7,49.7,50.5,18.98,13.4,11.1,12.4,12.4,12.4,12.4,12.4,12.4,12.4,12.4,12.4,12.4,12.4,12.4,12.4,12.4,12.4,12.4,12.4,12.4,12.4,12.4,12.4,12.4,12.4,12.4,12.4,12.4,12.4,12.4,12.4,12.4,12.4,12.4,12.4,12.4,12.4,12.4,12.4,12.4,12.4,12.4,12.4,12.4,12.4,12.4,12.4,12.4,12.4,12.4,12.4,12.4,12.4,12.4,12.4,12.4,12.4,12.4,12.4,12.4,12.4,12.4,12.4,12.4,12.4,12.4,12.4,12.4,12.4,12.4,12.4,12.4,12.4,12.4,12.4,12.4,12.4,12.4,12.4,12.4,12.4,12.4,12.4,12.4,12.4,12.4,12.4,12.4,12.4,12.4,12.4,12.4,12.4,12.6,12.6,12.6,12.6,12.6,12.6,12.6,12.6,35.03,42.43,49.5,49.7,49.7,49.9,49.9,49.9,49.9,49.9,49.9,49.9,49.9,49.9,49.9,50.22,51.8,51.8,51.6,52.1,55.3,51.8,49.0,49.0,49.0,48.8,48.8,48.8,48.8,48.8,48.8,48.8,48.8,48.8,48.8,48.8,48.8,48.8,48.8,48.8,48.8,48.8,51.7,55.7,51.4,49.9,49.9,49.9,49.9,49.9,49.9,49.9,49.9,49.9,49.9,49.9,49.9,49.9,49.9,49.9,49.9,49.9,49.9,49.9,49.9,49.9,49.9,49.9,49.9,49.9,49.9,49.9,49.9,49.9,49.9,50.8,52.3,60.98,75.3,84.6,84.6,84.6,84.6,84.6,84.6,84.6,84.6,84.6,84.6,84.6,84.6,84.6,84.6,84.6,84.6,84.6,84.6,84.6,84.6,84.6,84.6,84.6,84.6,84.6,84.6,84.6,84.6,84.6,84.6,84.6,84.6,84.6,84.6,84.6,84.6,84.6,84.6,84.6,84.6,84.6,84.6,84.6,84.6,84.6,84.6,84.6,84.6,84.6,84.6,84.6,84.6,84.6,84.6,84.6,84.6,84.6,84.6,84.6,84.6,84.6,79.84,50.13,42.01,49.0,49.92,50.1,50.1,50.1,50.1,50.1,50.1,50.1,50.1,50.1,50.1,50.1,50.1,50.1,50.1,50.1,50.1,50.1,50.1,50.1,50.1,50.1,33.01,28.36,23.84,18.9,19.01,19.1,19.1,19.1,19.1,19.1,19.1,19.1,19.1,19.1,19.1,19.1,19.1,19.1,19.1,19.1,19.1,19.1,19.1,19.1,19.1,19.1,19.1,19.1,19.1,19.1,19.1,19.1,19.1,19.1,19.1,19.1,19.1,19.1,19.1,19.1,19.1,19.1,19.1,19.1,19.1,19.1,19.1,19.1,19.1,19.1,19.1,19.1,19.1,19.1,19.1,19.1,19.1,19.1,19.1,19.1,19.1,19.1,19.1,19.1,19.1,19.1,19.1,19.1,19.1,19.1,19.1,19.1,19.1,31.51,32.5,33.65,37.52,39.3,43.15,47.9,49.2,49.2,49.2,49.2,49.0,49.0,49.0,49.0,49.0,49.0,49.0,49.0,49.0,49.0,49.0,49.0,49.0,49.0,49.0,49.0,49.0,49.0,49.0,49.0,49.0,49.0,49.0,49.0,49.0,49.0,49.0,49.0,49.0,49.0,49.0,49.0,49.0,49.0,49.0,49.0,49.0,49.0,49.0,49.0,49.0,49.0,49.0,49.0,49.0,49.0,49.0,49.0,49.0,49.0,49.0,49.0,49.0,49.0,49.0,49.0,49.0,49.0,49.0,49.0,49.0,49.0,49.0,49.0,49.0,49.0,50.59,49.9,50.8,50.5,50.5,50.5,54.0,62.94,70.87,75.23,88.02,89.4,91.1,90.0,89.6,89.6,89.6,89.6,89.6,89.6,89.6,89.6,89.6,89.6,89.6,89.6,89.6,89.6,89.6,89.4,89.4,89.4,89.4,89.4,89.4,89.4,89.4,89.4,89.4,89.4,89.4,89.4,89.4,89.4,89.4,89.4,89.4,89.4,89.4,89.4,89.4,89.4,89.4,89.4,89.4,89.4,89.4,89.4,89.4,89.4,83.58,60.38,53.6,51.6,51.6,51.6,51.6,51.6,51.6,51.6,51.6,51.6,51.6,51.6,51.6,51.6,51.6,51.6,51.6,51.6,51.6,51.6,51.6,51.8,55.7,55.7,55.7,55.7,55.7,55.7,55.7,55.7,55.7,55.7,32.18,14.5,16.5,16.5,16.5,16.5,16.3,16.3,16.3,16.3,16.3,16.3,16.3,16.3,16.3,16.3,16.3,16.3,16.3,16.3,16.3,16.3,16.3,16.3,16.3,16.3,16.3,16.3,16.3,16.3,16.3,16.3,16.3,16.3,16.3,16.3,16.3,16.3,16.3,16.3,16.3,16.3,17.1,37.82,45.6,48.6,48.6,49.0,49.0,49.0,49.0,49.0,49.0,49.0,49.0,49.0,49.0,49.0,49.0,49.0,49.0,49.0,49.0,49.0,49.0,49.0,49.0,49.0,49.0,49.0,49.0,49.0,49.0,49.0,49.0,49.0,49.0,49.0,49.0,49.0,49.0,49.0,49.0,49.0,49.0,49.0,49.0,49.0,49.0,49.0,49.0,49.0,49.0,49.0,49.0,49.66,54.9,54.9,54.9,53.5,51.6,50.5,49.9,46.4,43.28,43.8,46.0,46.2,51.0,54.0,60.17,68.5,71.1,73.71,71.8,73.95,75.9,74.0,73.8,73.8,73.8,73.8,73.8,73.8,73.8,73.8,73.8,73.8,73.8,73.8,73.8,73.8,73.8,73.8,73.5,73.5,73.5,73.5,73.5,73.5,73.5,73.5,73.5,73.5,73.5,73.5,73.5,73.5,73.5,73.5,73.5,73.5,73.5,73.5,73.3,73.3,59.0,52.9,52.7,52.7,52.7,52.7,52.7,52.7,52.7,52.7,52.7,52.7,52.7,52.7,52.7,52.7,52.7,52.7,52.7,52.7,52.7,52.7,52.7
P060,80.7,80.7,80.7,80.7,80.7,80.7,80.7,80.7,80.7,80.7,80.7,80.7,80.7,80.7,80.7,80.7,80.7,80.7,80.7,80.7,80.7,80.7,80.7,80.7,80.7,80.7,80.7,80.7,80.7,80.7,80.7,80.7,80.7,80.7,80.7,80.7,80.7,80.7,80.7,80.7,80.7,80.7,80.7,80.7,80.7,80.7,80.7,80.7,80.7,80.7,80.7,80.7,80.7,80.7,80.7,80.7,80.7,80.7,80.7,80.7,80.7,80.7,65.8,66.0,64.22,33.2,30.3,30.3,30.3,30.3,30.3,30.3,30.3,30.3,30.3,30.3,30.3,30.3,30.3,30.3,30.3,30.3,30.3,30.3,30.3,30.3,30.3,30.3,30.3,30.3,30.3,30.3,30.3,30.3,30.3,30.3,30.3,30.3,30.3,30.3,30.3,30.3,30.3,30.3,30.3,30.3,30.3,30.3,30.3,30.3,30.3,30.3,30.3,30.3,30.3,30.3,30.3,30.3,30.3,30.3,30.3,30.3,30.3,30.3,30.3,30.3,30.3,30.3,30.3,30.3,30.3,30.3,30.3,14.16,13.9,13.9,13.9,13.9,13.9,13.9,13.9,13.9,13.9,13.9,13.9,13.9,13.5,13.5,13.5,13.5,13.5,13.5,13.5,13.5,13.5,13.5,13.5,13.5,13.5,13.5,13.5,13.5,13.5,13.5,13.5,13.5,13.5,13.5,13.5,13.5,13.5,15.53,20.17,20.2,19.1,19.1,19.1,19.1,19.1,19.1,19.1,19.1,13.68,12.2,12.2,12.2,12.2,12.2,12.2,12.2,12.2,12.2,12.2,12.2,12.2,12.2,12.2,12.2,12.2,12.2,12.2,12.2,12.2,12.2,12.2,12.2,12.2,12.2,12.2,12.2,12.2,12.2,12.2,12.2,18.0,18.0,18.0,18.0,18.0,18.0,18.0,18.0,18.0,18.0,18.0,18.0,18.0,18.0,18.0,18.0,18.0,18.0,18.0,18.0,18.0,18.0,18.0,18.0,18.0,18.0,18.0,18.0,18.0,18.0,18.0,18.0,18.0,18.0,18.0,18.0,18.0,18.0,18.0,18.0,18.0,18.0,18.0,18.0,18.0,18.0,18.0,18.0,18.0,18.0,18.0,18.0,18.0,18.0,18.0,18.0,18.0,18.0,18.0,18.0,18.84,20.8,20.8,20.8,20.8,20.8,20.8,20.8,20.8,20.8,20.8,20.8,20.8,20.8,20.8,20.8,20.8,20.8,20.8,20.8,20.8,20.8,20.8,20.8,20.8,20.8,20.8,20.8,20.8,20.8,20.8,20.8,20.8,20.8,20.8,20.8,20.8,20.8,20.8,20.8,20.8,20.8,20.8,20.8,20.8,20.8,20.8,20.8,20.8,20.8,20.8,20.8,35.74,67.37,67.6,67.6,67.6,67.6,67.6,67.6,67.6,67.6,67.6,67.6,67.6,67.6,67.6,67.6,67.6,67.6,67.6,67.6,67.6,67.6,67.6,67.6,67.6,67.6,67.6,67.6,67.6,67.6,67.6,67.6,67.6,67.6,67.6,67.6,67.6,67.6,67.6,67.6,67.6,67.6,67.6,67.6,67.6,67.6,67.6,67.6,67.6,67.6,67.6,67.6,67.6,67.6,67.6,67.6,67.6,67.6,67.6,67.6,67.6,67.6,67.6,67.6,67.6,67.6,67.6,67.6,67.6,67.6,67.6,67.6,67.6,67.6,67.6,67.6,67.6,67.6,67.6,67.6,67.6,67.6,67.6,67.6,67.6,67.6,67.6,67.6,67.6,67.6,67.6,67.6,67.6,67.6,67.6,67.6,67.6,67.6,66.4,65.4,65.4,65.4,65.4,65.4,65.4,65.4,65.4,65.4,65.4,65.4,65.4,65.4,65.4,65.4,65.4,65.4,65.4,65.4,65.4,65.4,65.4,65.4,65.4,65.4,65.4,65.4,65.4,65.4,65.4,65.4,65.4,65.4,65.4,65.4,65.4,65.4,65.4,65.4,65.4,65.4,65.4,65.4,65.4,65.4,65.4,65.4,65.4,65.4,65.4,65.4,65.4,65.4,65.4,65.4,65.4,65.4,65.4,65.4,65.4,65.4,65.4,65.4,65.4,65.4,65.4,65.4,65.4,65.4,65.4,65.4,65.4,65.4,65.4,65.4,65.4,65.4,65.4,65.4,65.4,65.4,65.4,65.4,65.4,65.4,65.4,65.4,65.4,65.4,65.4,65.4,65.4,65.4,65.4,65.4,65.4,65.4,65.4,65.4,65.4,65.4,65.4,65.4,65.4,65.4,65.4,65.4,65.4,65.4,65.4,65.4,65.4,65.4,65.4,65.4,65.4,65.4,65.4,65.4,65.4,65.4,65.4,65.4,65.4,65.4,65.4,65.4,65.4,65.4,65.4,65.4,65.4,65.4,65.4,65.4,65.4,65.4,65.4,65.4,65.4,65.4,65.4,35.99,31.7,31.7,31.7,31.7,31.7,31.7,31.7,31.7,31.7,31.7,31.7,31.7,31.7,31.7,31.7,31.7,31.7,31.7,31.7,31.7,31.7,31.7,31.7,31.7,31.7,31.7,31.7,31.7,31.7,31.7,31.7,31.7,31.7,31.7,31.7,31.7,31.7,31.7,31.7,31.7,31.7,39.78,48.54,50.2,50.2,50.2,50.2,50.2,50.2,50.2,50.2,44.44,22.49,21.0,21.0,21.0,21.0,21.0,21.0,21.0,21.0,21.0,21.0,21.0,21.0,21.0,21.0,21.0,21.0,21.0,21.0,21.0,21.0,21.0,21.0,21.0,21.0,21.0,21.0,21.0,21.0,21.0,21.0,21.0,21.0,21.0,21.0,21.0,21.0,21.0,21.0,21.0,21.0,21.0,21.0,21.0,21.0,35.94,44.3,56.21,62.9,62.9,62.9,62.9,62.9,62.9,62.9,59.09,54.1,50.28,51.0,51.0,51.0,51.0,51.0,51.0,51.0,51.0,51.0,51.0,51.0,51.0,51.0,51.75,63.9,63.9,63.9,63.9,63.9,63.9,63.9,63.9,63.9,63.9,63.9,63.9,63.9,63.9,63.9,63.9,63.9,63.9,63.9,63.9,63.9,63.9,63.9,63.9,63.9,63.9,63.9,63.9,63.9,63.9,63.9,63.9,63.9,63.9,63.9,63.9,63.9,63.9,63.9,63.9,63.9,63.9,63.9,63.9,63.9,63.9,63.9,63.9,63.9,63.9,63.9,63.9,63.9,63.9,63.9,63.9,63.9,63.9,63.9,63.9,63.9,63.9,63.9,63.9,63.9,63.9,63.9,63.9,63.9,63.9,63.9,63.9,53.4,50.94,50.4,50.4,50.4,50.4,50.4,50.4,50.4,50.4,50.4,50.4,50.4,50.4,50.4,50.4,50.4,50.4,50.4,50.4,50.4,50.4,50.4,50.4,50.4,50.4,50.4,50.4,50.4,50.4,50.4,50.4,50.4,50.4,50.4,50.4,50.4,50.4,50.4,50.4,50.4,50.4,50.4,50.4
P061,52.3,52.59,54.0,54.0,54.0,54.0,54.0,54.0,54.0,56.8,71.8,74.21,77.6,77.6,77.6,77.6,77.6,77.6,78.2,78.2,78.2,78.2,78.7,78.7,78.08,77.0,77.0,77.0,77.0,77.0,77.0,77.0,77.0,77.0,77.0,77.0,77.0,77.0,77.0,77.0,77.0,77.0,77.0,77.0,77.0,77.0,77.0,77.3,77.3,76.5,76.9,76.44,75.2,75.2,75.3,63.6,70.8,55.61,51.7,51.7,51.7,51.7,51.7,51.7,51.7,51.7,51.5,51.5,51.5,51.5,51.5,51.5,51.5,51.5,51.5,51.5,51.5,51.5,51.5,51.5,51.5,51.5,51.5,51.5,51.5,51.5,51.5,51.5,51.5,51.5,53.04,75.2,75.5,75.5,75.5,75.5,74.5,74.2,74.2,74.2,74.2,74.2,74.2,75.11,75.3,75.3,75.3,75.3,75.3,75.3,75.3,75.3,75.3,75.3,75.3,75.3,75.3,75.3,75.3,75.3,75.3,75.3,75.3,75.3,75.3,75.3,75.3,75.3,75.3,75.3,75.3,75.3,75.3,75.3,75.3,75.3,75.5,75.5,75.5,75.8,75.8,75.8,76.1,76.1,76.1,76.1,76.1,76.1,76.1,76.1,76.1,76.1,76.1,76.1,76.1,76.1,76.1,76.1,76.1,76.1,76.1,76.1,76.1,76.1,76.1,76.1,76.1,76.9,76.9,67.2,31.8,14.04,16.7,19.5,21.9,22.7,22.86,25.6,25.6,25.6,25.6,25.6,25.6,25.6,25.6,25.6,25.6,25.67,25.9,24.7,24.7,25.13,23.5,23.5,21.0,21.0,21.0,21.0,21.9,21.9,21.9,21.9,21.9,21.9,21.9,21.9,23.1,24.1,22.1,22.1,22.1,22.2,22.2,22.2,22.2,22.2,22.2,23.3,23.3,23.3,23.53,24.2,24.2,24.2,24.2,24.2,24.2,24.2,24.2,24.2,24.2,25.2,25.2,25.2,25.2,25.2,25.2,25.2,27.3,27.82,27.9,27.9,28.4,29.6,29.26,24.7,24.7,24.04,19.4,20.2,20.2,21.1,21.8,21.8,21.8,21.8,21.8,21.8,21.8,21.4,26.94,21.1,21.1,21.1,21.1,21.1,21.1,21.1,21.1,21.1,21.34,21.5,21.6,21.6,21.9,21.9,21.9,21.9,22.8,23.6,23.6,23.6,23.6,23.6,23.6,23.6,23.6,23.6,23.6,23.6,23.85,24.5,24.5,24.5,24.5,25.3,25.3,25.3,25.3,25.3,25.3,25.3,25.3,25.3,25.3,25.3,25.3,25.3,25.3,25.3,25.3,25.3,25.3,25.3,25.3,25.3,25.3,25.3,25.3,25.3,25.3,25.3,25.5,25.5,25.5,25.5,25.5,25.5,25.5,25.5,25.5,25.5,25.5,24.7,25.2,26.9,26.9,27.3,27.3,27.3,27.3,27.3,29.5,29.5,29.5,29.5,29.5,27.9,27.9,27.9,27.9,27.9,27.9,27.9,27.9,27.9,27.9,27.9,27.9,27.9,27.9,28.2,28.2,28.2,28.2,28.2,31.0,31.0,31.0,31.0,31.0,31.0,31.0,31.0,31.0,31.0,31.0,31.0,30.9,22.43,13.37,10.8,10.74,10.6,10.2,10.2,10.2,10.2,10.2,10.2,10.2,10.2,10.2,10.2,10.2,10.2,10.2,10.2,10.2,11.6,12.0,12.0,12.0,12.0,12.0,12.0,12.0,12.0,12.0,12.0,12.0,12.0,12.0,12.0,12.0,12.0,12.0,12.0,12.0,12.0,12.0,12.0,12.0,12.0,12.0,12.0,12.0,12.0,12.0,12.0,12.0,13.6,13.9,9.63,9.1,9.1,9.1,9.1,9.1,9.1,9.1,9.1,9.1,9.1,9.1,9.1,9.1,10.0,10.0,10.0,10.0,10.8,10.8,10.8,10.8,10.8,10.8,10.8,10.8,10.8,10.8,10.8,10.8,10.8,10.8,10.8,10.8,10.8,10.8,10.8,10.8,10.8,10.8,10.8,13.4,13.4,14.7,16.8,16.0,6.5,6.5,6.5,6.5,6.5,6.5,6.9,6.9,6.9,6.9,6.9,6.9,6.9,6.9,6.9,6.9,6.9,6.9,6.9,6.9,7.1,7.34,8.0,8.0,8.6,8.6,8.6,8.6,8.6,8.6,8.6,8.6,8.6,8.6,8.6,8.6,8.6,8.6,8.6,8.6,8.6,8.6,8.6,8.6,8.6,8.6,8.6,8.6,8.6,8.6,8.6,8.6,8.6,8.6,8.6,8.6,8.6,8.6,8.6,8.6,8.6,8.6,8.6,8.6,8.6,8.6,8.6,8.6,8.6,8.6,8.6,8.6,8.6,8.6,8.8,9.0,9.0,9.6,4.0,3.9,3.9,4.2,4.2,4.3,5.9,5.9,5.9,5.9,5.9,5.9,5.9,5.9,5.9,5.9,5.9,6.8,6.8,6.8,6.8,6.8,6.8,6.8,6.8,6.8,6.8,6.8,6.8,6.8,6.8,6.8,7.1,7.1,7.1,7.1,9.4,9.4,9.53,7.9,7.9,7.9,7.9,7.9,7.9,7.9,7.9,7.9,7.9,7.9,7.9,7.9,7.9,7.9,7.9,7.9,7.9,7.9,7.9,7.9,7.9,7.9,7.9,7.9,8.0,8.0,8.0,8.0,8.2,8.2,8.2,8.2,8.2,8.2,8.2,8.2,7.1,7.1,7.1,7.1,7.1,7.1,7.1,8.5,7.6,7.6,7.6,7.6,7.6,7.6,7.6,7.6,7.6,7.6,7.6,7.6,7.6,7.6,8.6,8.6,8.6,8.6,8.6,8.3,6.6,6.6,6.6,6.6,6.6,6.6,6.6,6.6,6.6,6.6,6.6,6.6,6.6,6.6,6.6,6.6,6.6,6.6,6.6,6.6,6.6,6.6,6.6,6.6,6.6,6.6,6.6,6.6,6.6,6.6,6.6,6.6,6.6,6.6,6.6,9.9,9.9,9.9,12.2,12.2,12.2,12.2,12.2,6.3,6.3,6.3,6.3,6.3,6.3,6.3,6.3,6.3,6.3,6.3,6.3,6.3,6.3,6.5,6.5,6.5,6.5,6.5,6.5,6.5,6.9,6.9,6.9,6.9,9.4,16.18,22.4,22.8,22.8,22.8,23.3,23.3,23.3,23.3,23.3,23.3,23.3,23.3,23.3,25.6,25.6,25.3,25.3,25.3,25.3,25.3,25.3,25.3,25.3,24.7,22.7,22.1,22.1,22.1,21.8,21.3,21.3,21.3,23.09,27.88,28.04,26.7,26.7,26.7,26.7,26.7,26.7,26.7,26.7,26.7,26.7,26.7,26.7,26.7,27.16,59.0,77.69,79.0,79.0,79.2,79.2,79.2,79.2,79.2,79.2,79.2,79.2,79.2,79.2,79.2,79.2,79.2,79.2,79.2,79.2,79.2,79.2,75.26,74.4,74.4,74.4,74.4,74.4
P062,74.9,74.9,74.9,74.9,74.9,74.9,74.9,74.9,74.9,74.9,74.9,74.9,74.9,74.9,74.9,74.9,74.9,74.9,74.9,74.9,74.9,74.9,74.9,74.9,74.9,74.9,74.9,74.9,74.9,74.9,74.9,74.9,74.9,74.9,74.9,74.9,74.9,74.9,74.9,74.9,74.9,74.9,74.9,74.9,74.9,74.9,74.9,74.9,74.9,74.9,74.9,74.9,74.9,74.9,74.9,74.9,74.9,74.9,74.9,74.9,74.9,74.9,74.9,74.9,74.9,74.9,74.9,74.9,74.9,74.9,74.9,74.9,74.9,74.9,74.9,74.9,74.9,74.9,74.9,74.9,74.9,74.9,74.9,74.9,74.9,74.9,74.9,74.9,74.9,74.9,74.9,74.9,74.9,74.9,74.9,74.9,74.9,74.9,74.9,74.9,74.9,74.9,74.9,74.9,74.9,74.9,74.9,74.9,74.9,74.9,74.9,74.9,74.9,74.9,74.9,74.9,74.9,74.9,74.9,74.9,74.9,74.9,74.9,74.9,74.9,74.9,74.9,74.9,74.9,74.9,74.9,74.9,74.9,74.9,74.9,74.9,74.9,74.9,74.9,74.9,74.9,74.9,74.9,74.9,74.9,74.9,74.9,74.9,74.9,74.9,74.9,74.9,74.9,74.9,74.9,74.9,74.9,74.9,74.9,74.9,74.9,74.9,74.9,74.9,74.9,74.9,74.9,74.9,74.9,74.9,74.9,74.85,43.98,30.73,29.0,28.6,28.6,28.6,53.93,69.9,69.9,69.7,69.5,69.5,69.5,69.5,69.5,69.5,69.5,69.5,69.5,69.5,69.5,69.5,69.5,69.5,69.5,69.5,69.5,69.5,69.5,69.5,69.5,69.5,69.5,69.5,69.5,69.5,69.5,69.5,69.5,69.5,69.5,69.5,69.5,69.5,69.5,69.5,69.5,69.5,69.5,69.5,69.5,69.5,69.5,69.5,69.5,69.5,69.5,69.5,69.5,69.5,69.5,69.5,69.5,69.5,69.5,69.5,69.5,69.5,69.5,69.5,69.5,69.5,69.5,69.5,69.5,69.5,69.5,69.5,69.5,69.5,69.5,69.5,69.5,69.5,69.5,69.5,69.5,69.5,69.5,69.5,69.5,69.5,69.5,69.5,69.5,69.5,69.5,69.5,69.5,69.5,69.5,69.5,69.5,69.5,69.5,69.5,69.5,69.5,69.5,69.5,69.5,69.5,69.5,69.5,69.5,69.5,69.5,69.5,69.5,69.5,69.5,69.5,69.5,69.5,69.5,69.5,69.5,69.5,69.5,69.5,69.5,69.5,69.5,69.5,69.5,69.5,69.5,69.5,69.5,69.5,69.5,69.5,69.5,69.5,69.5,69.5,69.5,69.5,69.5,69.5,69.5,69.5,69.5,69.5,69.5,69.5,69.5,69.5,69.5,69.5,69.5,69.5,69.5,69.5,69.5,69.5,69.5,69.5,69.5,69.5,69.5,69.5,69.5,69.5,69.5,69.5,69.5,69.5,69.5,69.5,69.5,69.5,69.5,69.5,69.5,69.5,69.5,69.5,69.5,69.5,69.3,69.3,69.3,69.3,69.3,69.3,69.3,69.3,69.3,69.3,69.3,69.3,69.3,69.3,69.3,69.3,69.3,69.3,69.3,69.3,69.3,69.3,69.3,69.3,69.3,69.3,69.3,69.3,69.3,69.3,69.3,69.3,69.3,69.3,69.3,69.3,69.3,69.3,69.3,69.3,69.3,69.3,69.3,69.3,69.3,69.3,69.3,69.3,69.3,69.3,69.3,69.3,69.3,69.3,69.3,69.3,69.3,69.3,69.3,69.3,69.3,69.3,69.3,69.3,69.3,69.3,69.3,69.3,69.3,69.3,69.3,69.3,69.3,69.3,69.3,69.3,69.3,69.3,69.3,69.3,69.3,69.3,69.3,69.3,69.3,69.3,69.3,69.3,69.3,69.3,69.3,69.3,69.3,69.3,69.3,69.3,69.3,69.3,69.3,69.3,69.3,69.3,69.3,69.3,69.3,69.3,69.3,69.3,69.3,69.3,69.3,69.3,69.3,69.3,69.3,69.3,69.3,69.3,68.9,68.9,68.9,68.9,68.9,68.9,68.9,68.9,68.9,68.9,68.9,68.9,68.9,68.9,68.9,68.9,68.9,68.9,68.9,68.9,68.9,68.9,68.9,68.9,68.9,68.9,68.9,68.9,68.9,68.9,68.9,68.9,68.9,68.9,68.9,68.9,68.9,68.9,68.9,68.9,68.9,68.9,68.9,68.9,68.9,68.9,68.9,68.9,68.9,68.9,68.9,68.9,68.9,68.9,68.9,68.9,68.9,68.9,68.9,68.9,68.9,68.9,68.9,68.9,68.9,68.9,68.9,68.9,68.9,68.9,68.9,68.9,68.9,68.9,68.9,68.9,68.9,68.9,68.9,68.9,68.9,68.9,68.9,68.9,68.9,68.9,68.9,68.9,68.9,68.9,68.9,68.9,68.9,68.9,68.9,68.9,68.9,68.9,68.9,68.9,68.9,68.9,68.9,68.9,68.9,68.9,68.9,68.9,68.9,68.9,68.9,68.9,68.9,68.9,68.9,68.9,68.9,68.9,68.9,68.9,68.9,68.9,68.9,68.9,68.9,68.9,68.9,68.9,68.9,68.9,68.9,68.7,74.81,77.2,77.4,77.4,77.4,77.4,77.4,77.4,77.4,77.4,77.4,77.4,77.4,77.4,77.4,77.4,77.4,77.4,77.4,77.4,77.4,77.4,77.4,77.4,77.4,77.4,77.4,77.4,77.4,77.4,77.4,77.4,77.4,77.4,77.4,77.4,77.4,77.4,77.4,77.4,77.4,77.4,77.4,77.4,77.4,77.4,77.4,77.4,77.4,77.4,77.4,77.4,77.4,77.4,77.4,77.4,77.4,77.4,77.4,77.4,77.4,77.4,77.4,77.4,77.4,77.4,77.4,77.4,77.4,77.4,77.4,77.4,77.4,77.4,77.4,77.4,77.4,77.4,77.4,77.4,77.4,77.4,77.4,77.4,77.4,77.4,77.4,77.4,77.4,77.4,77.4,77.4,77.4,77.4,77.4,77.4,77.4,77.4,77.4,77.4,77.4,77.4,77.4,77.4,77.4,77.4,77.4,77.4,77.4,77.4,77.4,77.4,77.4,77.4,77.4,77.4,77.4,77.4,77.4,77.4,77.4,77.4,77.4,77.4,77.4,77.4,77.4,77.4,77.4,77.4,77.4,77.4,77.4,77.4,77.4,77.4,77.4,77.4,77.4,77.4,77.4,77.4,77.4,77.4,77.4,77.4,77.4,77.4,77.4,77.4,77.4,77.4,77.4,77.4,77.4,77.4,77.4,77.4,77.4,77.4,77.4,77.4,77.4,77.4,77.4,77.4,77.4,77.4,77.4,77.4,77.4,77.4,77.2,77.2,77.2,77.2,77.0,77.0,77.0,77.0,77.0,77.0,77.0,77.0,77.0,77.0,77.0,77.0,77.0,77.0,77.0,77.0,77.0,77.0,77.0,77.0
P063,79.7,62.9,62.9,60.3,31.0,49.4,55.1,38.3,34.8,46.51,52.7,61.4,62.7,62.7,62.7,62.7,62.7,60.31,61.3,61.3,61.3,61.3,35.7,37.6,37.6,37.6,31.45,28.9,28.8,28.4,28.4,28.4,25.9,16.9,15.4,15.4,10.39,9.2,9.2,27.1,51.4,53.11,59.7,59.7,59.7,59.7,59.7,59.7,59.7,60.8,60.3,30.34,25.82,22.1,21.1,21.1,20.81,50.17,64.6,64.6,64.6,64.6,64.6,56.85,58.9,52.1,62.26,61.4,61.4,61.4,61.4,61.4,61.2,57.5,61.05,60.7,56.53,57.68,71.1,71.1,71.1,71.1,71.1,71.1,71.1,71.1,67.1,66.84,66.7,66.7,66.7,66.7,66.7,67.1,64.0,48.1,45.7,45.7,41.93,37.62,48.1,48.1,48.1,48.1,48.1,48.1,47.8,47.3,48.0,48.4,48.4,48.4,44.6,45.6,45.6,49.9,42.95,42.9,55.4,56.2,57.6,57.6,57.6,57.6,57.6,57.6,57.6,57.6,43.09,42.5,42.5,42.5,42.5,42.5,42.5,42.5,42.5,42.5,39.0,39.0,39.0,39.0,39.0,39.0,36.7,36.4,47.1,47.1,45.1,44.9,44.9,44.9,44.9,44.9,45.1,46.36,49.0,49.0,49.0,49.0,48.8,36.95,36.3,36.3,36.3,36.3,36.3,36.3,36.3,36.3,36.3,32.5,32.5,32.5,32.5,41.7,40.05,31.19,30.6,30.6,30.6,30.6,30.6,29.88,29.35,29.8,29.8,29.5,29.5,29.5,29.0,29.0,29.0,29.0,31.4,36.45,43.0,43.0,43.0,43.0,43.0,43.0,43.0,43.0,42.4,42.4,42.4,42.4,38.4,37.1,37.1,37.1,36.7,45.26,38.38,24.0,24.0,24.0,24.0,24.0,24.0,24.0,35.67,51.1,59.06,59.4,59.4,59.4,59.4,59.4,59.4,59.4,59.4,59.4,59.4,60.3,60.3,60.3,60.3,60.3,60.3,60.3,60.5,60.6,60.6,60.6,60.6,60.6,61.9,61.49,56.0,56.0,56.0,56.0,56.0,56.0,56.0,56.0,56.0,47.45,39.7,39.2,39.2,39.2,38.78,36.0,36.0,28.84,21.1,21.1,21.1,21.1,11.3,11.3,11.2,11.9,11.9,12.1,12.1,12.1,12.1,12.1,12.1,12.1,12.1,12.1,12.1,12.1,12.0,12.1,12.1,12.1,12.1,12.1,12.1,12.1,13.0,13.0,13.0,13.0,13.0,13.0,13.0,13.0,13.0,13.0,13.5,12.9,14.36,21.3,21.3,21.4,25.86,26.3,26.3,26.3,31.7,33.23,45.7,50.6,50.6,50.6,50.6,50.6,50.6,47.84,46.2,44.9,22.4,16.8,16.8,16.8,16.5,7.55,9.19,8.6,8.6,8.6,8.6,8.6,8.6,8.6,8.7,12.7,36.0,53.74,51.1,51.1,44.8,45.6,50.27,56.5,56.5,56.5,56.5,56.5,56.5,56.5,56.5,56.5,56.5,54.1,54.9,54.9,54.9,56.0,64.1,54.74,40.55,38.6,38.6,34.83,28.3,28.3,28.3,28.0,27.44,27.3,27.3,26.7,10.94,1.7,1.7,1.7,1.7,1.7,0.0,3.5,3.5,3.5,2.5,2.5,2.5,2.7,2.7,2.7,2.7,2.7,2.7,2.2,0.2,1.6,1.6,1.6,1.6,1.6,1.6,1.6,2.6,13.21,17.6,5.9,4.9,4.9,4.9,4.9,1.28,0.0,0.0,0.0,0.2,0.2,0.2,0.2,0.2,0.2,0.2,0.2,0.2,0.2,0.3,0.3,1.3,1.3,1.3,1.3,1.0,1.0,1.0,1.0,1.0,1.0,1.0,1.0,1.0,0.8,0.8,0.8,0.8,0.8,0.8,0.8,1.25,1.4,1.4,1.4,1.4,1.4,1.4,1.4,1.4,3.66,12.3,12.4,12.4,12.4,7.8,7.8,4.9,5.2,14.2,14.3,14.6,14.8,14.8,14.8,14.8,14.8,14.8,14.8,14.8,14.8,14.8,10.95,8.9,8.9,8.9,8.9,8.9,8.9,8.9,8.9,6.64,6.0,5.6,5.9,5.9,5.9,5.9,5.9,5.9,10.01,11.0,11.0,11.0,13.0,13.0,13.0,12.9,12.9,12.9,12.9,12.9,12.9,12.9,12.9,12.9,12.9,12.9,12.9,11.2,10.0,7.95,4.1,2.4,2.25,1.4,1.4,1.4,1.4,1.1,0.6,1.1,1.1,1.1,1.1,1.1,1.1,1.1,1.1,1.1,1.0,1.0,1.0,1.0,1.0,0.0,2.7,3.2,3.2,3.5,4.0,4.0,4.0,5.6,5.41,5.6,3.6,3.3,3.3,3.3,3.3,3.3,3.3,3.3,3.3,1.8,1.1,1.1,1.1,1.1,0.0,0.0,0.0,0.0,0.0,0.0,0.0,0.0,0.5,0.5,0.5,0.5,0.5,0.5,0.5,0.5,0.5,0.5,0.5,0.5,0.5,0.5,0.5,0.3,0.3,0.5,0.5,0.5,0.5,0.5,0.5,0.5,0.5,0.5,0.5,0.5,0.5,0.5,0.2,0.2,0.2,0.2,0.2,0.0,0.0,0.0,0.0,0.0,0.0,0.0,0.0,0.0,0.0,0.0,0.0,0.0,0.0,0.2,0.2,0.2,0.2,0.2,0.2,0.2,0.2,0.2,0.2,0.2,0.2,0.2,0.2,0.0,0.2,1.6,1.6,1.6,1.6,1.6,1.6,1.6,1.6,1.6,1.65,0.0,0.0,1.0,1.0,1.0,1.0,1.0,1.0,1.0,1.0,1.0,1.0,1.0,1.0,1.0,1.0,1.0,1.0,1.0,1.0,1.0,1.0,1.0,1.0,1.0,1.0,1.0,0.0,4.83,3.5,3.5,3.5,3.5,3.5,3.5,3.5,3.5,3.5,3.5,3.5,3.5,3.5,2.4,2.4,2.4,2.4,2.4,2.4,2.4,2.4,2.4,2.4,2.4,2.4,2.4,2.4,2.4,2.4,2.1,1.5,2.2,2.2,2.2,2.2,2.2,2.2,0.1,30.81,31.7,32.1,32.1,32.1,32.1,32.1,32.1,32.1,32.1,34.51,38.7,47.05,55.31,60.8,60.8,60.8,60.8,60.8,60.8,60.8,55.99,49.7,49.7,49.7,46.89,42.9,42.9,41.19,40.5,40.5,33.73,32.4,32.4,32.4,32.4,28.3,28.3,56.96,66.5,66.5,66.5,66.5,66.5,65.8,65.2,65.2,65.2,65.2,65.2,65.56,66.16,72.9,72.9,72.9,72.9,72.9,72.9,70.1,69.8,69.8,69.8,69.8,69.8,69.8,46.8,80.8,88.4,88.6,88.6,91.76,92.9,92.9,92.9,92.9,92.9,91.4,91.4,91.3,91.3,88.7,89.0,89.0,89.0,89.0,89.0,89.0
P064,50.9,50.9,50.9,59.08,59.34,58.97,61.5,59.3,57.8,57.8,57.8,57.8,57.8,57.8,58.5,61.1,61.1,60.8,60.8,59.5,59.5,55.0,35.7,27.0,25.7,25.5,25.1,25.1,25.1,23.3,21.84,21.4,20.9,20.9,20.9,20.9,34.99,49.22,60.4,63.7,65.0,65.0,66.9,70.6,70.24,69.5,69.5,69.5,69.5,69.5,69.5,69.5,69.5,67.86,72.3,72.8,72.8,65.45,40.82,64.21,65.8,65.8,68.9,68.9,68.9,66.47,67.1,67.1,67.1,67.1,67.1,67.1,67.1,67.1,67.1,67.1,67.1,67.1,67.1,67.1,67.1,67.1,67.1,67.1,67.1,67.1,67.1,67.1,67.1,67.1,67.1,67.1,67.1,67.1,67.1,67.1,67.1,67.1,67.1,67.1,67.1,67.1,67.1,67.1,67.1,67.1,67.1,67.1,67.1,67.1,67.1,67.6,75.38,75.6,75.6,75.6,75.6,75.6,75.6,75.6,75.6,75.6,75.6,75.6,75.6,75.6,75.6,75.6,75.6,75.6,75.6,75.6,75.6,75.6,75.6,75.6,87.3,87.3,87.3,86.7,82.3,66.9,52.63,50.4,50.4,50.4,50.4,50.4,50.4,60.59,61.3,61.3,61.3,49.41,40.02,38.7,38.7,38.7,38.3,34.4,34.2,34.2,34.2,33.9,34.2,34.2,34.2,34.2,34.2,34.2,34.2,34.2,26.1,21.8,21.8,21.8,21.8,21.8,21.8,21.8,21.8,21.8,21.8,21.8,21.8,21.8,21.8,21.8,21.8,21.8,21.8,21.8,21.8,28.06,45.85,52.06,69.02,71.5,71.5,71.5,71.5,71.5,71.5,71.5,71.5,71.5,71.5,71.5,71.5,71.5,71.5,71.5,71.5,71.5,71.5,71.5,71.5,71.5,71.5,71.5,71.5,71.5,71.5,71.5,71.5,71.5,71.5,71.5,71.5,71.5,71.5,71.5,71.5,71.5,71.5,71.5,71.5,71.5,71.5,71.5,71.5,71.5,71.5,71.5,71.5,71.5,71.5,71.5,71.5,71.5,71.5,71.5,29.4,29.4,29.4,28.14,26.6,26.6,26.6,26.6,26.6,26.6,26.6,26.6,26.6,26.6,26.6,26.6,26.6,26.6,26.6,26.6,26.6,26.6,26.6,26.6,26.6,26.6,26.6,26.6,26.6,26.6,26.6,26.6,26.6,26.6,26.6,26.6,26.6,26.6,26.6,26.6,26.6,26.6,26.6,26.6,26.6,26.6,26.6,26.6,26.6,26.6,26.6,26.6,26.6,26.6,26.6,26.6,26.6,26.6,26.6,26.6,26.6,26.6,26.6,26.6,26.6,26.6,26.6,17.2,14.4,14.4,14.4,13.81,13.8,11.6,8.6,8.6,8.6,8.6,6.0,4.7,0.0,0.0,11.96,17.8,17.74,15.05,10.8,20.94,43.4,74.8,78.1,78.1,78.5,78.5,78.5,78.5,78.5,78.5,78.5,78.5,78.5,78.5,78.5,78.5,78.5,78.5,78.5,78.5,78.5,78.5,78.5,78.5,78.5,78.5,78.5,78.5,74.07,60.54,57.3,43.8,30.05,27.3,27.3,27.3,27.3,27.3,27.3,27.3,27.3,27.3,27.3,27.3,27.3,27.3,27.3,27.3,27.3,9.3,9.3,9.3,9.3,9.3,9.3,9.3,9.3,9.3,9.3,9.3,9.3,9.3,9.3,9.3,9.3,9.3,9.3,9.3,9.3,9.3,9.3,9.3,9.3,9.3,9.3,9.3,9.3,9.3,9.3,9.3,9.3,9.3,9.3,9.3,9.3,9.3,9.3,9.3,9.3,9.3,0.0,0.0,0.0,0.0,0.0,0.0,0.0,0.0,0.0,0.0,0.0,0.0,0.0,0.0,0.0,0.0,0.0,0.0,0.0,0.0,0.0,0.0,0.0,0.0,0.0,0.0,0.0,0.0,0.0,0.0,0.0,0.0,0.0,0.0,7.18,10.8,11.9,11.9,11.9,11.9,11.9,11.9,11.9,11.9,11.9,11.9,14.27,15.6,15.6,15.6,15.6,15.6,15.6,33.17,48.91,59.2,67.2,67.2,67.2,67.2,67.2,67.2,67.2,67.2,67.2,67.2,67.2,67.2,67.2,67.2,67.2,67.2,67.2,67.2,67.2,67.2,67.2,67.2,67.2,67.2,67.2,67.2,67.2,67.2,67.2,67.2,67.2,67.2,67.2,67.2,67.2,67.2,67.2,67.2,67.2,67.2,67.2,67.2,67.2,67.2,67.2,67.2,67.2,67.2,46.76,23.6,28.68,56.77,57.9,57.9,57.9,57.9,57.9,57.9,57.9,57.9,57.9,54.7,52.1,48.8,47.1,46.0,43.6,43.4,42.7,38.22,35.8,35.8,35.8,35.8,31.9,31.7,31.7,31.7,31.7,31.7,31.7,31.7,32.1,36.7,36.7,36.04,34.1,33.63,25.69,18.4,14.32,14.1,11.93,8.71,5.2,3.5,3.5,3.5,3.5,3.5,3.5,3.5,3.5,3.5,3.5,40.44,36.2,15.64,15.2,30.2,34.27,47.84,52.7,66.76,75.05,77.7,77.7,77.7,77.7,77.7,77.7,74.24,61.4,44.79,26.08,21.7,26.49,31.2,31.5,31.5,21.01,18.4,18.2,18.2,18.2,18.2,18.2,18.2,18.2,0.0,0.0,0.0,0.0,0.0,0.0,0.0,0.0,0.4,0.0,0.0,0.0,0.0,0.0,0.0,0.0,0.0,0.0,0.0,0.0,0.0,0.0,0.0,0.0,0.0,12.06,32.99,39.0,42.3,42.3,0.0,33.39,34.3,34.3,34.3,34.3,34.3,33.2,31.9,31.9,31.9,31.9,31.9,32.1,32.1,32.1,32.8,41.78,59.18,61.6,59.7,48.2,50.5,49.7,49.7,49.7,49.7,49.7,49.7,49.7,49.7,49.7,49.7,49.7,49.7,81.6,81.6,75.1,73.1,73.1,73.1,73.1,73.1,73.1,73.1,73.1,73.1,73.8,73.8,73.8,73.8,73.8,73.8,73.8,73.8,73.8,73.8,73.8,73.8,73.8,73.8,73.8,73.8,73.8,73.8,73.8,73.8,73.8,73.8,73.8,73.8,73.8,73.8,73.8,73.8,73.8,73.8,73.8,73.8,73.8,73.8,73.8,73.8,73.8,73.8,73.8,73.8,73.8,73.8,73.8,73.8,73.8,73.8,73.8,73.8,73.8,73.8,73.8,73.8,73.8,73.8,73.8,73.8,73.8,73.8,73.8,73.8,73.8,73.8,73.8,73.8,73.8,73.8,73.8,73.8,73.8,73.8,73.8,73.8,73.8,73.8,73.8,73.8,73.8,37.72,26.91,25.8,25.8,25.8,25.8,25.8,67.43,69.4,69.4,69.4,69.4,69.4,71.1,71.1,71.1,71.1,70.9,70.9,70.9,70.9,70.9,70.9,70.9,70.9,70.9,70.9,70.9,70.9
P065,79.7,79.7,79.7,79.7,73.7,72.8,74.84,69.51,46.29,0.0,0.0,0.0,23.34,11.47,10.6,13.84,15.8,30.5,57.25,74.34,74.7,75.9,75.9,75.5,75.5,75.5,75.5,75.5,75.5,75.5,75.5,75.5,75.5,75.5,75.5,75.5,76.3,75.5,75.5,75.5,75.5,75.5,75.5,75.5,75.5,75.5,74.9,74.9,74.9,74.9,74.9,74.9,74.66,73.2,73.4,73.4,73.4,73.4,73.4,73.4,73.6,73.6,73.6,73.6,73.6,73.6,73.6,73.6,73.6,73.6,73.6,73.6,71.0,74.5,74.5,74.5,74.5,74.5,74.5,74.5,74.5,74.5,74.5,74.5,74.5,100.0,87.68,81.5,59.18,60.6,59.8,60.0,60.0,60.0,60.0,60.0,60.0,60.0,60.0,67.4,74.63,70.7,82.61,100.0,74.1,75.83,88.0,88.4,88.4,88.4,88.4,79.98,78.2,78.2,78.2,78.2,78.2,78.2,78.2,78.2,78.2,78.2,78.2,78.2,78.2,78.2,78.2,78.2,78.2,78.2,78.2,78.2,77.74,79.5,79.4,79.0,79.9,79.49,80.53,81.81,81.7,81.5,81.5,81.5,81.77,82.0,80.65,80.3,77.53,77.6,77.6,77.6,76.1,76.1,74.4,80.7,80.5,80.5,77.39,73.9,73.9,76.3,74.7,75.9,76.1,76.1,76.1,76.1,76.1,76.1,76.1,76.1,76.1,76.1,76.1,76.1,76.1,76.1,76.1,74.3,74.97,74.7,74.7,74.7,74.7,74.7,74.7,74.7,75.3,75.3,75.3,75.5,75.3,75.3,77.4,77.4,77.4,77.4,77.4,77.4,77.4,77.4,77.4,77.4,77.4,77.4,77.4,77.71,79.5,78.4,78.4,78.6,77.24,69.7,69.42,69.82,71.0,71.4,71.4,71.4,70.3,70.3,71.0,70.88,70.88,72.4,72.4,71.4,72.6,72.8,73.0,73.0,73.0,73.0,73.0,73.0,73.0,73.0,73.0,73.0,73.0,73.0,75.95,74.5,73.0,75.1,75.1,75.1,75.1,75.1,75.1,75.3,75.1,75.1,74.9,74.9,75.1,69.19,69.1,40.62,35.83,34.0,43.77,62.5,62.5,62.5,62.5,65.8,66.0,66.0,65.4,65.3,65.3,70.75,71.11,71.4,71.4,71.4,71.4,71.4,72.2,72.6,72.0,72.0,72.0,72.0,72.0,72.0,72.0,72.0,72.0,72.0,72.0,72.0,72.0,72.0,72.0,72.0,72.0,72.0,72.0,72.0,72.2,71.8,71.6,71.6,71.4,70.32,64.5,70.7,73.7,74.3,74.3,74.3,73.64,73.7,75.5,75.1,76.4,76.4,76.4,77.4,77.6,77.6,78.2,78.4,78.4,78.4,77.97,77.8,74.18,74.92,75.3,74.3,74.3,74.5,71.77,77.24,85.5,87.41,77.69,77.08,76.1,76.1,76.8,75.3,73.0,73.2,73.4,73.4,73.7,73.7,73.7,73.7,73.7,73.4,69.57,69.5,69.5,69.5,69.7,69.95,73.4,76.1,75.3,77.6,79.3,79.3,79.3,79.9,81.3,81.5,82.87,82.2,82.2,82.2,82.2,82.2,82.2,82.2,82.2,82.2,82.2,82.2,82.2,82.2,82.2,82.2,82.2,82.2,82.2,82.2,82.2,82.2,82.2,82.2,82.2,82.2,82.2,82.2,82.67,82.2,77.09,73.7,73.12,72.34,71.68,73.0,73.0,73.0,73.0,73.0,73.0,73.0,75.3,77.6,77.6,78.0,78.0,78.0,78.0,78.0,78.0,76.69,76.4,76.4,70.3,69.9,71.11,70.5,70.1,70.1,69.97,69.9,69.9,69.9,69.9,69.9,77.27,79.0,81.82,84.6,86.52,89.0,71.56,70.1,70.1,85.3,89.2,89.4,89.4,88.48,87.5,87.6,87.6,87.6,87.6,88.33,78.8,78.4,76.8,76.6,76.6,76.6,76.8,76.8,77.33,78.4,79.0,77.64,67.6,68.0,68.3,68.3,68.3,68.3,68.3,68.3,68.3,73.9,73.7,73.7,73.4,73.4,73.2,73.2,73.2,73.4,73.4,73.4,73.4,73.4,70.8,71.6,72.0,74.5,74.9,74.9,72.87,73.0,73.0,74.5,73.67,74.5,74.5,68.17,67.8,67.8,67.8,63.7,37.14,34.9,27.8,25.5,25.7,25.7,25.7,42.53,63.7,68.07,71.0,71.0,72.07,72.93,74.1,78.2,78.4,78.4,78.4,78.4,78.4,57.5,33.8,31.63,31.1,32.4,32.8,32.8,32.8,33.6,33.6,33.6,33.6,53.49,63.9,65.6,65.8,65.8,65.8,65.67,65.6,65.6,65.6,65.6,65.6,65.6,65.6,65.6,65.6,65.6,65.6,65.6,65.6,65.6,65.6,65.6,67.52,74.5,74.1,72.89,73.2,73.2,73.0,73.0,45.25,31.47,27.4,27.4,27.4,27.4,26.52,27.0,27.0,27.6,27.8,28.4,28.6,28.71,28.0,22.69,23.57,25.5,26.6,26.6,30.7,37.6,49.52,54.78,67.2,67.2,67.2,67.2,67.2,67.2,67.2,67.2,67.2,67.2,74.14,72.36,62.4,66.6,68.0,64.02,85.37,81.3,80.7,80.7,80.7,80.7,80.7,80.7,81.07,81.5,81.5,81.5,81.5,32.0,24.1,24.1,24.1,24.1,24.1,24.1,24.1,24.1,24.1,24.1,24.1,24.1,24.1,24.1,24.1,24.1,24.1,24.1,24.1,24.1,24.1,24.1,24.1,24.1,24.1,24.1,24.1,16.8,16.8,16.8,16.8,18.83,54.52,45.2,42.3,36.5,64.24,66.6,66.6,66.6,66.6,68.3,68.3,68.1,68.1,68.1,68.1,68.1,68.1,68.1,68.1,68.1,68.1,68.1,68.1,68.1,68.1,68.1,68.1,70.25,69.9,69.1,69.62,80.1,76.26,76.6,76.8,76.8,76.8,76.8,76.8,76.8,77.4,76.1,70.7,70.7,68.63,70.7,71.6,71.6,71.8,72.0,72.0,72.0,72.0,71.8,71.8,71.8,71.4,71.4,71.4,71.4,71.4,71.4,71.4,72.11,73.0,72.2,72.2,72.2,72.0,72.0,72.0,72.0,72.0,72.0,71.88,72.0,72.0,72.0,72.0,72.0,72.0,72.0,72.0,72.0,72.0,72.0,72.0,72.0,72.0,72.13,72.2,73.0,76.8,76.3,76.1,76.1,76.1,76.1,76.1,76.1,76.1,45.66,30.1,28.06,29.2,28.8,28.8,29.0,29.0,29.0,29.0,27.4,27.2,42.98,64.5,70.3,71.8,71.8,71.8,71.8,71.8,71.8,71.8,38.68,30.36,51.98,62.9,68.86,72.6,72.6,75.3,75.5,77.09,74.58,73.2,73.2,75.79,75.3,75.3,75.3,75.3,75.1,75.1,73.4,73.7,73.7,73.7,73.7
P066,54.2,54.2,54.2,54.2,54.2,54.2,54.2,54.2,54.2,54.2,54.2,54.2,54.2,54.2,54.2,54.2,54.2,57.12,66.9,66.9,66.9,66.9,66.9,66.9,66.9,66.9,66.0,66.0,67.2,74.4,69.68,66.4,66.4,66.4,66.4,66.4,66.4,66.4,66.4,66.4,66.4,66.4,66.4,66.4,66.4,66.4,66.4,66.4,66.4,66.4,66.4,66.4,66.4,66.4,66.4,66.4,66.4,66.4,66.4,66.4,66.4,66.4,66.4,66.4,66.4,66.4,66.4,66.4,66.4,66.4,66.4,66.4,66.4,66.4,66.4,66.4,66.4,66.4,66.4,66.4,66.4,66.4,66.4,66.4,66.4,66.4,66.4,66.4,66.4,66.4,66.4,66.4,66.4,66.4,66.4,66.4,66.4,66.4,66.4,66.4,66.4,66.4,66.4,66.4,66.4,66.4,66.4,66.4,66.4,66.4,66.4,66.4,66.4,66.4,66.4,66.4,66.4,66.4,66.4,66.4,66.4,66.4,66.4,66.4,66.4,66.4,66.4,66.4,66.4,66.4,66.4,66.39,65.7,65.5,65.5,65.5,65.5,65.5,65.5,65.5,65.5,65.5,65.5,65.5,65.5,65.5,65.5,65.5,65.5,65.5,65.5,65.5,65.5,65.5,65.5,65.5,65.5,65.5,65.5,65.5,65.5,65.5,65.5,65.5,65.5,65.5,65.5,65.5,65.5,65.5,65.5,65.5,65.5,65.5,65.5,65.5,65.5,65.5,65.5,65.5,65.5,65.5,65.5,65.5,65.5,65.5,65.5,65.5,65.5,65.5,65.5,65.5,65.5,65.5,65.5,65.5,65.5,65.5,65.5,65.5,65.5,65.5,65.5,65.5,65.5,65.5,65.5,65.5,65.5,65.5,65.5,65.5,65.5,65.5,65.5,65.5,65.5,65.5,60.98,59.6,59.6,59.6,59.6,59.6,59.6,59.6,59.6,59.6,59.6,59.6,59.6,59.6,59.6,59.6,59.6,59.6,59.6,59.6,59.6,59.6,59.6,59.6,58.0,58.4,58.2,58.2,58.2,58.2,58.2,58.2,58.2,58.2,58.2,58.2,58.2,58.2,58.2,58.2,58.2,58.2,58.2,58.2,58.2,58.2,58.2,58.2,58.2,58.2,58.2,58.2,58.2,58.2,58.2,58.2,58.2,58.2,58.2,58.2,58.2,58.2,58.2,58.2,58.2,58.2,58.2,58.2,58.2,58.2,58.2,58.2,58.2,58.2,58.2,58.2,58.2,58.2,58.2,58.2,58.2,58.2,58.2,58.2,58.2,58.2,58.2,58.2,58.2,58.2,58.2,58.2,58.2,58.2,58.2,58.2,58.2,58.2,58.2,58.2,58.2,58.2,58.2,58.2,58.2,58.2,55.4,55.4,55.4,55.4,55.4,55.4,55.4,55.4,55.4,55.4,55.4,55.4,55.4,55.4,55.4,55.4,55.4,55.4,55.4,55.4,55.4,55.4,55.4,55.4,55.4,55.4,55.4,55.4,55.4,55.4,55.4,55.4,55.4,55.4,55.4,55.4,55.4,55.4,55.4,55.4,55.4,55.4,55.4,55.4,55.4,55.4,55.4,54.9,48.59,47.4,47.4,47.4,47.4,47.4,47.4,47.4,47.4,47.4,47.4,47.4,47.4,47.4,47.4,47.4,47.4,47.4,47.4,47.4,47.4,47.4,47.4,47.4,47.4,47.4,47.4,47.4,47.4,47.4,47.4,47.4,47.4,47.4,47.4,47.4,47.4,47.4,48.8,49.0,49.0,49.0,49.0,49.0,49.0,49.0,49.0,49.0,49.0,49.0,49.0,49.0,49.0,49.0,49.0,49.0,49.0,49.0,49.0,49.0,49.0,49.0,50.2,47.38,43.6,43.6,43.6,43.6,43.6,43.6,43.6,43.6,43.6,43.6,43.6,43.6,43.6,43.6,43.6,43.6,43.6,43.4,43.4,43.4,43.4,43.4,43.4,43.4,43.4,43.4,43.4,43.4,43.4,43.4,43.4,43.4,43.4,43.4,43.4,43.4,43.4,43.4,43.4,43.4,43.4,43.4,43.4,43.4,43.4,43.4,43.4,43.4,43.4,43.4,43.4,43.4,43.4,43.4,43.4,43.4,43.4,43.4,43.4,43.4,43.4,43.4,43.4,43.4,43.4,43.4,43.4,43.4,43.4,43.4,43.4,43.4,43.4,43.4,43.4,43.4,43.4,43.4,43.4,43.4,43.4,43.4,43.4,43.4,43.4,43.4,43.4,43.4,43.4,43.4,43.4,43.4,43.4,43.4,43.4,43.4,43.4,43.4,43.4,43.4,43.4,43.4,43.4,43.4,43.4,43.4,43.4,43.4,44.8,36.9,36.9,36.9,36.9,36.9,36.9,36.9,36.9,36.9,36.9,36.9,36.9,36.9,36.9,36.9,36.9,36.9,36.9,36.9,36.9,36.9,36.9,36.9,36.9,36.9,36.9,36.9,36.9,36.9,36.9,36.9,36.9,36.9,36.9,36.9,36.9,36.9,36.9,36.9,36.9,36.9,36.9,36.9,36.9,36.9,36.9,36.9,36.9,36.9,36.9,36.9,36.9,36.9,36.9,36.9,36.9,36.9,36.9,36.9,36.91,38.9,38.9,38.9,38.9,38.9,38.9,38.9,38.9,38.9,38.9,38.9,38.9,38.9,38.9,38.9,38.9,38.9,38.9,38.9,38.9,38.9,38.9,38.9,38.9,38.9,38.9,38.9,38.9,38.9,38.9,38.9,38.9,38.9,38.9,38.7,38.5,38.5,38.5,38.5,38.5,38.5,38.5,38.5,38.5,38.5,38.5,38.5,38.5,38.5,38.5,38.5,38.5,38.5,38.5,38.5,38.5,38.5,38.5,38.5,38.5,38.5,38.5,38.5,38.5,38.5,38.5,38.5,38.5,38.5,38.5,38.5,38.5,38.5,38.5,38.5,38.5,38.5,38.5,38.5,38.5,38.5,38.5,38.5,38.5,38.5,38.5,38.5,38.5,38.5,38.5,38.5,38.5,38.5,38.5,38.5,38.5,38.5,38.5,38.5,38.5,38.5,38.5,38.5,38.5,38.5,38.5,38.5,38.5,38.5,38.5,38.5,38.5,38.5,38.5,38.5,38.5,38.5,38.5,38.5,38.5,38.5,38.5,38.5,38.5,38.5,38.5,38.5,38.5,38.5,37.3,37.3,37.3,37.3,37.3,37.3,37.3,37.3,37.3,37.3,37.3,37.3,37.3,37.3,37.3,37.3,37.3,37.3,37.3,37.3,37.3,37.3,37.3,37.3,37.3,37.3,37.3,37.3,37.3,37.3,37.3,37.3,37.3,37.55,43.6,50.3,50.3,50.3,50.3,50.3,50.3,50.3,50.3,50.3,50.3,50.3,50.3,50.3,50.3,50.3,50.3,50.3,50.3,50.3,50.3,50.3,50.3,50.3,50.3,50.3,50.3,50.3,50.3,50.3,50.3,50.3,50.3,50.3,50.3,50.3,50.3,50.3,50.3,50.3
P067,75.2,75.2,75.2,75.2,75.2,75.2,75.2,75.2,75.2,75.2,75.2,75.2,74.98,66.44,66.4,66.2,66.2,66.2,66.2,66.2,66.5,66.5,66.5,66.5,66.5,66.5,66.5,58.09,49.8,47.36,43.8,44.1,45.8,45.8,47.4,50.41,51.4,51.4,51.4,54.2,54.2,54.2,54.2,54.2,54.2,48.5,57.9,57.9,57.9,57.3,57.3,56.26,41.7,37.2,37.2,37.2,37.2,39.95,42.1,42.1,42.1,43.92,49.31,50.3,50.3,50.3,50.3,50.3,50.98,59.9,59.9,59.9,62.5,63.81,64.2,64.2,64.2,64.2,64.2,64.2,64.2,64.2,64.2,64.2,64.2,64.2,64.2,64.0,64.0,64.0,63.27,63.7,63.7,63.7,63.4,63.4,62.52,62.8,62.8,62.8,62.8,62.8,62.8,62.0,62.5,62.5,62.5,65.21,66.2,66.2,66.2,66.2,66.2,66.2,66.2,66.2,66.2,66.2,66.2,65.7,64.8,63.4,61.6,59.9,60.91,61.1,61.1,61.1,61.1,61.0,61.0,61.0,61.0,61.0,61.0,61.0,61.0,61.0,61.0,61.0,61.0,61.0,61.0,61.06,62.7,62.7,62.7,62.7,62.3,60.6,60.6,60.5,64.2,62.55,56.24,55.1,53.79,53.5,50.9,51.01,51.2,51.2,51.1,51.1,51.1,51.1,51.1,50.5,48.0,48.5,48.71,50.3,50.3,46.43,42.14,40.1,40.1,40.1,40.1,40.1,40.1,40.1,40.1,40.4,40.6,40.6,40.6,40.6,39.89,39.4,39.2,38.4,38.1,38.21,39.5,41.7,45.5,46.9,47.1,47.2,47.2,47.4,49.07,56.0,56.0,58.2,59.1,59.1,59.1,58.39,58.0,58.0,58.0,58.0,58.0,58.0,58.0,58.0,58.0,58.0,58.0,58.0,58.0,58.0,58.0,55.03,54.0,54.0,54.0,50.22,49.76,51.5,51.4,51.4,51.4,51.4,51.4,51.4,51.4,51.2,50.99,50.6,50.6,50.6,50.6,49.74,49.7,49.7,48.8,48.3,47.7,47.7,47.7,47.7,47.7,47.7,47.7,46.9,44.69,44.0,44.0,41.7,41.7,41.7,41.7,41.7,41.7,41.7,41.7,41.7,41.7,40.1,40.0,39.8,39.5,39.09,38.0,36.6,36.6,36.6,36.6,36.6,36.6,36.6,36.6,36.6,36.4,35.6,35.6,35.6,35.6,35.6,35.6,35.6,35.6,35.6,35.6,35.6,35.6,35.6,35.6,35.6,35.6,35.6,35.6,35.6,35.6,35.6,34.64,33.54,32.49,30.1,30.1,29.3,29.3,29.0,28.7,27.8,27.8,27.6,27.6,27.6,27.5,27.5,25.54,23.04,22.5,21.8,19.69,17.35,16.2,13.2,10.5,9.6,9.6,9.1,9.1,7.3,7.3,7.3,7.3,7.3,7.3,7.3,7.3,7.3,7.3,7.3,7.3,7.3,7.1,6.9,6.9,6.9,6.9,6.9,7.81,9.51,10.11,12.26,14.5,15.1,15.7,15.9,16.56,18.2,18.4,18.7,18.7,18.7,18.7,18.7,16.5,15.49,13.1,12.5,12.5,12.3,12.3,12.3,12.3,12.3,12.3,12.3,12.3,12.3,12.3,11.3,11.1,10.3,10.0,10.0,9.7,7.74,5.6,5.4,5.4,4.6,4.0,3.5,3.4,2.9,2.5,0.2,0.2,0.2,0.2,0.5,1.4,1.4,1.4,1.4,1.5,1.44,2.86,4.3,4.3,4.3,4.3,4.3,4.3,4.3,4.3,4.3,4.3,4.3,3.5,3.4,4.6,5.1,3.7,2.9,2.2,0.0,0.2,0.0,0.0,1.4,1.4,1.4,1.4,1.4,1.4,1.4,1.2,1.2,1.2,0.8,0.8,0.8,0.8,0.8,0.8,0.8,0.8,0.8,0.8,0.8,0.8,0.8,0.8,0.8,0.8,0.8,0.8,0.8,0.8,0.8,0.8,0.8,0.8,0.8,0.8,0.8,0.8,0.8,0.8,0.8,0.8,0.8,0.8,0.8,0.8,0.8,0.8,0.8,0.0,0.0,0.0,0.0,0.0,0.0,0.0,0.0,0.0,21.0,9.4,9.4,4.6,4.42,0.0,0.9,1.1,1.1,1.1,3.4,4.6,4.6,4.6,4.6,2.3,2.3,2.3,2.3,2.3,2.3,2.3,2.3,2.3,2.3,2.3,2.3,2.3,2.3,2.3,2.3,2.3,2.3,2.3,2.3,2.3,2.3,2.3,2.3,2.3,2.3,2.3,2.3,2.3,2.3,2.3,2.3,2.3,2.3,2.3,2.3,3.4,3.4,3.4,3.4,3.4,3.4,3.4,3.4,3.4,3.4,3.4,3.4,3.4,3.4,3.4,3.4,3.4,3.4,3.4,3.4,3.4,3.4,3.4,3.4,3.4,3.4,3.4,3.4,3.4,3.4,3.4,3.4,3.4,3.4,3.4,3.4,3.4,3.4,3.4,2.99,2.9,2.9,2.9,2.9,2.9,2.9,2.9,2.9,2.9,2.9,2.9,2.9,2.9,2.9,2.9,2.9,2.9,2.9,2.9,2.9,2.9,2.9,2.9,2.9,2.9,2.9,2.9,2.9,2.9,2.9,2.9,2.9,2.9,2.9,2.9,2.9,2.9,2.9,2.9,2.9,2.9,2.9,2.9,2.9,2.9,2.9,2.9,2.9,2.9,2.9,20.66,8.18,1.6,0.0,0.0,0.0,0.0,0.0,0.0,0.0,0.0,0.0,0.0,0.0,0.0,0.0,0.0,0.0,0.0,0.0,0.0,0.0,0.0,0.0,0.0,0.0,0.0,0.0,0.0,0.0,0.0,0.0,0.0,0.0,0.0,0.0,0.0,0.0,0.0,0.0,0.0,0.0,0.0,0.0,0.0,0.0,0.0,0.0,0.0,0.0,0.0,0.0,0.0,0.0,0.0,0.0,0.0,0.0,0.0,0.0,0.0,0.0,0.0,0.0,0.0,0.0,0.0,0.0,0.0,0.0,0.0,0.0,0.0,0.0,0.0,0.0,0.0,0.0,0.0,0.0,53.59,53.5,52.6,53.32,49.5,54.9,54.25,60.2,61.22,66.0,66.0,70.46,71.8,72.1,72.1,72.4,72.8,72.8,72.7,75.3,77.71,78.4,78.4,78.4,81.41,82.4,84.44,85.72,82.7,82.7,92.88,100.0,100.0,100.0,100.0,100.0,99.8,99.4,96.99,96.0,96.6,96.6,96.6,96.6,96.5,96.5,96.5,96.5,97.1,97.1,97.4,97.2,97.2,97.2,97.2,97.7,97.7,97.7,97.7,97.7,97.7,97.7,97.7,97.7,97.7,97.7,97.7,97.7,97.7,97.7,97.7,97.7,97.7,97.7,97.7,97.7,97.7,97.7,97.7,97.7,97.7,97.7,97.7,97.7,97.7,97.7,97.7,97.7,97.7,97.7,97.7,97.7
P068,50.6,48.75,0.0,43.23,48.3,48.9,48.9,48.9,48.9,48.9,49.4,49.4,49.4,49.4,49.4,49.4,49.09,42.4,39.8,39.4,39.4,39.4,39.4,39.4,39.4,39.0,38.4,37.8,37.8,37.8,37.8,37.8,31.9,31.9,32.9,32.9,33.3,33.5,33.5,33.5,33.5,33.5,33.5,33.5,33.5,33.5,33.5,34.16,35.3,35.3,35.3,35.3,35.3,35.3,35.3,35.3,35.3,35.3,35.3,35.3,35.3,35.3,35.3,35.3,35.3,35.3,35.3,35.3,35.3,35.3,35.3,35.8,36.0,36.0,36.9,31.8,32.3,32.3,32.4,32.4,32.4,32.4,32.4,32.4,32.4,32.4,32.45,33.2,33.2,33.2,33.2,33.2,33.2,33.2,33.2,33.22,32.23,31.2,31.2,31.2,30.9,30.9,30.9,30.9,30.9,30.9,30.9,30.9,30.9,30.9,30.9,30.9,30.9,30.9,30.9,30.9,30.9,30.9,30.9,30.9,30.9,30.9,30.9,30.9,30.9,30.9,30.9,30.9,30.9,30.9,30.9,30.9,30.9,30.9,30.9,30.2,31.3,31.3,31.9,31.9,31.9,31.9,31.9,31.9,31.9,31.9,31.9,31.9,31.9,31.9,31.9,31.9,31.9,31.9,31.9,31.9,31.9,31.9,31.9,31.9,31.9,31.9,31.57,27.3,27.2,26.4,26.4,26.4,26.4,26.4,26.4,26.4,26.4,26.4,26.4,26.4,26.4,26.4,26.4,26.4,26.4,26.4,26.4,26.4,26.4,26.4,26.4,26.4,26.4,26.4,20.4,19.6,19.6,19.6,19.6,19.6,19.6,19.6,19.6,19.6,19.6,19.6,19.6,19.6,20.4,20.4,20.4,20.4,20.4,20.4,20.4,20.4,20.4,20.4,20.4,20.8,21.3,21.3,21.3,21.3,21.3,21.3,21.3,21.5,27.26,28.1,28.1,28.1,28.1,28.1,28.1,28.1,28.1,28.1,28.1,28.1,28.1,28.1,28.1,28.1,28.1,28.1,28.1,28.1,28.1,28.1,28.1,28.1,28.1,28.1,28.1,28.1,28.1,28.1,28.1,28.1,28.1,28.1,28.1,28.1,28.1,28.1,28.1,28.1,28.1,28.1,28.1,28.1,28.1,28.1,28.1,28.1,28.1,28.1,28.1,28.1,28.1,28.1,28.1,25.3,26.1,26.1,26.1,26.1,26.1,26.1,26.1,26.1,26.1,26.1,26.1,26.1,26.1,26.1,26.1,26.1,26.1,26.1,26.1,26.1,26.1,26.1,26.1,26.1,26.1,26.1,26.1,26.1,26.1,26.1,26.1,26.1,26.1,26.1,26.1,26.1,26.1,26.1,26.1,26.1,26.1,26.1,26.1,26.1,26.1,26.1,26.1,26.1,26.1,26.1,26.1,26.1,26.1,26.1,26.1,26.1,26.1,26.1,26.1,26.1,26.1,26.1,26.1,26.1,26.1,26.1,26.1,26.1,26.1,26.1,26.1,26.1,26.1,26.1,26.1,26.1,26.1,26.1,26.1,26.1,26.1,26.1,26.1,26.1,26.1,26.1,26.1,26.1,26.1,26.1,26.1,26.1,26.1,26.1,29.53,28.5,31.05,31.5,30.62,30.7,30.7,30.7,30.7,30.7,30.7,30.7,30.7,30.7,30.7,30.7,30.7,30.7,30.7,30.7,30.7,30.7,30.7,30.7,30.7,30.7,30.7,30.7,30.7,30.7,30.7,30.7,30.7,30.7,30.7,30.7,30.7,30.7,31.3,30.2,30.2,30.2,30.2,30.2,30.2,30.2,30.2,30.2,30.2,30.2,30.2,30.2,30.2,30.2,30.2,30.2,30.2,30.2,30.2,30.2,30.2,30.2,30.2,30.2,30.2,29.9,30.9,28.98,28.2,28.2,28.2,28.2,28.2,28.2,28.2,28.2,28.2,28.2,28.2,28.2,28.2,28.2,28.2,28.2,28.2,28.2,28.2,28.2,28.2,28.2,28.2,28.2,28.2,28.2,28.2,28.2,28.2,28.2,28.2,28.2,28.2,28.2,28.2,28.2,28.2,28.2,28.2,28.2,28.2,28.2,28.2,28.2,28.2,28.2,28.2,28.2,28.2,28.2,28.2,28.2,28.2,28.2,28.2,27.6,25.59,22.7,21.1,21.0,21.0,21.0,21.0,21.0,21.0,21.0,21.0,21.0,21.0,21.0,21.0,21.0,21.0,21.0,21.0,21.0,21.0,21.0,21.0,21.0,21.0,21.0,21.0,21.0,21.0,21.0,21.0,21.0,21.0,21.0,21.0,21.0,21.0,21.0,21.0,21.0,16.96,14.2,14.0,14.0,14.0,14.0,14.0,14.0,14.0,14.0,14.0,14.0,14.0,14.0,14.0,14.0,14.0,14.0,14.0,14.0,14.0,14.0,14.0,14.0,14.0,14.0,14.0,14.0,14.0,14.0,14.0,10.8,8.3,8.3,8.3,8.3,8.3,8.3,8.3,8.3,8.3,8.3,8.3,8.3,8.3,8.3,8.3,8.3,8.3,8.3,8.3,8.3,8.3,8.3,8.3,8.3,8.3,8.3,8.3,8.3,8.3,8.3,8.3,8.3,8.3,8.3,8.3,8.3,8.3,8.3,8.3,8.3,8.3,8.3,8.3,8.3,8.3,8.3,8.3,8.3,8.3,8.3,8.3,8.3,8.3,8.3,8.3,8.3,8.3,8.3,8.3,8.3,8.3,8.3,8.3,7.96,7.4,7.4,7.4,7.4,7.4,7.4,7.4,7.4,7.4,7.4,7.4,7.4,7.4,7.4,7.4,7.4,7.4,7.4,7.4,7.4,7.4,7.4,7.4,7.4,7.4,7.4,7.4,7.4,7.4,7.4,7.4,7.4,7.4,7.4,0.0,17.4,12.29,12.8,12.8,12.8,12.8,12.8,12.8,12.8,12.8,12.8,12.8,12.8,12.8,12.8,12.8,12.8,12.8,12.8,12.8,12.8,12.8,12.8,12.8,12.8,12.8,12.8,12.8,11.9,9.1,10.0,9.29,8.2,7.38,6.9,6.9,8.88,23.11,31.8,30.89,27.74,26.5,26.5,29.67,29.5,30.7,31.5,31.5,36.13,37.5,37.5,37.5,37.5,37.5,37.5,37.5,37.5,37.5,37.5,37.5,37.5,37.5,37.5,37.5,37.5,37.5,37.5,37.5,37.5,37.5,37.5,37.5,37.5,37.5,37.5,37.5,37.5,37.5,37.5,37.5,37.5,37.5,37.5,37.5,37.5,37.5,37.5,37.5,37.5,37.5,37.5,37.5,37.5,37.5,37.5,37.5,37.5,37.5,37.5,37.5,37.5,37.5,37.5,37.5,37.5,37.5,37.5,37.5,37.5,37.5,37.5,37.5,37.5,37.5,37.5,37.5,37.5,37.5,37.5,37.5,37.5,37.5,37.5,37.5,37.5,37.5,37.5,37.5,37.5,37.5,37.5,37.5,37.5,37.5,37.5,34.1,25.8,25.8,25.8
P069,66.8,66.8,66.8,66.8,66.8,66.8,66.8,66.8,66.8,66.8,66.8,66.8,66.8,66.8,66.8,66.8,71.6,71.6,71.6,71.6,71.6,71.6,71.6,71.6,71.6,71.6,71.6,71.6,71.6,71.6,71.6,71.6,71.6,71.6,71.6,71.6,71.6,71.6,71.6,71.6,71.6,71.6,71.6,71.6,71.6,71.6,71.6,71.6,71.6,71.8,73.59,72.8,72.8,72.8,72.8,72.8,72.8,72.8,72.8,72.8,72.8,72.8,72.8,72.8,72.8,72.8,72.8,72.8,72.8,72.8,72.8,72.8,72.8,72.8,72.8,72.8,72.8,71.97,72.52,57.96,50.74,50.4,50.4,50.4,50.4,50.4,50.4,50.4,50.4,73.55,74.7,74.7,74.7,74.7,74.7,74.7,74.7,74.7,74.7,74.7,74.7,74.7,76.8,75.9,75.1,75.1,75.1,75.1,75.1,75.1,75.1,75.1,75.1,75.1,75.1,75.1,75.1,75.1,75.1,75.1,75.1,75.1,75.1,75.1,75.1,75.1,75.1,75.1,75.1,75.1,75.1,75.1,75.1,75.1,75.1,75.1,75.1,75.1,75.1,75.1,75.1,75.1,75.1,75.1,75.1,75.1,75.1,75.1,75.1,75.1,75.1,75.1,75.1,75.1,75.1,75.1,75.1,75.1,75.1,75.1,75.1,75.1,75.1,75.1,75.1,75.1,75.1,75.1,75.1,75.1,75.1,75.1,75.1,73.7,73.0,70.1,62.4,44.76,40.5,28.39,25.54,25.3,25.3,25.3,25.3,25.3,25.3,25.3,25.3,25.3,25.3,25.3,25.3,54.3,68.7,68.7,68.7,68.7,68.7,68.7,68.7,68.7,68.7,68.7,68.7,68.7,68.7,68.7,68.7,68.7,69.0,72.2,72.2,72.2,72.2,72.2,72.2,72.2,72.2,72.2,72.2,72.2,72.2,72.2,72.2,72.2,72.2,72.2,72.2,72.2,72.2,72.2,72.2,72.2,72.2,72.2,72.2,72.2,72.2,72.2,72.2,72.2,72.2,72.2,72.2,72.2,72.2,72.2,72.2,72.2,72.2,72.2,72.2,72.2,72.2,72.2,72.2,72.2,72.2,72.2,72.2,72.6,72.0,71.0,71.0,62.93,59.7,57.7,57.7,57.7,57.7,57.7,57.7,57.7,57.7,57.7,57.7,57.7,57.7,57.7,57.7,57.7,57.7,57.7,57.7,57.7,57.7,57.7,57.7,57.7,57.7,57.7,57.7,57.7,57.7,57.7,57.7,57.7,57.7,57.7,57.7,57.7,57.7,57.7,57.7,57.7,57.7,57.7,57.7,57.7,57.7,57.7,57.7,57.7,65.77,67.59,70.97,69.9,72.6,72.6,72.6,72.6,72.6,72.6,55.67,42.13,41.7,41.7,59.25,65.4,53.1,39.0,28.5,27.4,52.76,65.1,29.05,22.8,29.76,66.0,69.9,69.9,69.9,69.9,69.9,69.9,69.9,69.9,69.9,69.9,69.9,69.9,69.9,69.9,69.9,69.9,69.9,69.9,69.9,69.9,69.9,69.9,69.9,69.9,69.9,69.9,69.9,69.9,69.9,69.9,69.9,65.09,29.0,70.8,70.8,52.22,62.2,62.2,62.2,62.2,62.2,62.2,62.2,62.2,62.2,55.07,49.2,50.2,50.2,50.2,50.2,50.2,50.2,50.2,38.09,36.7,36.7,39.69,42.9,42.9,42.9,42.9,42.9,42.9,42.9,42.9,42.9,42.9,42.9,41.0,26.1,26.1,26.1,39.88,42.1,42.1,42.1,42.1,42.1,40.5,40.5,38.6,38.6,38.6,38.6,38.6,38.6,38.6,38.6,38.6,38.6,38.6,38.6,38.6,38.6,38.6,20.84,9.18,7.3,7.3,7.3,7.3,7.3,7.3,7.3,7.3,7.3,7.3,7.3,7.3,6.2,6.2,6.2,6.2,6.2,6.2,6.2,6.2,6.2,6.2,6.2,6.2,6.2,6.2,6.2,6.2,6.2,6.2,6.2,6.2,6.2,6.2,6.2,6.2,6.2,6.2,6.2,6.2,6.2,40.7,49.64,51.0,51.0,51.0,51.0,51.0,51.0,51.0,57.5,57.5,56.8,56.8,56.8,56.8,55.32,51.0,51.0,51.0,51.0,51.0,51.0,51.0,51.0,51.0,51.0,51.0,51.0,51.0,51.0,51.0,51.0,51.0,51.0,51.0,51.0,51.0,51.0,51.0,51.0,51.0,51.0,51.0,51.0,51.0,51.0,50.1,42.2,33.44,30.1,30.1,30.1,30.1,19.9,19.9,19.9,19.9,19.9,19.9,11.6,11.6,11.6,11.6,11.6,11.6,11.6,11.6,11.6,11.6,11.6,5.0,5.0,5.0,5.0,5.0,5.0,5.0,5.0,5.0,5.0,5.0,5.0,5.0,5.0,5.0,5.0,5.0,5.0,5.0,5.0,5.0,5.0,5.0,5.0,5.0,5.0,5.0,5.0,5.0,5.0,5.0,5.0,5.0,5.0,5.0,5.0,5.0,5.0,5.0,5.0,5.0,5.0,5.0,5.0,5.0,5.0,5.0,16.48,25.47,27.6,27.6,27.6,27.6,35.25,39.55,44.6,44.6,44.6,44.6,50.2,50.8,50.8,46.13,44.8,44.8,44.8,44.8,44.8,44.8,44.8,44.8,20.8,5.8,5.8,5.0,5.0,5.0,3.9,3.9,3.9,3.9,3.9,3.9,3.9,3.9,3.9,3.9,3.9,3.9,3.9,3.9,3.9,3.9,3.9,3.9,3.9,3.9,3.9,3.9,3.9,3.9,3.9,3.9,3.9,3.9,3.9,3.9,3.9,3.9,3.9,3.9,3.9,13.78,23.22,25.7,25.7,25.7,25.7,27.37,27.4,27.4,27.4,27.4,27.4,28.63,34.4,52.3,56.17,56.2,56.2,56.2,56.2,56.2,56.2,55.6,55.4,43.88,42.5,42.5,42.5,42.5,42.5,42.5,42.5,42.5,42.5,61.0,61.0,60.4,60.4,60.4,60.6,60.0,60.0,60.0,60.0,60.0,60.8,60.8,60.8,60.8,60.8,60.8,60.8,60.8,60.8,60.8,60.8,60.8,60.8,60.8,60.8,60.8,60.8,60.8,60.8,60.8,60.8,60.8,60.8,60.8,60.8,60.8,60.8,60.8,60.8,60.8,60.8,60.8,60.8,60.8,60.8,60.8,60.8,60.8,60.8,60.8,60.8,60.8,60.8,60.8,60.8,60.8,60.8,60.8,60.8,60.8,60.8,60.8,60.8,60.8,60.8,60.8,60.8,60.8,60.8,60.8,60.8,74.91,73.0,73.0,73.0,73.0,73.0,73.0,73.0,73.0,73.0,73.0,73.0,73.0,73.0,73.0,73.0,73.0,73.0,73.0,73.0,73.0,83.67,91.1,93.4,93.4,93.4,93.4,93.4,93.4,93.4,93.4,93.4,93.4,93.4,93.4,93.4,93.4,93.4,93.4,93.4,93.4
P070,75.7,75.7,75.7,75.7,75.2,70.6,70.6,70.6,70.6,70.6,53.7,50.76,48.5,50.0,50.0,50.0,50.0,50.0,50.0,50.0,50.0,50.0,50.0,50.0,50.0,50.0,50.0,50.0,50.0,50.0,50.0,50.0,50.0,50.0,50.0,50.0,50.0,50.0,50.0,50.0,56.3,61.5,61.9,61.9,61.9,61.9,61.9,61.9,61.9,61.9,66.1,66.1,70.0,41.88,28.1,28.1,28.1,47.8,47.8,47.8,49.3,50.4,50.4,50.4,50.4,50.4,50.4,50.4,50.4,50.4,50.4,50.4,50.4,50.4,50.4,50.4,57.0,65.9,65.9,65.9,65.9,65.9,65.9,65.9,65.9,65.9,65.9,65.9,65.9,65.9,65.9,65.9,65.9,65.9,65.9,65.9,65.9,65.9,48.5,27.8,27.8,27.8,27.8,27.8,27.8,27.8,27.8,27.8,27.8,27.8,27.8,27.8,27.8,27.8,27.8,27.8,27.8,27.8,27.8,27.8,27.8,27.8,27.8,27.8,27.8,27.8,27.8,27.8,27.8,27.8,27.8,27.8,27.8,27.8,27.8,27.8,27.8,27.8,27.8,27.8,27.8,27.0,18.1,18.1,18.1,18.1,18.1,18.1,18.1,18.1,18.1,18.1,18.1,18.1,18.1,18.1,18.1,18.1,18.1,18.1,18.1,18.1,18.1,18.1,18.1,18.1,18.1,18.1,18.1,18.1,18.1,18.1,18.1,18.1,18.1,18.1,18.1,18.1,18.1,18.1,18.1,18.1,18.1,18.1,18.1,18.1,18.1,18.1,18.1,18.1,18.1,18.1,18.1,18.1,18.1,18.1,18.1,18.1,18.1,18.1,18.1,18.1,18.1,18.1,18.1,18.1,18.1,18.1,18.1,18.1,18.1,18.1,18.1,18.1,18.1,18.1,18.1,18.1,18.1,18.1,18.1,18.1,18.1,18.1,18.1,18.1,18.1,18.1,18.1,18.1,18.1,18.1,18.1,18.1,18.1,18.1,17.22,0.0,4.1,5.9,5.9,5.9,5.9,5.9,5.9,5.9,5.9,5.9,5.9,5.9,5.9,5.9,5.9,5.9,5.9,5.9,5.9,5.9,5.9,5.9,5.9,5.9,5.9,5.9,5.9,5.9,5.9,5.9,5.9,5.9,5.9,5.9,5.9,6.1,48.3,50.6,50.6,50.6,50.6,50.6,50.6,50.6,50.6,50.6,50.6,50.6,50.6,50.6,50.6,50.6,50.6,50.4,50.2,61.7,61.7,61.7,61.7,61.7,61.7,61.7,61.7,61.7,61.7,61.7,61.7,61.7,61.7,61.7,61.7,61.7,61.7,61.7,61.7,61.7,61.7,61.7,61.7,61.7,61.7,61.7,61.7,61.7,61.7,61.7,61.7,61.7,61.7,61.7,61.7,61.7,61.7,61.7,61.7,61.7,61.7,61.7,61.7,61.7,61.7,61.7,61.7,61.7,61.7,61.7,61.7,54.4,49.6,49.6,49.6,49.6,49.6,49.6,49.6,49.6,49.6,49.6,49.6,49.6,49.6,49.6,49.6,49.6,49.6,49.6,49.6,49.6,49.6,49.6,49.6,49.6,62.2,62.4,62.4,62.4,62.4,62.4,62.4,62.4,62.4,62.4,62.4,62.4,62.4,62.4,62.4,62.4,62.4,62.4,62.4,62.4,62.4,62.4,62.4,62.4,62.4,62.4,62.4,62.4,62.4,62.4,62.4,62.4,62.4,62.4,62.4,62.4,62.4,62.4,62.4,62.4,62.4,62.4,62.4,62.4,62.4,62.4,62.4,62.4,62.4,62.4,62.4,62.4,62.4,62.4,62.4,62.4,62.4,62.4,62.4,62.4,62.4,62.4,62.4,62.4,62.4,62.4,62.4,62.4,62.4,62.4,62.4,62.4,62.4,62.4,62.4,62.4,62.4,62.4,62.4,62.4,62.4,62.4,62.4,62.4,62.4,62.4,62.4,62.4,62.4,62.4,62.4,62.4,62.4,62.4,62.4,62.4,64.1,64.1,64.1,64.1,64.1,64.1,64.1,64.1,64.1,64.1,64.1,64.1,64.1,64.1,64.1,64.1,64.1,64.1,64.1,64.1,64.1,64.1,64.1,64.1,64.1,64.1,64.1,64.1,64.1,64.1,64.1,64.1,64.1,64.1,64.1,64.1,64.1,64.1,64.1,64.1,64.1,64.1,64.1,64.1,64.1,64.1,64.1,64.1,64.1,52.0,51.5,50.6,49.4,49.4,49.4,71.9,71.9,71.9,71.9,71.9,71.9,71.9,71.9,71.9,71.9,71.9,71.9,71.9,71.9,71.9,71.9,71.9,71.9,71.9,71.9,71.9,86.5,86.5,86.5,86.5,86.5,86.5,86.5,86.5,86.5,86.5,86.5,86.5,86.5,86.5,86.5,86.5,86.5,86.5,86.5,86.5,86.5,86.5,86.5,86.5,86.5,86.5,86.5,86.5,86.5,86.5,86.5,86.5,86.5,86.5,86.5,86.5,86.5,86.5,86.5,33.3,33.3,33.3,33.3,33.3,33.3,33.3,33.3,33.3,33.3,33.3,33.3,33.3,33.3,33.3,33.3,33.3,33.3,33.3,33.3,33.3,33.3,33.3,33.3,33.3,33.3,33.3,33.3,33.3,33.3,80.9,80.9,80.9,80.9,80.9,80.9,80.9,80.9,80.9,80.9,80.9,80.9,80.9,80.9,43.7,25.9,25.9,25.9,25.9,25.9,25.9,25.9,25.9,25.9,25.9,25.9,25.9,25.9,25.9,25.9,25.9,25.9,25.9,25.9,25.9,25.9,25.9,25.9,25.9,25.9,25.9,25.9,25.9,25.9,25.9,25.9,25.9,25.9,25.9,25.9,25.9,25.9,25.9,25.9,25.9,25.9,25.9,25.9,25.9,25.9,25.9,25.9,55.2,50.7,50.7,50.7,50.7,50.7,50.7,50.7,50.7,50.7,50.7,50.7,50.7,50.7,50.7,50.7,50.7,50.7,50.7,50.7,69.1,74.1,77.0,77.0,77.0,77.0,77.0,77.0,77.0,77.0,77.0,77.0,77.0,77.0,77.0,77.0,77.0,77.0,77.0,77.0,57.83,50.6,50.2,50.2,50.2,50.2,50.2,60.9,72.2,50.6,50.9,50.9,50.9,50.9,50.9,50.9,50.9,50.9,63.3,63.3,63.3,63.3,63.3,63.3,63.3,52.61,52.2,61.1,61.1,60.9,60.9,60.9,60.9,60.9,51.3,50.9,50.7,50.7,50.7,50.7,50.7,50.7,50.7,50.7,50.7,50.7,50.7,50.7,50.7,50.7,50.7,50.7,50.7,50.7,50.7,50.7,50.7,50.7,50.7,50.7,50.7,50.7,50.7,50.7,50.7,50.7,50.7,50.7,50.7,53.5,49.8,40.4,41.9,50.7,50.6,50.6,50.6,50.6,50.6,50.6,50.6,50.6,50.6,50.6,50.6,50.6,50.6,69.6,76.3,91.1,84.1,84.1,84.1,84.1,84.1
P071,64.5,64.5,64.5,64.5,64.5,64.5,64.5,64.5,64.5,64.5,64.5,64.5,64.5,64.5,64.5,64.5,62.2,60.12,59.0,59.6,59.6,59.6,59.6,59.6,59.6,59.6,59.6,59.6,59.6,59.6,59.6,59.6,59.6,59.6,59.6,59.6,59.6,59.6,59.6,59.6,59.6,59.6,59.6,59.6,59.6,59.6,59.6,59.6,59.6,59.6,59.6,59.6,59.6,59.6,59.6,59.6,59.6,59.6,59.6,59.6,59.6,59.6,59.6,59.6,59.6,59.6,59.6,59.6,59.6,59.6,59.6,59.6,59.6,59.6,59.6,59.6,59.6,59.6,59.6,59.6,65.7,66.7,47.95,43.43,35.6,35.6,35.6,35.6,35.6,35.6,35.6,35.6,35.6,35.6,35.6,35.6,35.6,35.6,35.6,35.6,35.6,35.6,35.6,35.6,35.6,35.6,29.63,28.7,28.7,28.7,28.7,27.3,25.6,24.5,24.5,24.5,24.4,24.4,24.5,25.6,25.6,25.6,25.6,25.6,25.6,25.6,25.6,25.6,25.6,16.71,9.0,0.0,0.0,0.0,0.0,0.0,0.0,0.0,0.0,0.0,0.0,0.0,0.0,0.0,0.0,0.0,0.0,0.0,0.0,0.0,0.0,0.0,0.0,0.0,0.0,0.0,0.0,0.0,0.0,0.0,0.0,0.0,0.0,0.0,0.0,0.0,0.0,0.0,0.0,0.0,0.0,0.0,0.0,0.0,0.0,0.0,0.0,0.0,0.0,0.0,0.0,3.78,8.08,18.33,19.3,19.3,19.3,19.3,26.13,30.6,30.6,30.6,30.6,30.6,33.15,37.34,39.5,39.5,39.5,39.5,39.5,39.5,39.5,39.5,39.5,39.5,26.39,17.4,17.4,17.4,17.4,17.4,17.4,17.4,17.4,17.4,17.4,17.4,17.4,17.4,17.4,17.4,17.4,17.4,17.4,17.4,17.4,17.4,17.4,17.4,17.4,17.4,17.4,17.4,17.4,17.4,17.4,17.4,17.4,17.4,17.4,17.4,17.4,17.4,17.4,17.4,17.4,17.4,17.4,17.4,17.4,17.4,17.4,17.4,17.4,17.4,17.4,17.4,17.4,17.4,17.4,17.4,17.4,17.4,17.4,17.4,17.4,37.3,42.32,44.0,44.0,44.0,44.0,44.0,44.0,44.0,44.0,44.0,44.0,44.0,44.0,44.0,44.0,44.0,44.0,44.0,44.0,44.0,44.0,44.0,44.0,44.0,44.0,44.0,44.24,51.68,55.7,58.2,63.95,64.7,64.7,64.7,64.7,64.7,64.7,64.7,64.7,64.7,64.7,64.7,64.7,64.7,64.7,64.7,64.7,64.7,64.7,64.7,64.7,64.7,64.7,64.7,64.7,64.7,64.7,64.7,64.7,64.7,64.7,64.7,64.7,64.7,64.7,64.7,64.7,64.7,64.7,64.7,64.7,64.7,64.7,64.7,64.7,64.7,64.7,64.7,64.7,64.7,64.7,64.7,64.7,64.7,64.7,64.7,64.7,64.7,64.7,64.7,64.7,64.7,64.7,64.7,64.7,64.7,64.7,64.7,64.7,64.7,64.7,64.7,64.7,64.7,64.7,64.7,64.7,64.7,64.7,64.7,64.7,64.7,64.7,64.7,64.7,64.7,64.7,64.7,64.7,64.7,64.7,64.7,64.7,64.7,64.7,64.7,64.7,64.7,64.7,64.7,64.7,64.7,64.7,64.7,64.7,64.7,64.7,64.7,64.7,64.7,64.7,64.7,64.7,64.7,64.7,64.7,64.7,64.7,64.7,64.7,66.42,62.5,63.0,63.0,63.0,63.0,63.0,75.95,79.0,79.0,79.0,79.0,79.0,79.0,79.0,79.0,79.0,79.0,79.0,79.0,79.0,79.0,79.0,79.0,79.0,79.0,79.0,79.0,79.0,79.0,79.0,79.0,79.0,79.0,79.0,79.0,79.0,79.0,79.0,79.0,79.0,79.0,79.0,79.0,79.0,79.0,79.0,79.0,79.0,79.0,79.0,79.0,79.0,79.0,79.0,79.0,79.0,79.0,79.0,79.0,79.0,79.0,79.0,79.0,79.0,79.0,79.0,79.0,79.0,79.0,79.0,79.0,79.0,79.0,79.0,79.0,82.45,99.42,96.0,96.0,96.0,96.0,96.0,96.0,96.0,96.0,96.0,96.0,96.0,96.0,96.0,96.0,96.0,96.0,96.0,96.0,96.0,96.0,96.0,96.0,96.0,96.0,96.0,96.0,96.0,96.0,96.0,96.0,96.0,96.0,96.0,96.0,96.0,96.0,96.0,96.0,96.0,96.0,96.0,96.0,96.0,96.0,96.0,96.0,96.0,96.0,96.0,96.0,96.0,96.0,96.0,96.0,96.0,96.0,96.0,96.0,96.0,96.0,96.0,96.0,96.0,96.0,96.0,96.0,96.0,96.0,96.0,96.0,96.0,96.0,96.0,96.0,96.0,96.0,96.0,96.0,96.0,96.0,96.0,96.0,96.0,96.0,96.0,96.0,96.0,96.0,96.0,96.0,96.0,96.0,96.0,96.0,96.0,96.0,96.0,96.0,96.0,96.0,96.0,89.0,71.5,71.5,71.5,71.5,71.5,71.5,71.5,71.5,71.5,71.5,71.5,71.5,71.5,72.65,73.5,73.5,73.5,73.5,73.5,73.5,73.5,73.5,73.5,73.5,73.5,23.19,23.8,23.8,21.79,1.9,1.9,1.9,1.9,1.9,1.9,1.9,1.9,1.9,1.9,1.9,1.9,1.9,1.9,1.9,1.9,1.9,1.9,1.9,1.9,1.9,1.9,1.9,1.9,1.9,1.9,1.9,1.9,1.9,1.9,1.9,1.9,1.9,1.9,1.9,1.9,1.9,1.9,1.9,1.9,1.9,4.68,6.0,5.6,5.6,5.6,5.6,5.6,5.6,5.6,5.6,5.6,5.6,5.6,9.07,26.17,31.06,31.2,36.19,43.4,49.52,57.6,57.6,58.25,66.5,66.5,66.5,66.5,66.5,66.5,66.5,66.5,66.5,66.5,66.5,66.5,66.5,66.5,66.5,66.5,66.5,66.5,66.5,66.5,66.5,70.2,69.9,69.9,69.9,69.9,69.9,69.9,69.9,69.9,69.9,58.23,46.8,36.6,36.6,36.6,36.6,36.6,36.6,36.6,36.6,36.6,36.6,36.6,36.6,36.6,36.6,36.6,36.6,36.6,61.1,58.5,58.5,58.5,58.5,58.5,58.5,58.5,58.5,67.56,67.4,67.4,67.4,67.4,67.4,67.4,67.4,67.4,67.4,67.4,66.4,56.09,54.2,51.85,50.6,52.8,50.9,50.9,50.9,50.9,50.9,50.9,50.9,50.9,30.6,29.5,29.5,29.5,29.5,29.5,29.5,29.5,29.5,29.5,29.5,29.5,29.5,29.5,29.5,29.5,29.5,29.5,29.5,29.5,29.5,29.5,29.5,29.5,29.5,29.5,56.74,58.2,58.2,58.2,58.2,58.2,58.2
P072,50.0,50.0,50.0,50.0,50.0,50.0,50.0,50.0,50.0,35.91,25.0,25.0,25.0,25.8,70.22,78.1,68.8,70.8,70.8,70.8,70.8,72.26,70.47,74.42,76.52,78.4,78.4,78.4,76.48,71.04,69.72,75.9,74.7,74.7,74.7,74.7,74.7,74.7,74.7,71.1,71.0,70.7,69.0,69.0,69.0,69.0,70.84,71.9,71.9,71.9,71.9,71.9,71.9,71.9,71.9,71.9,71.9,71.9,71.9,71.9,71.9,71.9,71.9,71.9,71.9,70.35,68.7,68.66,59.27,51.84,51.7,51.7,50.8,50.6,50.6,50.5,50.2,50.2,51.4,51.1,51.1,51.1,51.1,51.1,51.1,51.1,51.1,51.1,51.1,51.1,51.1,51.1,50.9,50.9,50.9,50.9,50.76,51.2,53.75,56.3,58.6,58.6,58.6,58.6,58.6,58.6,58.6,58.6,58.6,58.6,58.6,58.6,58.6,58.6,58.6,51.35,45.79,44.1,46.3,48.1,48.9,48.6,48.6,48.6,48.6,48.6,48.6,48.6,48.6,48.6,48.6,48.6,48.6,48.6,48.6,48.6,48.6,48.6,49.1,49.1,48.9,48.9,48.9,48.9,48.6,47.47,46.9,43.0,41.35,41.2,41.2,41.2,41.2,41.2,41.2,41.2,41.2,41.2,41.2,42.32,44.15,45.5,46.81,48.82,49.5,49.5,49.5,49.5,49.5,49.5,49.5,49.5,49.5,49.5,49.5,49.5,49.5,49.4,48.9,49.1,49.05,45.7,41.68,39.4,39.4,39.4,39.4,39.4,37.7,37.7,40.12,41.0,41.0,41.0,44.43,46.82,48.15,49.2,50.53,53.24,53.7,53.9,53.7,53.7,53.7,53.7,53.7,53.7,53.7,53.7,53.7,53.7,53.7,53.7,53.7,53.7,53.7,53.7,53.7,53.7,53.7,53.7,53.7,53.7,53.7,53.7,53.7,53.7,49.95,46.5,44.28,41.38,38.27,38.1,38.1,38.1,38.1,38.1,38.1,38.1,38.1,38.1,38.1,38.1,41.2,47.8,49.2,49.2,49.2,49.2,49.2,49.2,49.2,49.2,49.2,49.2,49.2,49.2,49.2,49.2,49.2,49.2,49.2,49.2,49.2,49.2,49.2,49.2,49.2,49.2,49.2,49.2,49.7,50.2,50.2,50.2,50.2,50.2,50.2,50.2,50.2,50.2,50.2,50.2,50.2,50.2,50.2,50.2,50.2,50.2,50.2,50.2,50.2,50.2,50.2,50.2,50.2,50.2,50.2,50.2,50.2,50.2,50.2,50.2,50.2,50.2,50.2,50.2,50.2,50.2,50.2,48.3,48.56,45.49,44.3,44.3,44.3,44.3,44.3,44.3,44.3,44.3,44.3,44.3,44.3,50.83,54.23,58.5,58.6,58.2,57.6,57.37,56.8,56.6,56.2,56.2,54.5,53.9,53.7,53.7,53.7,53.7,53.7,53.7,53.7,53.7,53.7,54.8,56.5,58.3,60.71,63.75,66.05,68.4,70.1,73.2,75.82,76.1,76.1,76.1,76.1,76.1,76.1,76.1,76.1,76.1,76.1,76.1,66.33,61.4,65.47,70.52,73.3,74.91,79.34,79.8,79.8,79.8,79.8,79.8,79.8,79.8,79.8,79.8,79.8,79.8,79.8,79.8,79.8,79.8,79.8,79.8,79.8,79.8,79.8,79.8,79.8,79.8,79.8,79.8,81.82,82.3,82.3,83.0,83.28,84.0,85.85,87.54,88.0,88.0,88.0,88.0,87.11,77.69,73.3,73.3,73.3,73.3,73.3,73.3,73.3,73.3,73.3,73.3,71.9,71.9,71.5,70.8,72.2,73.38,76.24,77.83,80.4,81.0,81.0,81.0,66.14,57.93,43.72,40.66,38.98,37.95,27.85,26.9,30.81,36.32,37.2,27.76,24.97,21.8,17.39,15.37,14.2,14.0,14.0,14.0,14.0,14.0,14.0,14.0,13.85,13.9,15.3,16.5,17.1,17.1,17.1,16.5,16.5,16.5,16.5,16.5,16.5,16.5,16.5,16.5,16.5,16.5,16.5,16.5,16.5,16.5,16.5,16.5,16.5,16.5,16.5,16.5,16.5,16.5,16.5,16.5,16.5,16.5,16.5,16.5,16.5,16.78,19.84,21.93,22.1,22.1,22.1,22.1,20.8,20.8,20.8,20.8,20.8,20.8,20.8,20.8,20.8,20.8,20.8,20.8,20.8,20.8,20.8,20.8,20.8,20.8,20.8,20.8,20.8,20.8,20.8,20.8,20.8,20.8,20.8,20.8,20.8,20.8,20.8,20.8,20.8,20.8,20.8,20.8,20.8,20.8,20.8,20.8,20.8,20.8,20.8,20.8,20.8,22.85,26.53,32.6,35.74,41.54,47.25,50.65,55.66,59.93,63.7,63.7,63.7,63.7,63.7,63.7,63.7,63.7,63.7,63.7,63.7,63.7,63.7,63.7,63.7,63.7,63.7,63.7,47.31,32.62,20.07,14.12,9.53,4.75,3.07,1.2,0.0,0.0,0.0,0.0,0.0,0.0,0.0,0.0,0.0,0.0,0.81,4.0,8.52,6.3,1.13,0.0,0.0,0.0,0.0,0.0,0.0,0.0,0.0,0.0,0.0,0.0,0.0,0.0,0.0,0.0,0.0,0.0,0.0,0.0,0.0,0.0,0.0,0.0,0.0,0.0,0.0,0.0,0.0,0.0,0.0,0.0,0.0,0.0,0.0,0.0,0.0,0.0,0.0,0.0,0.0,0.0,0.0,1.56,3.5,4.0,2.2,1.9,1.9,1.9,7.42,9.45,10.85,11.0,11.0,11.0,11.0,11.0,11.0,11.0,11.0,11.0,11.0,11.0,11.0,11.0,11.0,11.0,11.0,11.0,11.0,11.0,11.0,11.0,11.0,11.0,11.0,11.0,12.76,16.24,18.55,24.91,32.33,33.6,33.6,33.6,33.6,33.6,33.6,33.6,33.6,33.6,43.2,47.71,50.6,57.93,64.23,63.9,63.9,63.9,63.9,63.9,63.9,63.9,63.9,69.21,72.8,73.8,73.8,73.8,73.8,73.8,73.8,73.8,73.8,73.8,73.8,73.8,73.8,73.8,73.8,73.8,73.8,73.8,73.8,73.8,73.8,73.8,73.8,73.8,73.8,72.2,70.2,62.16,57.6,55.1,51.2,51.2,51.2,51.2,51.2,51.2,51.2,51.2,51.2,51.2,51.2,51.2,51.2,51.2,51.2,51.2,51.2,51.2,51.2,51.2,51.2,51.2,51.2,51.2,51.2,51.2,51.2,51.2,51.2,51.2,51.2,51.2,51.2,51.2,51.2,51.2,51.2,51.2,51.2,51.2,51.2,51.2,51.2,51.2,51.2,49.8,47.96,48.3,50.53,55.61,60.21,61.9,65.91,69.03,69.1,69.8,71.5,72.8,75.52,81.03,84.32,88.17,93.5,97.47,100.0,100.0,100.0,100.0,100.0,100.0,100.0,100.0,100.0,100.0
P073,74.3,74.3,70.36,70.3,70.3,70.3,70.3,70.3,70.3,70.3,70.3,70.3,70.3,70.3,70.3,70.3,70.3,70.3,70.3,70.3,70.3,70.3,70.3,70.3,70.3,68.5,68.1,68.1,68.1,68.1,68.1,68.1,68.1,68.1,68.1,68.1,68.1,68.1,68.1,68.1,68.1,68.1,68.1,68.1,68.1,68.1,68.1,68.1,68.1,68.1,68.1,68.1,68.1,68.1,68.1,68.1,68.1,68.1,68.1,68.1,68.1,68.1,68.1,68.1,68.1,68.1,68.1,68.1,68.1,68.1,68.1,68.1,68.1,68.1,68.1,60.6,60.6,60.6,60.6,60.6,60.6,60.6,60.6,60.6,60.6,60.6,60.6,60.6,60.6,60.6,60.6,60.6,60.6,60.6,60.6,60.6,60.6,60.6,60.6,60.6,60.6,60.6,60.6,60.6,60.6,60.6,60.6,60.6,60.6,60.6,60.6,60.6,60.6,60.6,60.6,60.6,60.6,60.6,60.6,60.6,60.6,60.6,60.6,60.6,60.6,60.6,60.6,60.6,60.6,60.6,60.6,60.6,60.6,60.6,60.6,60.6,60.6,60.6,60.6,60.6,60.6,60.6,60.6,60.6,60.6,60.6,60.6,60.6,60.6,60.6,60.6,60.6,60.6,60.6,60.6,60.6,60.6,60.6,60.6,60.6,60.6,60.6,60.6,60.6,60.6,60.6,60.6,60.6,60.6,60.6,60.6,60.6,60.6,60.6,60.4,60.4,60.4,60.4,60.4,60.4,60.4,60.4,60.4,60.4,60.4,60.4,60.4,60.4,60.4,60.4,60.4,60.4,60.4,60.4,60.4,60.4,60.4,60.4,60.4,60.4,60.4,60.4,60.4,61.6,62.5,62.65,62.5,61.4,61.4,61.4,61.4,63.1,63.1,63.1,63.1,62.7,62.7,62.4,62.4,62.4,62.4,62.4,62.4,62.4,62.4,62.4,62.4,62.4,62.4,62.4,62.4,62.4,62.4,62.4,62.4,62.4,62.4,62.4,62.4,62.4,62.4,62.4,62.4,62.4,62.4,62.4,62.4,62.4,62.4,62.2,62.2,62.2,62.2,62.2,62.2,62.2,62.2,62.2,62.2,62.2,62.2,62.2,62.2,62.2,62.2,62.2,62.2,62.2,62.2,62.2,62.2,62.2,62.2,62.2,62.2,62.2,62.2,62.2,62.2,62.2,62.2,62.2,62.2,62.2,62.2,62.2,62.2,62.2,62.2,62.2,62.2,62.2,62.2,62.2,62.2,62.2,62.2,62.2,62.2,62.2,62.2,62.2,62.2,62.2,62.2,62.2,62.2,62.2,62.2,62.2,62.2,62.2,62.2,62.2,62.2,62.2,62.2,62.2,62.2,62.2,62.2,62.2,42.57,71.4,71.3,65.6,65.6,65.4,65.4,65.4,63.5,64.46,64.7,64.7,63.5,63.5,63.5,63.5,63.5,63.5,63.5,63.3,63.3,63.3,63.3,63.3,61.2,61.2,61.2,61.2,61.2,61.2,61.2,61.2,61.2,61.2,61.2,61.2,61.2,61.2,61.2,61.2,61.2,61.2,61.2,61.2,61.2,61.2,61.2,61.2,61.2,61.2,58.1,56.6,56.6,56.6,56.6,56.6,56.6,56.6,56.6,56.6,56.6,56.6,56.6,56.6,56.6,56.6,56.6,56.6,56.6,56.6,56.6,56.6,56.6,52.9,47.14,45.4,45.4,45.4,44.8,43.2,43.2,43.2,43.2,43.2,43.2,43.2,43.2,43.2,43.2,43.2,43.2,43.2,43.2,43.2,43.2,43.2,43.2,43.2,43.2,43.2,43.2,43.2,43.2,43.2,43.2,43.2,43.2,43.2,43.2,43.2,43.2,43.2,43.2,43.2,43.2,43.2,43.2,43.2,43.2,43.2,43.2,43.2,43.2,43.2,43.2,43.2,43.2,43.2,43.2,43.2,43.2,43.2,43.2,43.2,43.2,43.2,43.2,43.2,43.2,43.2,43.2,43.2,43.2,43.2,43.2,43.2,43.2,43.2,43.2,43.2,43.2,43.2,43.2,43.2,43.2,43.2,43.2,43.2,43.2,43.2,43.2,43.2,43.2,43.2,43.2,43.2,43.2,43.2,43.2,43.2,43.2,43.2,43.2,43.2,43.2,43.2,43.2,43.2,43.2,43.2,43.2,43.2,43.2,43.2,43.2,43.2,43.2,43.2,45.0,45.8,41.9,41.9,41.9,42.9,42.9,42.9,43.4,44.0,44.0,44.0,44.0,44.0,44.0,43.4,43.4,43.4,43.4,43.4,43.4,43.4,45.6,45.6,45.6,45.6,48.86,59.3,59.5,59.5,59.5,59.5,59.5,59.5,59.5,59.5,59.5,59.5,59.5,59.5,59.5,59.5,59.5,59.5,59.5,59.5,59.5,59.5,59.5,59.5,59.5,59.5,59.5,59.5,59.5,59.5,59.5,59.5,59.5,59.5,59.5,59.5,59.5,59.5,59.5,59.5,59.5,59.5,59.5,59.5,59.5,59.5,59.5,59.5,59.5,59.5,59.5,59.5,59.5,59.5,59.5,59.5,59.5,59.5,59.5,59.5,59.5,59.5,59.5,59.5,59.5,59.5,59.5,59.5,59.5,59.5,59.5,59.5,59.5,59.5,59.5,59.5,59.5,59.5,59.5,59.5,59.5,59.5,59.5,59.5,59.5,59.5,59.5,59.5,59.5,59.5,59.5,59.5,59.5,59.5,59.5,59.1,60.13,70.72,72.8,71.4,71.4,71.4,71.4,71.4,71.4,71.4,71.1,59.2,53.95,46.35,39.18,31.61,31.3,31.3,31.3,31.3,31.3,31.3,31.3,31.3,31.3,31.3,31.3,31.3,31.3,31.3,31.3,31.3,31.3,31.3,31.3,31.3,31.3,31.3,31.3,31.3,31.3,31.3,31.3,31.3,31.3,31.3,31.3,31.3,31.3,31.3,31.3,31.3,31.3,31.3,31.3,31.3,31.3,31.3,31.3,31.3,31.3,31.3,31.3,31.3,31.3,31.3,31.3,31.3,31.3,31.3,31.3,31.3,31.3,31.3,31.3,31.3,31.3,31.3,31.3,31.3,31.3,31.3,31.3,31.3,31.3,31.3,31.5,31.5,49.6,43.4,43.4,76.3,76.3,76.4,76.4,76.4,76.4,76.4,75.9,75.9,75.9,75.9,75.9,75.9,75.9,75.9,75.9,75.9,75.9,75.9,75.9,75.9,75.9,75.9,75.9,75.9,75.9,75.9,75.9,75.9,75.9,75.9,75.9,75.9,75.9,75.9,75.9,75.9,75.9,75.9,75.9,75.9,75.9,75.9,75.9,75.9,75.9,75.9,75.9,75.9,75.9,75.9,75.9,75.9,75.9,75.9,75.9,75.9,75.9,75.9,75.9,75.9,75.9,75.9,75.5,76.3,75.9,73.9,73.6,73.4,73.4,73.4,73.4,73.4,73.4,73.4,73.4,73.4,73.4,73.4,73.4,73.4,73.4,73.4,73.4,73.4
P074,31.9,31.9,31.9,31.9,34.4,44.15,65.1,73.8,75.2,75.2,75.0,75.0,74.7,74.7,75.9,75.3,75.24,75.2,75.2,75.2,75.2,74.7,74.4,73.9,73.9,73.9,73.6,73.6,73.6,73.6,73.6,73.6,73.6,73.6,73.6,73.6,73.6,73.6,73.6,73.5,73.0,73.0,73.0,73.0,72.8,72.8,72.8,72.8,72.8,72.8,72.8,72.8,72.8,72.8,72.8,72.8,72.8,72.8,72.8,72.8,72.8,72.8,72.8,72.8,72.8,72.8,72.8,72.8,72.8,72.8,72.8,72.8,72.8,72.8,72.8,72.8,72.8,72.8,72.8,72.8,72.8,72.8,63.14,60.24,34.1,32.3,62.73,69.3,70.2,70.2,70.5,70.8,71.3,71.3,71.3,71.1,71.1,66.85,26.93,35.03,33.8,32.6,43.5,47.46,41.5,36.94,39.7,34.9,49.68,39.97,34.9,35.9,39.92,53.04,42.44,28.4,28.4,28.4,28.2,45.06,65.82,70.46,71.1,71.1,71.1,70.44,34.6,34.3,33.2,32.7,33.2,38.28,44.96,50.37,25.3,24.5,24.5,24.5,27.46,32.1,29.31,29.0,29.0,30.41,31.2,39.7,53.7,56.3,42.42,35.8,34.29,33.0,31.32,29.2,29.2,25.6,25.6,25.6,25.6,25.6,25.3,25.3,25.3,25.3,28.5,28.5,28.9,28.9,28.9,28.9,28.9,28.9,29.3,29.8,33.2,32.9,32.4,31.9,31.8,31.6,31.36,32.3,35.0,35.8,40.1,40.1,40.1,69.16,75.3,75.56,75.6,75.6,75.6,75.6,75.3,75.3,75.3,75.3,75.3,75.3,75.2,75.0,75.0,75.0,75.0,75.0,75.0,75.0,75.0,75.0,75.0,75.0,75.0,74.8,74.8,74.8,74.8,74.8,74.8,74.8,74.7,68.1,70.1,70.1,70.1,69.8,69.4,69.4,69.4,69.4,69.92,78.71,77.5,76.5,76.5,76.4,71.9,71.01,72.5,69.4,74.7,71.8,71.5,70.7,72.98,73.3,70.82,34.4,70.4,70.8,70.8,70.8,70.8,70.8,70.8,69.23,45.4,48.56,72.1,72.7,72.7,71.1,70.8,72.5,72.5,72.5,72.5,72.5,72.5,53.95,30.9,31.2,30.94,31.8,34.52,55.87,72.63,61.4,53.2,45.73,34.87,30.1,29.6,29.12,27.68,26.82,27.2,27.8,32.1,34.71,61.91,69.8,71.8,71.8,72.1,72.5,77.12,77.5,75.2,74.2,73.6,74.1,76.34,75.3,75.6,75.9,75.9,75.84,75.6,75.5,75.5,75.5,75.3,74.8,73.68,73.6,72.5,72.2,72.2,72.2,72.2,74.62,75.0,75.0,75.0,75.0,75.0,73.3,73.3,73.3,73.3,73.5,73.5,73.5,73.5,73.5,73.5,73.5,73.5,73.5,73.5,73.5,73.5,73.8,73.8,73.8,73.8,73.8,73.8,73.8,73.8,73.8,73.8,73.8,73.8,73.8,74.2,74.2,74.2,74.2,74.5,74.5,74.5,74.5,74.5,74.5,74.5,74.5,74.5,74.5,76.21,77.0,77.0,75.2,75.2,75.2,73.8,74.38,75.3,74.5,74.7,76.7,76.7,76.7,76.7,76.7,76.7,76.7,76.7,76.7,76.7,76.7,76.7,76.7,76.7,76.7,76.7,76.7,74.1,73.6,73.6,73.6,73.6,73.6,73.6,73.6,75.9,75.9,75.9,76.2,76.2,76.2,76.2,76.5,73.9,73.9,73.9,73.9,73.9,73.9,73.9,70.06,63.7,72.08,76.5,70.5,68.2,76.5,76.7,76.7,76.7,76.7,76.7,76.7,76.7,74.5,74.5,74.4,74.4,72.44,74.4,74.7,74.7,74.7,74.7,74.5,74.5,74.5,72.4,73.3,73.3,75.3,75.8,75.8,75.8,75.8,75.8,75.8,75.8,75.8,75.9,75.9,75.9,75.62,75.5,75.5,72.4,72.1,72.1,72.1,72.1,72.1,72.1,72.1,72.1,72.1,72.1,72.1,72.1,72.1,72.1,72.4,72.5,72.01,70.8,70.8,70.7,70.7,72.1,74.8,72.52,72.4,72.4,72.4,74.1,73.95,72.1,72.7,72.58,65.3,66.8,66.7,68.5,74.2,73.5,73.5,73.1,70.5,71.06,72.2,72.2,72.4,72.4,72.4,72.4,72.4,70.32,68.4,79.5,79.3,79.3,78.5,77.5,77.2,77.2,76.7,76.4,75.62,75.3,75.2,75.2,74.9,74.5,74.4,74.4,74.4,74.4,74.4,74.4,70.38,68.5,69.6,70.4,69.9,69.8,65.1,66.2,69.06,69.8,70.1,70.1,70.1,70.1,70.1,70.2,70.2,70.4,70.4,70.4,70.89,74.8,75.0,75.0,75.0,75.0,75.0,75.0,75.0,75.0,74.5,73.9,72.8,72.7,71.98,71.0,70.4,70.4,72.7,70.4,69.4,66.86,73.14,69.9,73.8,72.7,72.2,72.2,72.2,72.2,73.84,71.8,71.8,71.8,71.49,69.3,69.1,69.0,69.1,67.4,68.1,72.87,71.5,37.81,32.3,34.3,27.5,27.5,69.1,71.8,71.86,72.2,72.46,72.5,72.5,72.5,73.0,75.6,76.02,81.6,80.9,80.6,74.4,74.4,74.4,74.2,74.2,71.8,69.4,68.8,68.8,70.7,71.5,69.8,69.6,69.6,70.4,70.7,70.7,71.0,74.5,74.5,74.5,74.5,74.5,74.7,76.9,74.1,73.8,73.8,73.8,73.5,75.75,77.08,80.94,78.2,78.2,78.1,77.6,77.3,74.32,69.42,65.7,66.8,70.4,71.1,71.1,71.1,71.1,71.48,73.9,73.9,73.9,73.9,73.9,73.9,73.9,73.6,73.6,73.6,73.6,73.6,73.6,74.5,73.92,69.86,72.2,69.1,72.7,73.5,72.2,72.2,72.4,72.1,72.1,70.1,69.9,70.2,70.2,70.2,71.6,71.9,71.9,71.9,71.9,73.92,76.1,79.49,84.1,84.1,82.94,82.1,77.0,76.4,75.0,73.9,73.9,47.83,34.22,67.46,70.08,71.1,71.3,71.5,71.5,71.5,71.3,70.4,70.4,69.84,66.12,67.1,70.22,70.29,72.26,72.7,72.7,72.7,72.8,72.8,69.6,47.14,33.3,32.9,82.3,81.8,81.8,81.8,81.8,81.8,81.8,79.54,78.7,78.7,70.66,59.1,34.76,32.82,64.2,70.1,70.2,70.5,70.5,70.5,70.5,70.5,70.5,70.5,66.32,44.3,33.58,34.82,33.2,33.2,38.24,71.09,71.5,50.2,40.9,40.0,36.6,37.0,37.0,46.6,35.97,30.6,38.08,69.0,69.0,69.3,69.4,69.6,69.6,69.6,69.6,69.9,69.9,69.9,69.9,69.9,69.9,69.9,70.5,70.7,70.7,71.0,71.1,71.1,69.4
P075,90.7,90.7,90.7,90.7,89.4,89.8,89.8,89.8,89.8,89.8,89.8,89.8,89.8,89.8,89.8,89.8,90.0,90.0,90.0,90.0,90.0,90.0,90.0,90.0,90.0,90.0,90.0,90.0,90.0,88.9,88.6,88.6,88.6,88.6,88.6,88.6,88.6,88.6,88.6,88.6,90.94,91.85,92.3,92.3,92.3,92.1,92.1,92.1,92.1,92.1,92.1,92.1,92.1,92.3,92.6,93.7,93.8,93.8,94.1,94.87,94.1,92.4,92.4,91.0,91.0,91.0,91.0,91.0,91.0,91.0,91.0,91.0,91.0,91.0,91.0,91.0,91.0,91.0,91.0,91.0,93.16,92.0,92.6,92.6,92.6,92.6,92.6,92.6,92.6,92.6,92.6,92.6,92.6,92.6,97.07,88.1,88.1,88.1,88.1,88.1,88.1,88.1,88.3,89.4,89.4,89.4,89.4,89.4,89.4,89.4,89.4,89.4,89.4,89.4,89.4,89.4,88.9,91.5,92.4,93.1,90.76,85.2,76.18,71.8,69.12,54.5,57.7,60.6,62.28,54.0,54.0,54.0,54.0,54.0,54.0,54.0,54.0,54.0,54.0,54.0,54.0,54.0,54.0,54.0,54.0,54.0,54.0,54.0,54.0,54.0,54.0,54.0,54.0,54.0,54.0,54.0,54.0,54.0,54.0,54.0,54.0,54.0,54.0,54.0,54.0,54.0,54.0,54.0,54.0,54.0,54.0,54.0,54.0,54.0,54.0,54.0,63.3,63.3,63.3,63.3,63.3,63.3,63.3,63.3,63.3,63.3,63.3,56.43,49.7,45.2,45.2,45.2,45.2,45.2,45.2,45.2,45.2,45.2,45.2,45.2,45.2,45.2,45.2,45.2,45.2,45.2,45.2,45.2,45.2,45.2,45.2,45.2,45.2,45.2,45.2,45.2,45.2,45.2,45.2,45.2,45.2,45.2,45.2,45.2,45.2,45.2,45.2,45.2,45.2,45.2,45.2,45.2,45.2,45.2,49.43,56.3,58.32,58.5,58.5,58.5,58.5,58.5,58.5,58.5,58.5,58.5,58.5,58.5,58.5,58.5,58.5,58.5,58.5,58.5,58.5,58.5,58.5,58.5,58.5,58.5,58.5,58.5,58.5,58.5,58.5,58.5,58.5,58.5,58.5,58.5,58.5,58.5,58.5,58.5,58.5,58.5,58.5,58.5,58.5,58.5,58.5,58.5,58.5,58.5,58.5,58.5,58.5,60.2,60.3,60.8,60.8,60.8,61.43,65.0,65.9,65.9,65.9,67.1,67.1,67.4,67.4,66.7,66.7,66.7,66.7,66.7,66.7,66.7,66.7,66.7,66.7,66.7,66.7,66.7,66.7,66.7,66.7,66.7,66.7,66.7,66.7,66.7,69.8,76.9,72.5,69.1,69.1,68.7,68.7,68.7,68.7,69.1,73.1,73.1,73.1,73.1,73.1,73.1,73.1,73.1,73.1,73.1,73.1,73.1,73.1,73.1,73.1,73.6,74.2,78.12,81.63,83.3,83.5,83.5,83.5,83.8,83.8,83.8,83.8,83.8,83.8,83.8,83.8,83.8,83.8,84.1,84.1,84.1,84.1,84.1,84.1,84.1,84.1,84.1,84.1,84.1,84.1,84.1,84.1,84.1,84.1,84.1,84.1,84.1,84.1,84.9,85.2,85.2,85.2,85.2,85.2,85.2,85.2,85.2,85.2,85.2,85.2,85.2,85.2,85.2,85.2,85.2,85.5,86.3,77.9,77.9,77.6,77.6,77.6,77.6,77.6,77.6,77.6,77.6,77.6,77.6,77.6,77.6,77.6,77.6,77.6,77.6,77.6,77.6,77.6,77.6,77.6,77.6,77.6,77.6,77.6,77.6,77.6,77.3,76.2,76.2,76.2,76.2,76.2,76.2,76.2,76.2,76.2,76.2,76.2,76.2,76.2,76.2,76.2,76.2,76.2,76.2,76.2,76.2,76.2,76.2,76.2,76.1,76.1,76.1,76.1,76.1,76.1,76.1,76.1,76.1,76.1,76.1,76.1,76.1,76.1,76.1,76.1,76.1,76.1,76.1,76.1,76.1,76.1,76.1,76.1,76.1,76.1,76.1,76.1,76.1,76.1,76.1,76.1,76.5,76.5,76.5,77.5,77.5,77.5,77.5,77.5,77.5,77.5,77.5,77.5,77.5,77.5,77.8,77.5,77.3,77.3,76.4,76.4,76.4,74.8,74.8,74.8,74.8,74.8,74.8,74.8,74.2,73.5,73.5,73.5,73.5,73.5,73.5,73.5,73.5,73.5,73.5,73.5,73.5,73.5,73.5,73.5,73.5,73.5,73.5,73.5,73.5,73.5,73.5,73.5,73.5,73.5,73.5,73.5,73.5,73.5,73.5,73.5,73.5,73.5,73.5,73.5,73.6,73.6,73.6,73.6,73.6,73.6,73.6,73.6,73.6,73.6,73.6,73.6,73.6,73.6,73.6,73.6,73.6,73.6,73.6,73.6,73.6,73.6,73.6,73.6,73.6,73.6,73.6,73.6,73.6,73.6,73.6,73.6,73.6,73.6,73.6,73.6,73.6,73.52,72.4,72.4,72.4,72.4,72.4,72.4,72.4,71.8,71.8,71.8,71.8,25.5,0.0,0.0,0.0,0.0,66.7,100.0,86.56,84.6,84.6,84.0,84.0,84.0,82.6,82.6,82.6,83.93,78.5,80.2,80.2,80.2,80.2,80.2,80.2,80.6,80.6,80.6,80.6,80.6,80.6,80.9,80.9,80.9,80.9,80.9,80.9,80.9,80.9,80.9,80.9,80.9,80.9,80.97,82.7,82.7,81.84,81.5,81.5,81.5,81.5,81.5,81.5,81.5,81.5,84.0,81.3,81.3,81.3,81.3,81.3,81.3,81.3,81.3,81.3,83.83,84.7,84.6,84.6,84.6,84.6,85.0,85.0,85.0,85.0,85.0,85.0,86.6,86.6,86.6,86.6,86.6,86.6,86.6,86.6,86.6,86.6,86.6,86.6,88.4,88.4,88.6,88.6,88.6,88.6,88.6,88.6,88.6,87.8,87.3,87.7,87.7,87.7,87.7,87.7,87.7,87.7,87.7,87.7,87.7,87.7,87.7,87.7,87.7,87.7,87.7,87.7,87.7,86.6,86.6,87.0,87.0,87.0,87.0,87.0,87.0,86.9,86.9,87.8,87.8,87.8,87.8,87.8,87.8,87.8,87.8,87.8,88.1,86.7,86.4,87.5,87.5,87.5,87.5,87.5,87.5,87.5,87.5,87.5,87.5,87.5,87.5,87.5,87.5,87.3,87.3,87.3,87.3,87.3,87.3,87.3,87.3,87.3,87.3,87.8,87.8,87.8,87.8,87.8,87.8,87.8,87.8,88.3,88.4,79.3,79.3,79.3,79.3,74.2,69.87,65.9,60.0,60.0,60.0,60.0,60.0,60.0,60.0,60.0,60.0,60.0,60.0,60.0,60.0,60.2,60.2,60.2,60.2,60.2,60.2,60.2,60.2,60.2,60.2,60.2,60.2,60.2
P076,90.3,90.3,90.3,90.3,90.3,90.3,90.3,90.3,90.3,90.3,90.3,90.3,90.3,90.3,90.3,90.3,90.3,90.3,90.3,90.3,90.3,90.3,90.3,90.3,90.3,90.3,90.3,90.3,90.3,90.3,90.3,90.3,90.3,90.3,90.3,90.3,90.3,90.3,90.3,90.3,90.3,90.3,88.21,85.9,85.9,85.9,85.9,78.12,79.96,79.5,79.5,78.0,76.6,76.6,76.6,76.6,76.6,76.6,76.6,76.6,76.6,76.6,76.6,76.6,76.6,76.6,76.6,76.6,71.4,71.4,71.4,71.4,71.4,83.4,87.6,87.6,87.6,87.6,87.6,87.6,87.6,87.6,87.6,80.95,80.7,80.7,80.7,80.7,80.7,80.7,80.7,80.7,80.7,80.7,80.7,80.7,80.7,80.7,80.7,80.7,80.7,80.7,80.7,80.7,78.0,76.1,76.1,72.4,72.4,72.4,72.4,72.4,72.4,72.4,72.4,72.4,72.4,80.3,86.14,86.1,86.1,86.1,86.1,86.1,86.1,86.1,81.7,90.36,90.3,90.3,90.3,90.3,90.3,90.3,90.3,90.3,90.3,90.3,90.3,90.3,90.3,50.29,30.1,30.1,19.3,19.3,19.3,19.3,19.3,19.3,19.3,19.3,19.3,12.5,12.9,12.9,12.9,12.9,12.9,12.9,12.9,12.9,12.9,12.9,12.9,12.9,12.9,12.9,11.0,12.9,12.9,12.9,12.9,14.3,24.81,16.03,10.0,17.08,24.22,16.21,18.0,17.13,27.0,11.28,10.6,12.68,9.31,14.26,12.47,15.08,12.0,13.21,16.67,13.98,18.4,11.46,18.66,21.58,14.7,18.43,13.93,17.17,13.43,19.27,12.19,11.09,14.82,16.2,18.0,16.6,21.6,21.12,29.32,27.8,17.5,14.92,20.22,16.91,14.24,16.24,23.9,18.9,14.26,15.3,9.8,9.5,10.2,13.3,13.05,20.73,9.3,15.16,12.84,12.19,14.2,21.13,15.36,17.23,17.33,22.87,15.36,18.1,16.09,14.96,13.1,7.7,13.5,8.1,7.5,7.7,7.7,13.18,11.22,13.29,11.8,7.3,12.5,12.0,10.55,13.35,9.64,11.0,14.14,5.1,10.86,15.18,73.8,83.4,82.78,79.65,80.9,85.62,84.7,81.5,71.4,70.28,74.21,67.2,72.6,70.3,82.4,72.78,70.1,81.9,72.1,77.6,72.5,78.8,88.0,73.61,72.77,77.12,78.5,73.36,61.4,67.86,71.2,74.29,63.82,70.78,71.29,72.13,76.41,62.5,73.4,71.75,82.4,67.82,82.04,71.22,78.29,81.53,75.7,85.7,76.75,73.2,79.0,63.7,62.5,57.7,59.44,44.76,24.1,18.73,13.1,10.2,10.71,11.8,17.73,21.4,19.71,16.5,11.6,9.3,20.5,23.0,23.89,24.7,23.2,22.4,23.9,24.7,24.7,23.2,24.07,24.1,24.1,24.67,22.11,18.73,17.72,21.87,24.36,22.25,21.76,24.7,17.13,17.1,20.09,22.4,22.33,23.87,23.26,22.6,24.16,24.18,23.72,23.54,23.79,25.39,25.55,22.0,15.82,18.68,20.8,21.6,21.59,21.22,20.81,23.7,23.7,21.74,21.91,23.17,22.2,19.3,20.1,23.52,22.98,21.93,24.65,22.4,24.3,21.8,24.3,20.1,21.79,21.8,21.8,21.8,21.8,23.61,24.7,23.9,23.6,23.6,22.57,25.9,26.4,26.4,28.4,28.4,28.4,25.9,25.9,25.9,25.9,25.9,25.9,25.9,25.9,25.9,25.9,25.9,26.28,29.0,23.4,23.4,23.4,23.22,24.3,27.8,24.7,23.71,25.1,28.0,23.39,25.5,25.7,23.7,21.7,23.6,23.9,24.5,24.5,24.5,24.5,25.1,25.1,25.1,25.1,25.1,25.1,25.1,25.1,25.1,28.04,31.5,28.17,26.8,26.8,26.8,26.1,26.1,26.1,26.1,26.1,26.1,25.49,19.63,23.2,23.2,23.2,23.2,19.1,25.97,21.57,20.3,21.29,17.44,19.7,19.7,25.7,25.7,25.7,27.6,27.6,27.6,27.6,21.4,21.2,21.2,23.4,23.4,23.4,23.4,29.82,17.0,19.99,16.2,16.2,16.2,16.2,33.08,32.2,10.8,31.67,32.4,22.0,21.17,25.08,21.62,20.7,20.7,20.7,21.39,23.2,23.2,23.2,25.7,25.5,25.7,25.5,18.25,21.59,29.3,22.6,26.58,20.84,19.07,28.82,23.4,23.4,23.4,23.4,23.4,16.8,26.39,26.32,25.9,25.9,26.28,24.3,28.2,25.76,15.4,16.4,16.4,16.4,16.4,16.4,16.4,16.4,16.4,16.4,16.4,9.5,14.1,16.98,17.0,16.6,19.67,21.6,21.6,21.6,21.6,19.7,19.7,19.7,19.7,20.5,21.2,21.2,21.6,23.2,23.2,24.9,24.9,25.3,16.65,6.82,7.3,7.3,7.3,7.3,7.3,7.3,7.3,7.3,7.3,7.3,7.3,7.3,7.3,7.3,7.3,7.3,7.3,10.6,10.0,10.0,10.0,10.0,10.0,10.0,10.0,10.0,10.0,9.81,20.8,16.69,14.7,16.0,13.3,12.4,12.4,10.0,5.6,6.4,6.4,6.4,6.4,6.4,6.4,6.4,6.4,8.5,8.5,8.5,8.5,8.5,6.8,8.9,8.9,8.9,8.9,8.9,13.05,11.6,11.4,11.4,11.4,8.09,8.3,8.3,8.3,8.3,8.5,8.5,8.5,8.5,8.5,8.5,8.5,8.5,8.5,8.5,8.5,8.5,8.5,8.5,8.5,10.19,11.6,11.6,11.6,11.6,11.6,11.6,11.6,11.6,12.33,23.6,15.4,15.4,15.4,15.4,15.4,15.4,15.4,15.4,15.4,15.4,16.15,19.7,24.9,17.2,17.2,17.2,17.8,18.9,18.9,18.9,18.9,18.9,18.9,18.9,18.9,18.9,18.9,16.79,23.4,19.1,19.28,22.0,17.81,20.47,25.1,20.86,16.8,16.8,24.9,22.0,23.19,22.4,34.4,23.9,20.11,23.58,27.33,26.1,25.9,24.32,24.9,25.7,26.4,26.4,26.4,26.11,26.99,27.0,27.0,26.61,19.34,16.2,16.2,17.2,20.8,21.4,24.3,38.0,44.38,45.0,42.5,39.0,34.9,29.7,26.8,25.57,24.32,24.3,24.3,24.3,24.3,23.9,22.8,23.2,23.2,23.2,14.34,16.76,22.4,44.99,84.75,81.31,85.45,84.2,82.07,78.6,79.5,79.5,79.5,79.2,78.8,77.78,81.3,81.3,81.7,79.31,70.12,70.03,70.34,66.6,66.6,74.48,74.3,74.3,74.3,74.3,75.28,81.15,78.0,81.8,83.2,83.2,82.6,82.0,81.92,80.04,81.3,82.0,82.6,82.6,83.4,84.2,83.4,84.6,87.6
P077,51.7,51.7,51.7,51.7,51.7,51.7,51.7,51.7,51.7,51.7,51.7,51.7,57.7,60.4,46.1,39.8,39.8,38.0,37.8,36.35,37.3,37.3,37.28,34.9,34.9,34.9,34.9,34.9,34.9,34.9,34.9,34.9,34.9,34.9,34.9,34.9,34.9,34.9,37.05,59.8,61.0,60.02,59.5,62.4,62.4,62.4,56.02,46.22,41.37,39.0,39.0,39.0,39.0,39.0,39.0,39.0,39.0,39.0,39.0,39.0,39.0,39.0,39.0,39.0,38.32,24.78,21.4,21.4,21.4,21.4,21.4,21.4,21.4,21.0,21.0,21.0,21.0,21.0,21.0,21.0,21.0,21.0,21.0,21.0,21.0,21.0,32.95,40.2,40.2,40.2,40.2,40.2,40.2,40.2,40.2,40.2,40.2,57.7,44.0,44.0,44.0,42.5,42.5,42.5,42.5,33.84,30.3,30.3,30.3,30.3,30.3,30.3,30.3,32.0,29.9,29.9,29.9,29.9,29.9,29.9,29.9,29.9,29.9,26.93,26.3,26.3,26.3,26.3,26.3,26.3,26.3,29.69,34.0,34.0,34.0,34.0,34.0,46.5,46.5,46.5,28.07,9.7,9.7,9.7,9.7,9.7,9.7,10.4,10.4,10.4,14.1,14.1,14.1,14.1,14.1,14.1,13.85,6.23,0.0,0.0,0.0,0.0,0.0,0.0,0.0,0.0,0.0,0.0,0.0,0.0,0.0,0.0,0.0,0.0,0.0,0.0,0.0,0.0,0.0,0.0,0.0,0.0,0.0,0.0,0.0,0.0,0.0,0.0,0.0,0.0,0.0,0.0,0.0,0.0,0.0,0.0,0.0,0.0,0.0,0.0,0.0,0.0,0.0,1.5,21.24,22.0,22.0,22.0,22.0,22.0,22.0,22.0,22.0,23.13,30.7,30.7,30.7,30.7,30.7,30.7,30.7,30.7,30.7,30.7,30.7,30.7,30.7,30.7,30.7,30.7,30.7,17.66,9.5,9.5,8.3,8.3,8.3,8.3,8.3,8.3,8.3,8.3,8.3,8.3,8.3,8.3,10.6,10.6,10.6,10.6,10.6,10.6,10.6,10.6,10.6,11.2,11.2,11.2,11.2,11.2,11.2,11.2,14.5,11.0,11.0,11.0,11.0,11.0,11.0,11.0,11.0,11.0,11.0,11.0,9.81,32.19,43.8,44.8,44.8,44.8,44.8,44.8,44.8,44.8,44.8,44.8,44.8,44.8,44.8,44.8,44.8,44.8,44.8,44.8,44.8,44.8,44.8,44.8,44.8,44.8,44.8,29.9,29.9,29.9,29.9,32.96,32.0,43.6,56.59,58.86,62.12,63.7,63.7,63.7,63.7,63.7,65.3,67.63,56.73,56.6,56.6,56.6,56.6,56.6,56.6,56.6,56.6,56.6,56.6,56.6,56.6,56.6,56.6,56.6,56.6,56.6,56.6,56.6,56.6,56.6,56.6,56.6,56.6,56.6,56.6,56.6,56.6,57.9,57.3,47.9,47.9,66.95,74.5,62.02,59.8,49.62,43.6,43.6,43.6,43.6,43.6,43.6,43.6,43.6,43.6,43.6,43.6,43.4,60.81,96.98,97.35,99.0,93.6,93.6,93.6,93.6,93.6,100.0,100.0,100.0,84.7,84.7,100.0,100.0,99.37,99.2,98.8,98.8,95.31,96.91,100.0,91.3,91.3,91.3,91.3,91.3,91.3,91.3,91.3,91.3,91.3,91.3,91.3,91.3,91.3,91.3,91.3,91.3,91.7,91.7,91.7,91.7,91.7,91.7,91.7,91.7,91.7,91.7,91.7,91.7,91.7,91.7,91.7,91.7,91.7,91.7,91.7,91.7,91.7,91.7,91.7,91.7,91.7,91.7,91.7,91.7,91.7,91.7,91.7,91.7,91.7,91.7,91.7,91.7,91.7,91.7,91.7,91.7,91.7,91.7,91.7,91.7,77.0,58.91,51.0,51.0,51.0,51.0,51.0,51.0,51.0,51.0,51.0,51.0,51.0,51.0,51.0,51.0,51.0,51.0,50.6,50.6,50.6,50.6,50.6,50.6,50.6,50.6,50.6,50.6,50.6,50.6,50.6,50.6,50.6,50.6,50.6,50.6,50.6,50.6,50.6,50.6,50.6,49.8,49.8,49.8,49.8,49.8,49.8,49.8,49.8,49.8,49.8,49.8,49.8,49.8,49.8,49.8,49.6,52.9,55.4,55.4,55.4,55.4,55.4,55.4,55.4,55.4,55.4,55.4,55.4,54.4,53.1,53.1,53.1,53.1,53.1,53.1,53.1,53.1,53.1,53.1,53.1,53.1,53.1,53.1,47.8,30.48,36.3,40.0,39.2,39.2,39.2,39.2,39.2,39.2,39.2,39.2,39.2,39.2,39.2,39.2,39.2,39.2,39.2,47.78,48.1,48.1,48.1,48.1,48.1,48.1,48.1,42.3,42.3,42.3,42.3,42.3,42.3,42.3,42.3,42.3,42.3,43.4,43.4,43.4,43.4,43.4,43.4,43.2,43.2,43.2,43.2,43.2,34.01,10.8,11.8,11.8,11.8,11.8,11.8,11.8,16.4,16.4,16.4,16.4,16.4,16.4,16.4,15.3,15.1,19.42,18.5,18.5,18.5,18.5,18.5,18.5,18.5,18.5,18.5,18.5,18.5,18.5,18.5,18.5,29.83,46.02,80.7,84.81,85.1,85.1,85.1,85.1,85.1,85.1,81.9,81.9,81.9,81.9,81.9,81.9,81.7,52.04,31.9,28.0,28.0,28.0,28.0,28.0,28.0,28.0,27.8,25.23,13.9,31.94,20.3,20.3,20.3,20.3,20.3,20.3,22.0,22.0,22.0,22.0,22.0,22.0,22.0,17.0,37.1,37.1,37.1,34.9,32.55,29.3,29.3,29.3,29.3,53.65,43.08,75.1,10.8,18.7,18.7,14.7,14.7,14.7,14.7,50.97,49.6,49.2,47.19,45.0,45.0,45.0,38.6,31.54,29.5,29.5,29.5,27.21,24.86,40.2,40.2,40.2,40.2,40.2,33.18,33.4,33.4,33.4,33.4,33.4,33.4,33.4,34.81,51.0,42.8,45.8,49.6,54.1,54.1,54.1,54.1,54.1,54.1,54.1,54.1,54.1,54.1,54.1,54.1,54.1,54.1,54.1,54.1,54.1,54.1,54.1,51.9,51.9,51.9,51.9,51.9,51.9,51.9,51.9,51.9,49.43,44.54,47.1,47.1,47.1,47.1,50.4,50.4,50.4,50.4,50.4,50.4,50.4,50.4,50.4,50.4,50.4,50.4,50.4,50.4,50.4,49.8,49.8,49.68,50.6,53.5,53.5,53.5,53.5,53.5,53.5,53.5,51.46,51.0,51.0,51.0,51.0,51.0,54.05,54.6,54.6,54.6,54.32,54.1,54.1,49.32,47.3,47.3,47.3,39.4,37.3,52.61,65.81,56.86,60.76,63.82,51.2,51.2,51.2,23.0,40.47,52.7,52.7,52.7,52.7,52.7,52.7,52.7,39.92
P078,59.0,59.0,59.0,59.0,59.0,59.0,59.0,59.0,59.0,60.6,62.7,62.8,64.8,64.5,64.5,64.5,65.2,65.2,65.2,65.2,64.0,64.0,64.0,64.0,64.0,60.5,60.5,60.5,60.4,60.4,60.4,60.4,60.4,60.4,60.4,60.4,60.6,60.6,60.6,60.6,60.6,60.6,60.6,61.1,61.6,61.5,61.7,61.7,61.7,61.7,60.0,60.0,60.0,60.0,60.0,60.0,60.0,59.63,60.6,60.6,60.6,60.6,59.91,58.3,61.5,68.5,71.15,69.4,70.8,70.8,71.36,72.8,73.1,73.1,73.1,72.13,71.5,68.4,66.2,63.8,61.56,59.8,58.7,58.7,58.71,56.87,56.5,56.5,56.9,57.9,58.0,57.18,55.8,55.1,55.0,54.9,54.6,54.6,54.5,54.4,53.4,52.64,52.0,52.0,52.0,51.6,51.3,51.3,50.8,50.6,50.6,50.6,50.6,50.6,51.5,51.5,50.7,50.6,50.6,50.8,51.3,51.29,50.8,51.4,51.4,51.4,51.4,51.4,51.4,49.92,49.3,49.9,49.7,50.7,50.8,50.6,49.7,49.5,49.7,49.8,49.8,49.7,49.7,49.7,49.5,48.36,46.3,44.9,45.1,45.3,45.3,45.3,45.3,45.0,44.3,45.0,45.1,45.1,45.6,45.6,45.6,45.6,45.6,45.6,45.6,45.6,45.6,43.5,42.9,39.89,39.8,37.0,36.9,36.2,33.3,30.2,30.4,30.9,30.9,32.43,32.6,32.6,32.6,33.1,33.2,33.2,37.3,43.1,44.89,48.7,50.3,50.8,50.8,50.8,50.8,50.7,50.7,50.7,50.7,50.2,50.6,50.6,50.9,50.9,50.9,50.9,50.9,50.9,50.9,50.9,50.9,50.9,50.9,50.9,50.9,50.9,50.9,50.3,50.0,50.1,49.41,46.3,44.6,44.6,44.6,44.6,44.6,44.6,44.84,47.3,47.5,47.5,47.5,47.5,50.97,50.9,50.9,50.8,50.7,50.7,50.7,50.7,50.7,50.7,50.7,50.7,50.7,50.7,50.7,50.6,50.6,50.6,50.6,50.6,49.87,49.8,49.8,50.21,50.1,50.5,50.8,50.9,51.7,51.0,50.8,50.25,50.0,50.3,50.3,50.8,54.4,54.4,54.4,54.4,54.4,54.4,53.8,53.4,53.5,53.8,53.8,53.8,53.9,53.9,53.9,53.9,53.9,54.1,54.1,54.1,54.1,53.8,53.4,54.3,55.4,54.7,54.5,54.6,55.0,56.52,59.1,60.2,60.3,60.3,60.3,60.3,60.3,60.3,60.0,60.0,59.8,59.8,59.8,59.8,59.8,60.0,60.2,60.3,60.3,60.4,60.5,60.5,60.5,60.5,62.22,67.1,68.3,68.5,68.3,67.9,67.9,67.9,67.9,67.5,66.4,66.4,66.4,66.4,66.4,66.4,66.4,66.4,66.4,66.4,66.4,67.42,66.78,66.3,66.3,66.3,66.4,66.4,66.4,66.4,66.4,66.0,65.84,65.14,62.6,61.3,61.0,60.56,58.8,58.4,56.9,56.4,55.9,56.13,57.4,58.3,59.02,61.02,61.9,62.4,62.5,62.5,63.4,64.4,65.2,63.4,62.3,62.3,62.3,64.63,64.8,64.8,64.8,66.6,66.95,67.2,67.2,67.1,65.6,65.2,65.0,65.0,63.9,63.9,63.9,64.13,64.4,64.5,64.5,64.5,64.6,64.7,64.5,64.2,64.14,63.4,63.4,63.4,63.4,63.4,63.7,63.7,63.7,63.7,63.7,63.7,63.7,63.7,63.7,63.7,63.7,63.7,63.7,62.7,62.7,62.7,62.7,61.6,62.03,64.86,63.3,67.81,74.0,74.8,75.93,77.1,77.2,77.2,78.0,76.7,77.1,76.5,79.93,83.33,84.4,84.0,84.1,84.1,84.1,84.1,83.1,83.4,76.81,64.9,58.1,59.1,60.5,59.8,59.8,60.69,64.7,64.2,70.33,70.8,71.25,72.7,71.44,63.07,60.57,58.9,58.8,58.6,58.6,58.6,58.6,58.6,58.6,61.3,60.97,59.5,60.1,63.8,65.5,66.2,66.2,66.3,66.3,66.3,66.3,66.3,67.4,64.9,65.2,65.5,65.5,64.9,64.6,64.5,64.5,64.5,64.5,64.5,64.5,64.4,64.4,64.4,64.62,73.73,76.5,73.8,73.8,73.8,73.8,73.8,73.5,73.5,72.95,65.3,62.7,62.47,57.24,52.87,50.64,44.05,41.1,41.1,37.2,30.87,22.5,24.23,25.9,26.0,20.11,17.15,17.28,17.93,19.95,20.4,14.7,16.27,17.03,20.94,24.23,28.76,33.46,36.1,37.63,39.2,40.44,41.9,44.23,46.76,51.12,57.4,58.8,59.3,59.4,59.6,59.5,59.4,58.8,58.1,59.5,59.4,59.4,59.4,59.04,55.39,56.9,53.9,54.5,50.59,51.0,45.3,42.48,39.7,37.7,38.33,34.7,32.94,32.8,32.2,33.3,34.03,34.4,34.4,31.37,28.1,28.5,34.7,36.6,37.6,42.25,43.8,44.6,44.83,44.4,45.0,45.3,45.8,47.95,50.86,56.9,59.16,60.36,62.23,62.58,62.3,61.7,61.51,58.3,57.4,56.82,47.1,40.7,33.91,26.4,24.3,27.64,27.56,27.23,25.61,18.5,15.7,13.4,10.03,5.9,8.8,12.3,11.5,11.23,11.7,11.9,11.6,11.9,11.9,10.5,10.4,3.61,4.5,4.44,8.96,10.4,11.7,13.5,13.48,12.6,13.2,14.1,16.0,15.9,15.9,13.0,12.8,12.8,12.8,12.8,12.8,12.8,12.8,10.13,11.1,12.72,17.25,28.09,44.35,52.2,57.8,56.7,50.53,50.2,47.34,50.13,49.4,49.7,49.71,49.87,49.5,49.5,49.5,49.5,49.5,49.3,48.8,49.3,50.2,50.0,50.0,50.0,50.72,56.59,60.12,60.6,61.03,61.0,60.8,60.2,60.2,60.2,60.2,60.1,57.06,58.1,58.2,58.2,58.0,57.9,57.9,57.9,57.9,58.8,58.4,59.8,58.3,58.14,57.8,57.23,56.9,56.9,56.9,56.9,56.7,52.93,51.7,51.7,52.39,55.8,51.64,50.5,51.0,51.2,51.2,51.2,51.2,51.2,51.2,51.2,50.8,50.2,51.45,52.0,52.0,52.0,52.0,52.0,52.0,52.0,51.3,50.9,51.4,50.6,50.92,51.0,50.7,50.58,50.35,50.9,49.8,52.34,51.2,50.7,51.4,50.8,50.8,50.8,50.8,50.8,50.8,50.8,50.8,50.8,50.8,50.8,50.8,50.9,50.6,50.3,50.2,50.2,50.2,50.2,50.2,50.2,50.6,50.3,50.3,50.8,50.8,51.7,56.5,57.6,56.5,55.2,55.2,58.8,61.6,65.4,65.7,65.7,66.3,66.9,67.9,68.9,68.87
P079,79.9,79.9,79.9,79.9,79.9,79.9,79.9,79.9,79.9,79.9,74.02,75.4,75.4,75.4,75.4,75.4,75.4,76.0,88.5,91.2,91.2,91.2,91.2,91.2,91.2,91.2,91.2,91.2,91.2,91.2,91.2,91.2,91.2,91.2,91.2,81.1,81.1,71.93,64.3,64.3,64.3,64.3,64.3,64.3,64.3,64.3,64.3,64.3,64.3,64.3,64.3,64.3,64.3,64.3,58.0,58.0,58.0,58.0,58.0,58.0,58.0,58.0,58.0,58.0,58.0,58.0,58.0,58.0,58.0,58.0,58.0,58.0,58.0,58.0,58.0,58.0,58.0,58.0,58.0,71.9,71.9,71.9,71.9,71.9,71.9,71.9,71.9,71.9,71.9,71.9,71.9,71.9,71.9,71.9,71.9,71.9,71.9,71.9,71.9,71.9,71.9,71.9,71.9,76.4,72.7,72.7,72.7,72.7,72.7,72.7,72.7,72.7,72.7,72.7,72.7,72.7,72.7,72.7,72.7,72.7,72.7,72.7,72.7,72.7,72.7,72.7,72.7,72.7,74.4,77.3,76.8,76.8,76.8,76.8,76.8,76.8,76.8,76.8,76.8,76.8,76.8,76.8,76.8,76.8,76.8,76.8,76.8,76.8,76.8,76.8,76.8,76.8,76.8,76.8,76.8,76.8,76.8,76.8,54.16,40.4,24.2,21.1,21.1,21.1,21.1,21.1,21.1,21.1,21.1,21.1,21.1,21.1,21.1,21.1,21.1,21.1,21.1,13.9,11.1,11.1,11.1,11.1,11.1,11.1,11.1,11.1,11.1,11.1,11.1,11.1,11.1,11.1,11.1,11.1,11.1,11.1,11.1,11.1,11.1,11.1,11.1,11.1,11.1,7.6,7.6,7.6,7.6,7.6,7.6,7.6,7.6,7.6,7.6,7.6,7.6,7.6,7.6,7.6,7.6,7.6,7.6,7.6,7.6,7.6,7.6,7.6,7.6,7.6,7.6,7.6,7.6,30.25,33.8,34.0,34.0,34.0,34.0,34.0,34.0,34.0,34.0,34.0,34.0,34.0,34.0,34.0,34.0,34.0,34.0,34.0,34.0,34.0,34.0,34.0,34.0,34.0,34.0,34.0,34.0,34.0,34.0,34.0,34.0,34.0,34.0,34.0,34.0,34.0,34.0,34.0,34.0,34.0,34.0,34.0,34.0,34.0,34.0,34.0,34.0,34.0,34.0,34.0,34.0,34.0,34.0,34.0,34.0,34.0,34.0,34.0,34.0,34.0,34.0,52.88,66.2,65.8,65.4,65.4,65.4,65.4,65.4,65.4,65.4,65.4,65.4,65.4,65.4,65.4,65.4,65.4,65.4,65.4,65.4,65.4,65.4,65.4,65.4,65.4,65.4,65.4,65.4,65.4,65.4,65.4,65.4,65.4,65.4,65.4,65.4,65.4,65.4,65.4,65.4,65.4,65.4,65.4,65.4,65.4,65.4,65.4,65.4,65.4,65.4,65.4,65.4,65.4,65.4,65.4,65.4,65.4,65.4,65.4,65.4,65.4,65.4,65.4,65.4,65.4,65.4,65.4,65.4,65.4,65.4,65.4,65.4,65.4,65.4,65.4,65.4,65.4,65.4,65.4,65.4,65.4,65.4,65.4,65.4,48.24,35.9,35.9,35.9,35.9,35.9,35.9,35.9,35.9,35.9,35.9,35.9,35.9,35.9,35.9,35.9,35.9,35.9,35.9,35.9,35.9,35.9,35.9,35.9,35.9,35.9,35.9,35.9,35.9,35.9,35.9,35.9,35.9,35.9,35.9,35.9,35.9,35.9,35.9,35.9,35.9,35.9,35.9,35.9,35.9,35.9,35.9,35.9,35.9,35.9,35.9,35.9,35.9,35.9,35.9,35.9,35.9,35.9,35.9,35.9,35.9,35.9,35.9,35.9,35.9,35.9,35.9,35.9,35.9,35.9,35.9,35.9,35.9,35.9,35.9,35.9,35.9,35.9,35.9,35.9,35.9,35.9,35.9,35.9,35.9,35.9,35.9,35.9,35.9,35.9,35.9,35.9,35.9,35.9,35.9,35.9,35.9,35.9,35.9,35.9,35.9,35.9,35.9,35.9,35.9,35.9,35.9,35.9,35.9,35.9,35.9,35.9,35.9,35.9,35.9,35.9,35.9,35.9,35.9,35.9,35.9,35.9,35.9,35.9,35.9,35.9,35.9,35.9,35.9,35.9,35.9,35.9,35.9,35.9,35.9,35.9,35.9,35.9,35.9,35.9,35.9,35.9,35.9,35.9,35.9,35.9,35.9,35.9,35.9,35.9,35.9,35.9,35.9,35.9,35.9,35.9,35.9,35.9,35.9,35.9,35.9,35.9,35.9,35.9,35.9,35.9,35.9,35.9,35.9,35.9,35.9,35.9,35.9,35.9,35.9,35.9,35.9,35.9,35.9,35.9,35.9,35.9,35.9,35.9,35.9,35.9,35.9,35.9,35.9,35.9,35.9,35.9,35.9,35.9,35.9,35.9,35.9,35.9,35.9,35.9,35.9,35.9,35.9,35.9,35.9,35.9,35.9,35.9,35.9,35.9,35.9,35.9,35.9,35.9,35.9,35.9,35.9,35.9,35.9,35.9,35.9,35.9,35.9,35.9,35.9,35.9,35.9,35.9,35.9,35.9,35.9,35.9,35.9,35.9,35.9,35.9,35.9,35.9,35.9,35.9,35.9,35.9,35.9,35.9,35.9,35.9,35.9,35.9,35.9,35.9,35.9,35.9,35.9,35.9,27.74,36.9,36.9,36.9,36.9,36.9,36.9,36.9,36.9,36.9,36.9,36.9,36.9,36.9,36.9,36.9,36.9,36.9,36.9,36.9,36.9,36.9,36.9,36.9,36.9,36.9,36.9,36.9,36.9,36.9,36.9,36.9,36.9,36.9,36.9,36.9,36.9,36.9,36.9,36.9,36.9,36.9,36.9,36.9,36.9,36.9,36.9,36.9,36.9,36.9,36.9,36.9,36.9,36.9,36.9,36.9,36.9,36.9,36.9,36.9,36.9,36.9,36.9,36.9,36.9,36.9,36.9,36.9,36.9,36.9,36.9,36.9,36.9,36.9,36.9,36.9,36.9,36.9,36.9,36.9,36.9,36.9,36.9,36.9,36.9,36.9,36.9,36.9,36.9,36.9,36.9,36.9,36.9,36.9,36.9,36.9,36.9,36.9,36.9,36.9,36.9,36.9,36.9,36.9,36.9,36.9,36.9,36.9,36.9,36.9,36.9,36.9,36.9,36.9,36.9,36.9,36.9,36.9,36.9,36.9,36.9,36.9,62.3,60.69,70.74,70.7,70.7,70.7,70.7,70.7,70.7,70.7,70.7,70.7,70.7,70.7,70.7,70.7,70.7,70.7,70.7,70.7,70.7,70.7,70.7,70.7,70.7,70.7,70.7,70.7,70.7,70.7,70.7,70.7,70.7,70.7,70.7,70.7,70.7,70.7,70.7,70.7,86.3,89.8,89.8,89.8,89.8,89.8,89.8,89.8,89.8,89.8,89.8,89.8,89.8,89.8,89.8
P080,56.9,56.9,56.9,56.9,56.9,56.9,56.9,56.9,56.9,56.9,56.9,56.9,56.9,56.9,56.9,56.9,56.9,56.9,56.9,56.9,56.9,56.9,56.9,56.9,56.9,56.9,56.9,53.9,53.9,53.9,53.9,53.9,53.9,53.9,53.9,53.9,53.9,53.9,53.9,53.9,53.9,53.9,53.9,53.9,45.0,36.1,35.9,35.9,35.9,35.9,35.9,35.9,35.9,33.1,33.1,33.1,33.1,33.1,33.1,33.1,32.6,32.2,32.2,32.2,41.3,46.3,56.9,60.4,64.3,64.3,64.3,64.3,64.3,64.3,64.3,64.3,64.3,64.3,64.3,64.3,64.3,59.1,55.0,55.0,41.8,37.2,37.2,37.2,37.2,37.2,36.8,35.7,36.3,36.3,36.3,36.3,36.3,36.3,36.3,36.3,36.3,36.3,36.3,36.3,36.3,36.3,36.3,45.2,54.3,61.5,73.4,76.2,78.0,78.0,78.0,78.0,78.0,78.0,78.0,78.0,78.0,78.0,78.0,78.0,78.0,78.0,78.0,78.0,78.0,78.0,78.0,78.0,78.0,78.0,78.0,77.1,62.8,62.8,60.8,60.8,60.0,60.0,60.0,60.0,60.0,60.0,60.0,60.0,53.3,44.1,44.1,44.1,44.1,44.1,44.1,44.1,44.1,44.1,44.1,44.1,44.1,44.1,44.1,44.1,44.1,44.1,44.1,44.1,44.1,44.1,44.1,44.1,44.1,44.1,44.1,44.1,44.1,44.1,44.1,44.1,44.1,37.2,34.8,33.3,33.3,33.3,33.1,33.1,33.1,33.1,33.1,31.3,27.0,24.2,23.8,26.4,26.8,27.2,27.4,30.7,34.8,34.8,34.8,34.8,34.8,38.7,39.2,39.2,39.4,39.4,39.4,39.4,39.4,39.4,39.4,39.4,39.4,39.4,39.4,39.4,39.4,39.4,39.4,39.4,39.4,39.8,40.0,40.0,40.0,40.0,40.0,40.0,40.0,40.0,40.0,40.9,41.5,42.0,45.4,45.9,45.9,45.4,43.7,43.1,29.0,33.7,33.7,34.4,34.6,34.6,34.6,34.6,34.6,34.6,34.6,34.6,34.6,34.6,37.0,37.0,37.0,47.2,49.3,45.9,45.9,46.3,51.1,49.8,46.7,46.5,46.5,46.1,44.6,44.6,44.6,44.6,44.6,44.6,44.6,44.6,44.6,44.6,44.6,44.6,37.6,41.5,41.5,41.5,41.5,41.5,43.1,74.5,78.2,78.4,77.8,74.5,72.1,71.5,71.5,71.5,71.5,71.5,71.5,71.5,71.5,71.5,71.5,71.5,71.5,71.5,71.5,71.5,71.5,71.5,71.5,71.5,71.5,71.5,71.5,71.5,71.5,71.5,71.5,70.0,70.4,70.4,70.4,70.4,70.4,70.4,70.4,70.4,70.4,70.4,70.4,70.4,70.4,70.4,70.4,70.4,70.4,70.4,71.5,71.5,71.5,71.5,71.5,71.5,71.5,71.5,72.6,72.6,72.6,72.6,72.6,72.1,66.9,66.3,65.2,65.2,65.0,71.0,71.5,71.5,71.5,71.5,71.5,75.2,78.9,70.8,65.2,64.5,64.3,64.3,64.3,64.3,64.3,64.3,68.7,68.4,65.4,65.2,65.2,65.2,65.2,65.2,65.2,65.2,65.8,66.5,66.3,66.9,63.0,61.3,61.3,61.3,61.3,61.3,61.3,61.3,61.3,61.3,61.3,61.3,61.3,61.3,61.3,61.3,61.3,61.3,61.3,61.3,61.3,61.3,62.4,76.0,76.5,76.5,76.5,80.8,83.0,83.6,83.6,83.6,83.6,84.9,86.0,86.0,86.0,86.0,86.0,86.0,86.0,86.0,86.0,86.0,86.0,86.2,79.3,79.3,79.3,79.3,79.7,80.4,80.2,81.7,81.7,81.7,81.7,81.7,81.7,81.7,81.7,81.7,81.7,81.7,81.7,81.7,81.7,81.7,81.7,81.7,81.7,81.7,81.7,81.7,81.7,81.7,81.7,81.7,81.7,81.7,81.7,81.7,81.7,81.7,81.7,81.5,81.9,84.3,84.3,84.1,88.0,88.2,88.2,88.2,88.6,87.3,87.3,87.3,87.3,87.3,87.3,87.3,87.3,87.3,87.3,87.3,87.3,87.3,87.3,87.3,87.3,87.3,87.3,87.3,87.3,87.3,87.3,87.3,87.3,87.3,86.0,87.3,87.3,86.7,86.7,86.7,86.7,86.7,86.7,86.7,86.7,86.7,86.7,86.7,86.7,86.7,86.7,86.7,86.2,84.9,70.0,71.3,71.3,71.5,71.5,71.5,71.5,71.5,71.5,75.8,76.2,77.8,72.6,72.8,72.8,72.8,72.8,72.8,72.8,74.1,74.1,72.6,72.6,72.6,72.6,72.6,72.6,72.6,72.6,72.6,72.6,72.6,72.6,72.6,72.6,72.6,72.6,72.6,72.6,72.6,72.6,72.6,72.6,72.6,72.6,72.6,72.6,72.6,72.6,72.6,72.6,71.3,50.0,41.8,41.8,41.8,41.8,41.8,43.1,37.2,52.8,67.6,71.0,74.1,74.1,91.9,97.5,98.8,100.0,100.0,100.0,100.0,100.0,100.0,100.0,100.0,100.0,100.0,99.6,95.2,94.8,94.8,94.8,94.8,38.0,36.7,36.7,37.5,37.5,37.5,37.5,37.5,34.5,30.4,9.1,4.1,4.1,4.1,4.1,4.1,4.1,4.1,4.1,4.1,4.1,0.0,0.0,16.7,36.4,36.9,36.0,36.7,35.8,35.8,35.8,38.2,43.2,52.9,64.0,64.9,64.9,64.9,64.9,64.9,64.9,64.9,64.9,64.9,64.9,64.9,64.9,64.9,64.9,64.9,64.9,64.9,66.6,66.6,66.6,66.6,66.6,66.6,66.6,66.6,66.6,66.6,66.6,66.6,66.6,81.3,84.8,89.4,87.9,87.9,87.9,87.9,87.9,87.9,87.9,87.9,87.9,87.9,87.9,87.9,87.9,87.9,87.9,87.9,87.9,87.9,87.9,87.9,87.9,87.9,87.9,87.9,87.9,87.9,87.9,87.9,87.9,87.9,87.9,87.9,87.9,87.9,87.9,87.9,87.9,87.9,87.9,87.9,87.9,87.9,87.9,87.9,87.9,87.9,87.9,87.9,87.9,87.9,87.9,87.9,87.9,89.4,89.4,82.0,80.9,79.2,76.8,76.8,76.8,74.4,74.4,74.4,74.4,74.4,74.4,74.4,74.4,74.4,74.4,74.4,74.4,74.4,74.4,74.4,74.4,74.4,74.4,74.4,74.4,74.6,74.6,74.4,74.4,74.4,74.4,74.4,74.4,74.4,74.4,74.4,74.4,74.4,74.4,74.4,74.4,74.4,74.4,74.4,88.9,89.2,89.2,89.2,88.9,88.9,88.9,88.9,88.9,88.9,88.9,88.9,88.9,88.9,88.9,88.9,88.9,88.9,88.9,88.9,88.9,88.7,88.7,88.7
P081,36.1,36.1,36.3,44.0,44.0,44.0,29.3,30.7,31.31,26.1,54.66,67.38,68.1,61.93,74.52,73.9,73.9,73.9,73.9,73.9,73.9,73.2,74.9,74.9,27.0,56.0,56.0,56.0,56.0,56.0,56.0,66.8,66.8,66.8,66.8,66.8,66.8,66.8,66.8,66.8,66.8,66.8,66.8,66.8,66.8,66.8,66.8,66.8,66.8,66.8,66.8,66.8,66.8,66.8,66.8,66.8,66.8,66.8,66.8,66.8,66.8,66.8,66.8,66.8,66.8,66.8,66.8,66.8,66.8,66.8,66.8,66.8,66.8,66.8,66.8,66.8,36.96,16.6,16.6,16.6,16.6,16.6,16.6,16.6,16.6,16.6,16.6,16.6,16.6,16.6,16.6,16.6,16.6,16.6,16.6,16.6,16.6,16.6,62.83,75.1,77.2,48.6,68.7,68.7,68.7,68.7,68.7,68.7,68.7,68.7,68.7,68.7,68.7,68.7,68.7,68.7,60.8,70.5,70.5,70.5,70.5,70.5,70.5,70.5,70.5,70.5,70.5,70.5,70.5,70.5,70.5,70.5,70.5,70.5,70.5,70.5,70.5,70.5,70.5,70.5,70.5,70.5,70.5,70.5,70.5,70.5,70.5,70.5,70.5,70.5,70.5,70.5,70.5,70.5,70.5,70.5,70.5,70.5,70.5,70.5,70.5,70.5,70.5,70.5,70.5,70.5,70.5,70.5,70.5,70.5,70.5,70.5,70.5,70.5,70.5,70.5,70.5,70.5,70.5,70.5,70.5,70.5,70.5,70.5,70.5,70.5,70.5,70.5,70.5,70.5,70.5,70.5,70.5,70.5,70.5,70.5,70.5,70.5,70.5,70.5,70.5,70.5,70.5,70.5,70.5,70.5,70.5,70.5,70.5,70.5,70.5,70.5,70.5,70.5,70.5,70.5,70.5,70.5,70.5,70.5,70.5,70.5,70.5,70.5,70.5,70.5,70.5,70.5,70.5,70.5,70.5,70.5,70.5,70.5,70.5,70.5,70.5,70.5,70.5,70.5,70.5,70.5,70.5,70.5,70.5,70.5,70.5,70.5,70.5,70.5,70.5,70.5,70.5,70.5,70.5,70.5,70.5,70.5,70.5,70.5,70.5,70.5,70.5,70.5,70.5,70.5,70.5,70.5,70.5,70.5,70.5,70.5,70.5,70.5,70.5,70.5,70.5,70.5,70.5,70.5,70.5,70.5,70.5,70.5,70.5,70.5,70.5,70.5,70.5,70.5,70.5,70.5,70.5,70.5,70.32,69.7,49.36,28.6,89.8,81.9,76.3,76.3,76.3,41.5,41.1,37.5,31.3,57.13,65.3,65.3,65.3,65.3,65.3,65.3,65.3,65.3,65.3,65.3,65.3,65.3,65.3,65.3,65.3,65.3,65.3,65.3,65.3,65.3,65.3,65.3,65.3,65.3,65.3,65.3,65.3,65.3,65.3,65.3,65.3,65.3,65.3,65.3,65.3,65.3,65.3,65.3,65.3,65.3,65.3,65.3,65.3,65.3,65.3,65.3,65.3,65.3,65.3,65.3,65.3,65.3,65.3,65.3,65.3,65.3,65.3,65.3,65.3,65.3,65.3,65.3,65.3,65.3,65.3,65.3,65.3,65.3,65.3,65.3,65.3,65.3,65.3,65.3,65.3,65.3,65.3,65.3,65.3,65.3,65.3,65.3,65.3,65.3,65.3,65.3,65.3,65.3,65.3,65.3,65.3,65.3,65.3,65.3,65.3,65.3,65.3,65.3,65.3,65.3,65.3,65.3,65.3,65.3,65.3,65.3,65.3,65.3,65.3,65.3,65.3,65.3,65.3,65.3,65.3,65.3,65.3,65.3,65.3,65.3,65.3,65.3,65.3,65.3,65.3,65.3,65.3,65.3,65.3,65.3,65.3,65.3,65.3,65.3,65.3,65.3,65.3,65.3,65.3,65.3,65.3,65.3,65.3,65.3,65.3,65.3,65.3,65.3,65.3,65.3,65.3,65.3,65.3,65.3,65.3,65.3,65.3,65.3,65.3,65.3,65.3,65.3,65.3,65.3,65.3,65.3,65.3,65.3,65.3,65.3,65.3,65.3,65.3,65.3,65.3,65.3,65.3,65.3,65.3,65.3,65.3,65.3,65.3,65.3,65.3,65.3,65.3,65.3,65.3,65.3,65.3,65.3,65.3,65.3,65.3,65.3,65.3,65.3,65.3,65.3,65.3,65.3,65.3,65.3,65.3,65.3,65.3,65.3,65.3,65.3,65.3,65.3,65.3,65.3,65.3,65.3,65.3,65.3,65.3,65.3,65.3,65.3,65.3,65.3,65.3,65.3,65.3,65.3,65.3,65.3,65.3,65.3,65.3,65.3,65.3,65.3,65.3,65.3,65.3,65.3,65.3,65.3,65.3,65.3,65.3,65.3,65.3,65.3,65.3,65.3,65.3,63.37,35.6,60.7,60.7,60.7,60.7,60.7,60.7,60.7,60.7,60.7,60.7,60.7,60.7,60.7,60.7,60.7,60.7,60.7,60.7,60.7,60.7,0.0,18.1,46.01,69.5,69.5,69.5,69.5,69.5,69.5,69.5,69.5,69.5,69.5,69.5,69.5,69.5,69.5,69.5,69.5,69.5,69.5,69.5,69.5,69.5,69.5,69.5,69.5,69.5,69.5,69.5,69.5,69.5,69.5,69.5,69.5,69.5,69.5,69.5,69.5,69.5,69.5,69.5,69.5,69.5,69.5,69.5,69.5,69.5,69.5,69.5,69.5,69.5,69.5,69.5,69.5,69.5,69.5,69.5,69.5,69.5,69.5,69.5,69.5,69.5,69.5,69.5,69.5,69.5,69.5,69.5,69.5,69.5,69.5,69.5,69.5,69.5,69.5,69.5,69.5,69.5,69.5,69.5,69.5,73.7,73.7,40.0,33.8,33.8,33.8,33.8,33.8,33.8,33.8,33.8,33.8,33.8,33.8,33.8,33.8,33.8,33.8,33.8,33.8,33.8,33.8,33.8,33.8,33.8,33.8,33.8,33.8,33.8,33.8,33.8,33.8,33.8,33.8,33.8,33.8,33.8,33.8,33.8,33.8,33.8,33.8,33.8,33.8,33.8,33.8,33.8,33.8,33.8,33.8,33.8,33.8,33.8,33.8,33.8,33.8,33.8,33.8,33.8,33.8,33.8,33.8,33.8,33.8,33.8,33.8,33.8,33.8,33.8,33.8,33.8,33.8,33.8,33.8,33.8,33.8,33.8,33.8,33.8,30.5,65.6,47.29,32.84,32.6,28.8,28.8,28.8,12.5,12.5,12.5,12.5,12.5,12.5,12.5,12.5,12.5,12.5,12.5,12.5,12.5,12.5,12.5,12.5,12.5,12.5,12.5,12.5,12.5,12.5,12.5,12.5,12.5,12.5,12.5,12.5,12.5,12.5,12.5,12.5,12.5,12.5,12.5,12.5,12.5,12.5,12.5,12.5,12.5,12.5,12.5,12.5,12.5,12.5,12.5,12.5,12.5,12.5,12.5,12.5,12.5,12.5,12.5,12.5,7.7
P082,75.2,67.1,67.0,67.0,52.96,50.5,50.5,50.5,50.5,50.5,50.5,50.5,50.5,50.5,50.9,50.9,50.9,50.9,50.9,50.9,50.9,50.9,60.65,64.5,64.5,64.5,64.5,64.5,64.5,64.5,64.5,64.5,64.5,64.5,64.5,64.5,64.5,64.5,64.5,64.5,64.5,64.5,64.5,64.5,64.5,64.5,64.5,64.5,64.5,64.5,64.5,64.5,64.5,64.5,64.5,64.5,64.5,64.5,64.5,64.5,64.5,88.33,73.95,76.9,71.6,83.0,73.1,74.04,70.31,72.21,80.4,53.1,74.88,72.4,63.3,67.93,68.5,68.2,68.2,68.32,68.4,66.8,73.09,62.2,62.0,67.18,64.24,69.27,70.38,69.6,68.49,75.38,72.38,60.93,79.18,69.2,78.1,75.2,75.2,75.2,75.2,75.61,73.5,83.74,83.57,83.8,83.8,83.8,83.8,83.6,83.6,83.6,83.6,79.02,81.9,84.71,81.89,71.54,74.2,70.29,69.5,76.1,76.1,76.1,76.1,76.1,76.1,76.1,76.1,76.1,76.1,76.1,76.1,86.45,83.3,83.3,83.3,83.3,83.3,83.3,83.3,60.06,61.65,64.04,64.96,65.4,47.71,28.2,17.3,17.3,17.3,17.3,18.15,12.0,24.1,24.1,24.1,24.1,24.1,24.1,24.1,24.1,24.1,24.1,24.1,24.1,24.1,24.1,24.1,10.2,27.77,10.21,21.49,17.15,23.9,25.0,25.2,25.2,25.2,25.2,25.2,25.2,25.2,23.67,17.49,22.85,28.9,29.77,59.4,84.67,81.49,58.53,69.4,73.07,69.24,71.1,71.1,71.1,71.1,71.1,71.1,76.1,76.1,76.1,76.1,76.1,76.1,80.7,78.38,71.5,71.6,71.6,71.6,71.6,71.6,71.6,71.6,71.22,82.6,67.95,63.3,59.3,63.05,73.5,73.01,66.79,66.4,63.96,63.9,63.9,63.9,63.9,63.6,77.69,66.5,64.4,59.65,73.5,73.5,73.06,72.8,78.4,78.7,78.44,76.7,67.4,72.74,73.9,74.53,65.92,73.89,74.2,74.2,69.3,69.3,69.3,67.52,62.94,72.1,61.37,68.39,71.9,71.8,71.71,69.6,69.6,35.24,25.8,25.8,25.8,25.8,25.8,25.8,25.8,26.4,26.4,26.5,26.5,26.5,26.5,26.5,40.95,68.2,68.2,68.2,68.2,68.2,68.2,68.2,68.2,69.18,67.3,63.7,63.7,63.7,63.7,63.7,63.7,63.7,63.7,63.7,63.7,63.7,63.7,63.7,63.7,63.7,63.7,63.7,63.7,63.7,63.7,63.7,63.7,63.7,63.7,63.7,63.7,63.7,63.7,63.7,63.7,63.7,63.7,63.7,63.7,63.7,63.7,63.7,63.7,63.7,63.7,63.7,63.7,63.7,63.7,63.7,63.7,63.7,63.7,63.7,63.7,63.7,63.7,66.0,65.9,65.9,65.9,65.9,65.9,65.9,65.9,65.9,65.9,65.9,65.9,65.9,65.9,65.9,65.9,65.9,65.9,65.9,78.9,80.4,80.4,80.4,80.4,80.4,80.4,80.4,80.4,80.4,80.4,80.4,80.4,80.4,80.4,80.4,80.4,80.4,80.4,80.4,80.4,80.4,80.4,80.4,80.4,80.4,80.4,80.4,80.4,80.4,80.4,80.4,80.4,80.4,76.7,76.7,76.5,65.3,43.8,43.8,43.8,27.9,27.9,27.9,27.9,27.9,27.9,27.9,27.9,27.9,27.9,27.9,27.9,27.9,27.9,27.9,27.9,27.9,27.9,27.9,27.9,27.9,27.9,27.9,27.9,27.9,27.9,27.9,27.9,27.9,27.9,27.9,27.9,27.9,27.9,27.9,27.9,27.9,27.9,27.9,27.9,26.1,22.8,22.8,24.8,22.5,23.3,33.0,33.0,33.0,33.0,33.0,33.0,33.0,33.0,33.0,33.0,33.0,33.0,33.0,33.0,33.0,33.0,33.0,33.0,33.0,33.0,33.0,33.0,33.0,33.0,33.0,33.0,31.29,30.91,20.1,20.1,20.1,20.1,20.1,20.1,20.1,20.1,20.1,20.1,20.1,20.1,20.1,20.1,20.1,20.1,20.1,20.1,20.1,20.1,20.1,20.1,20.1,20.1,20.1,20.1,20.1,20.1,20.1,20.1,20.1,20.1,20.1,20.1,20.1,20.1,20.1,20.1,20.1,20.1,20.1,20.1,20.1,20.1,20.1,20.1,20.1,20.1,20.1,20.1,20.1,7.43,25.6,25.6,25.6,25.6,25.6,25.6,25.6,25.6,25.6,25.6,25.6,25.6,25.6,25.6,25.6,25.6,25.5,25.5,25.9,25.9,33.6,33.8,33.8,33.8,33.8,33.8,33.8,33.8,33.8,33.8,33.8,33.8,33.8,33.8,33.8,33.8,33.8,33.8,33.8,33.8,33.8,33.8,33.8,33.8,33.8,33.8,24.38,10.5,8.6,8.6,10.8,11.13,10.8,11.52,8.08,8.5,8.5,8.5,8.5,8.5,8.5,8.5,8.5,8.5,8.5,8.5,9.3,9.3,9.3,9.3,9.3,9.3,9.3,9.3,9.1,8.23,9.6,9.6,9.6,18.7,15.6,15.14,8.5,7.84,17.1,14.02,19.92,14.88,15.9,12.89,13.9,15.3,15.3,18.11,17.9,17.9,17.9,17.9,17.9,17.9,17.9,17.9,17.9,17.9,17.9,17.9,17.9,12.49,18.76,12.0,11.1,4.6,4.6,4.6,4.6,4.6,4.6,5.1,5.1,5.1,5.1,5.1,5.1,5.1,5.1,5.1,5.1,5.1,5.1,5.1,5.1,5.1,5.1,5.1,76.61,76.7,78.52,86.45,88.62,84.1,84.1,84.1,84.1,84.1,84.1,84.1,84.1,84.1,84.1,84.1,84.1,84.1,84.1,85.0,85.0,85.0,85.0,85.0,85.0,85.0,85.0,85.0,80.4,81.8,81.8,81.8,81.8,81.8,81.8,81.8,81.8,81.8,81.8,81.8,81.8,81.8,81.8,81.8,81.8,81.8,81.8,81.8,81.8,81.8,81.8,81.8,81.8,81.8,81.8,81.8,81.8,81.8,81.8,86.32,85.3,85.3,85.3,85.3,85.3,85.3,85.3,85.3,85.3,85.3,85.3,85.3,85.3,85.3,85.3,85.3,85.3,85.3,85.3,85.3,85.3,85.3,85.3,85.3,85.3,85.3,85.3,85.3,85.3,85.3,85.3,85.3,85.3,85.3,88.4,84.9,99.1,72.77,68.48,73.92,73.0,73.9,67.0,78.4,76.46,89.2,81.52,78.88,100.0,83.5,81.8,81.58,81.5,81.5,81.5,81.5,81.3,81.3,81.3,81.3,81.3,81.3,81.3,81.3,81.3,81.3,81.3,81.3,81.3,81.3,81.3,81.3,78.19,69.8,69.1,79.5,78.49,65.0,65.0,65.0,65.1,65.4,65.4,65.4
P083,56.8,56.4,58.83,59.1,59.1,59.1,59.1,59.1,59.1,59.1,59.1,59.1,59.1,59.1,59.1,59.1,59.1,59.1,59.1,59.1,59.1,59.1,59.1,59.1,59.1,59.1,59.1,59.1,59.1,59.1,66.0,62.7,62.9,63.04,63.74,62.2,62.2,62.2,66.4,71.54,71.4,71.0,71.0,69.1,69.82,66.6,65.22,70.81,70.1,69.38,67.6,67.6,67.6,67.6,68.36,65.8,65.8,65.8,65.8,65.8,66.8,56.6,56.6,56.6,56.6,56.6,56.69,58.7,58.7,59.8,56.9,57.5,61.6,61.4,62.5,65.72,62.2,62.2,66.29,51.06,63.7,63.5,63.5,63.5,63.5,68.3,67.0,59.31,58.9,58.9,57.64,55.8,55.17,58.66,58.1,64.36,58.37,60.0,62.5,62.5,62.5,62.5,58.24,61.4,61.53,59.5,58.3,58.3,60.07,59.5,57.1,58.16,58.1,57.3,57.3,57.3,57.3,57.95,73.94,68.3,62.49,58.68,59.7,59.7,59.7,61.2,63.42,62.2,62.56,62.2,62.2,56.9,52.1,37.6,37.6,34.42,61.4,61.4,61.4,61.4,61.4,61.4,61.4,61.4,61.4,61.4,61.4,61.4,61.4,61.4,61.6,60.8,60.8,60.8,60.8,56.33,56.87,58.5,58.5,58.5,64.1,62.9,62.76,61.4,60.2,59.3,59.3,59.3,59.3,59.1,60.2,62.7,62.9,62.9,62.41,62.0,62.0,62.0,62.0,62.4,62.4,62.4,61.68,61.0,51.54,57.5,61.0,63.16,65.47,72.2,72.2,71.8,74.5,78.8,76.6,76.6,73.95,73.37,72.0,67.4,70.1,73.0,74.5,81.1,82.47,83.0,85.76,90.2,88.8,90.45,86.9,83.14,75.3,66.53,63.5,63.5,63.5,63.5,59.74,61.93,61.8,62.7,62.68,64.76,59.3,50.87,55.2,55.2,55.2,55.2,56.74,56.33,62.6,71.0,70.5,68.3,67.07,66.6,63.9,62.5,61.99,59.7,59.7,59.8,59.8,59.8,59.8,59.8,59.8,59.8,59.8,59.8,59.8,60.0,59.94,60.07,60.2,60.2,64.97,62.5,57.9,58.1,50.33,61.2,68.5,63.5,67.0,67.0,67.0,68.7,67.0,51.2,51.83,50.6,52.77,52.9,52.9,52.9,52.9,52.9,52.9,52.9,52.9,52.9,52.9,52.9,52.9,52.9,52.9,52.9,52.9,52.9,53.3,52.1,54.6,53.9,49.52,46.3,52.57,54.47,56.2,53.68,52.46,51.4,51.12,49.6,49.6,49.6,49.6,48.41,45.07,42.24,37.5,37.5,32.75,33.64,28.18,47.7,63.3,63.7,62.58,59.7,61.0,59.8,61.2,62.31,62.2,62.43,62.0,61.2,61.2,61.2,61.2,61.4,61.4,62.2,62.2,62.2,61.2,60.0,59.8,59.8,59.8,59.8,59.8,59.8,59.8,59.8,59.8,59.8,59.8,59.8,59.8,59.8,59.8,59.8,59.8,59.37,59.1,59.1,59.1,59.1,59.1,58.5,58.5,60.2,60.2,59.83,63.56,62.0,62.0,62.0,59.8,58.9,58.9,58.9,58.9,58.9,58.9,58.9,59.1,59.1,59.8,61.2,61.2,61.2,58.9,59.1,58.9,59.31,60.0,60.2,60.2,59.53,42.1,45.2,46.3,51.7,54.2,58.1,54.83,48.3,50.6,50.78,52.07,49.4,49.4,49.63,51.4,51.4,51.4,51.4,51.4,51.4,51.79,51.5,51.5,51.5,51.5,50.6,47.3,47.3,47.3,47.3,47.3,47.3,47.3,47.9,48.3,48.3,59.5,42.3,41.42,44.82,54.8,54.8,54.8,45.53,44.8,44.4,39.4,39.4,39.4,39.4,39.4,39.4,39.4,39.4,39.4,40.9,40.9,40.7,40.7,41.7,41.7,41.7,41.7,41.7,41.7,41.7,41.7,41.7,41.7,41.7,41.7,41.7,41.7,41.7,41.7,41.7,41.7,41.7,41.7,41.7,41.7,41.7,41.7,41.7,41.7,41.7,41.7,35.23,40.3,40.3,40.3,40.3,38.8,38.8,38.8,36.5,36.5,36.5,36.5,32.1,32.14,37.6,37.6,37.6,38.2,39.19,35.45,29.54,38.8,38.8,38.8,37.8,48.4,45.2,45.2,45.2,45.2,45.2,45.2,45.2,45.2,44.34,46.1,43.1,44.2,38.0,34.25,30.43,30.7,23.6,17.73,16.6,17.6,17.56,21.8,24.37,30.1,30.1,30.1,30.1,30.1,30.1,30.1,30.1,30.1,30.1,30.1,29.85,28.2,28.2,28.2,28.2,28.2,28.8,27.8,27.8,27.8,27.8,27.8,27.8,27.8,27.8,27.8,27.8,27.8,25.7,30.5,30.5,30.5,30.5,30.5,30.5,30.5,30.5,30.5,30.5,30.5,30.5,30.5,28.62,27.4,27.4,30.3,27.14,27.4,27.4,27.4,24.47,25.7,31.1,29.72,31.16,26.96,23.77,21.38,24.97,26.4,25.7,25.98,23.93,21.4,21.4,23.29,23.0,25.5,36.0,37.3,37.3,37.3,42.7,42.7,42.7,42.7,42.7,42.7,42.7,42.7,42.7,42.7,66.71,47.64,42.7,38.2,38.2,59.32,33.34,33.2,33.2,33.2,33.2,33.2,33.2,33.2,33.2,33.2,33.2,33.2,29.1,23.4,23.4,23.4,23.4,23.4,23.4,23.4,23.4,21.3,19.1,19.1,19.1,19.1,19.1,19.1,19.1,19.1,19.1,19.1,19.1,19.1,19.1,19.1,19.1,19.1,19.1,19.1,19.1,19.1,19.1,19.1,19.1,19.1,19.1,19.1,19.1,19.1,19.1,19.1,19.1,19.1,19.1,19.1,19.1,18.7,19.1,19.5,19.5,28.96,17.2,28.21,11.4,11.81,11.32,17.0,17.0,17.0,17.0,17.0,17.0,17.0,17.0,17.0,17.0,17.0,18.1,19.7,19.7,19.3,19.3,19.3,19.35,23.2,23.2,23.2,23.2,23.43,24.1,24.1,27.8,27.6,27.6,27.6,27.8,27.8,27.8,27.8,27.8,27.8,27.8,27.8,27.8,27.8,27.8,27.8,27.8,27.8,27.8,27.8,27.8,27.8,27.8,27.74,27.6,27.6,27.3,26.8,26.8,26.8,26.8,25.7,25.7,25.7,25.7,25.7,25.7,25.7,25.7,25.7,25.7,25.7,25.7,25.7,25.7,25.7,25.7,25.7,25.7,25.7,25.7,25.7,25.7,25.7,25.7,25.7,25.7,25.7,25.7,25.7,25.7,25.7,25.7,25.7,25.7,25.7,25.7,25.7,25.7,25.7,25.7,25.7,25.7,25.7,25.7,25.5,28.36,52.9,52.9,52.9,52.9,52.9,52.9,52.9,53.7,53.1,53.1,53.1,53.1,53.1,53.1,53.1,53.1,53.1,53.1,53.1,53.1
P084,49.8,49.8,49.8,49.8,49.8,49.8,49.8,49.8,49.8,49.8,49.8,49.8,49.8,49.8,49.8,49.8,49.8,49.8,49.8,49.8,49.8,49.8,49.8,49.8,49.8,49.8,49.8,49.8,49.8,49.8,49.8,49.8,49.8,49.8,49.8,49.8,49.8,49.8,49.8,49.8,49.8,49.8,49.8,49.8,49.8,49.8,49.8,49.8,49.8,49.8,49.8,49.5,49.5,49.5,49.5,49.5,49.5,49.5,49.5,49.5,49.5,49.5,44.4,42.6,42.6,45.12,49.74,50.5,50.5,50.5,51.9,51.9,51.9,51.9,51.9,51.9,51.9,51.9,51.9,51.9,51.9,51.9,51.9,51.9,51.9,51.9,51.9,51.9,51.9,51.9,51.9,51.9,51.9,51.9,51.9,51.9,51.9,51.9,51.9,51.9,51.9,51.9,51.9,51.9,51.9,51.9,51.9,51.9,51.9,51.9,51.9,51.9,51.9,51.9,51.9,51.9,51.9,51.9,51.9,51.9,51.9,51.9,51.9,51.9,51.9,51.9,51.9,51.9,51.9,51.9,51.9,51.9,51.9,51.9,51.9,51.9,51.9,51.9,51.9,51.9,51.9,51.9,51.9,51.9,51.9,51.9,51.9,51.9,51.9,51.9,51.9,51.9,51.9,51.9,51.9,51.9,51.9,51.9,51.9,51.9,51.9,51.9,51.9,51.9,51.9,51.9,51.9,51.9,51.9,51.9,51.9,51.9,51.9,51.9,51.9,51.9,51.9,51.9,51.9,51.9,51.9,51.9,51.9,51.9,51.9,51.9,51.9,51.9,51.9,51.9,51.9,51.9,51.9,51.9,51.9,51.9,51.9,51.9,51.9,51.9,51.9,51.9,51.9,51.9,51.9,51.9,51.9,51.9,51.9,51.9,51.9,51.9,51.9,51.9,51.9,51.9,51.87,44.4,47.73,50.0,50.0,50.0,50.0,50.0,50.0,50.0,50.0,50.2,50.2,42.01,42.4,42.4,42.4,42.4,42.4,42.4,42.4,42.4,42.4,42.4,42.4,42.4,42.4,42.4,42.4,42.4,42.4,42.4,42.4,42.4,42.4,42.4,42.4,42.4,42.4,42.4,42.4,42.4,42.4,42.4,42.4,42.4,42.4,42.4,42.4,42.4,42.4,42.4,43.53,44.0,48.46,51.46,50.5,50.5,50.5,50.5,50.5,50.5,50.5,50.5,50.5,50.5,50.5,50.5,50.5,50.5,50.5,50.5,50.5,50.5,50.5,50.5,55.2,57.6,57.3,57.6,57.3,57.3,57.3,57.3,57.3,57.3,57.1,57.1,57.1,57.1,56.5,56.5,56.5,59.65,73.8,71.1,71.1,71.1,71.1,73.1,74.08,73.5,73.3,73.3,73.3,73.3,73.1,73.1,73.1,73.1,73.1,73.1,73.1,73.1,71.8,58.8,56.51,57.67,58.8,58.8,58.8,61.13,62.2,62.3,62.3,62.3,62.3,62.3,62.3,62.3,62.3,62.3,62.3,62.3,62.3,62.3,62.3,62.3,62.3,62.3,62.3,62.3,62.3,62.3,62.3,62.3,62.3,62.3,62.3,62.3,62.3,62.3,62.3,62.3,62.3,62.3,62.3,61.87,57.3,57.3,57.3,57.3,57.3,55.2,52.8,52.8,52.8,52.8,52.8,52.8,52.8,52.8,52.8,52.8,52.9,52.9,52.9,52.9,54.3,54.3,54.3,54.3,54.3,54.3,54.3,54.3,54.3,54.3,54.3,54.3,54.3,54.3,54.3,54.3,54.3,54.3,54.3,54.3,54.3,54.3,54.3,54.3,54.3,54.3,54.3,54.3,54.3,54.3,54.3,54.3,54.3,54.3,54.3,62.93,60.63,65.7,67.0,79.6,79.6,79.6,79.6,79.6,79.6,79.8,79.8,79.8,79.8,79.8,79.8,79.8,79.8,79.8,79.8,79.8,79.8,79.8,79.8,79.8,79.8,79.8,79.8,79.8,79.8,79.8,79.8,79.8,79.8,79.8,79.8,79.8,79.8,79.8,79.8,79.8,79.8,79.8,80.1,80.1,80.1,80.1,80.1,80.1,80.1,80.1,80.1,80.1,80.1,80.1,80.1,80.1,80.1,80.1,80.1,79.9,79.9,79.9,79.9,79.9,79.9,79.9,79.9,79.9,79.9,79.9,79.9,79.9,79.9,79.9,79.9,79.8,79.8,79.8,79.8,79.8,69.4,66.8,67.6,67.6,67.6,67.6,67.6,67.6,69.46,70.7,70.7,70.7,70.7,70.7,70.7,70.7,70.8,70.8,70.8,70.8,70.8,77.4,80.7,80.7,80.7,80.6,80.6,80.6,80.6,80.6,80.6,80.6,80.6,80.6,80.6,80.4,80.4,80.4,80.4,80.4,80.4,80.4,80.4,80.4,80.4,80.4,80.4,79.8,80.4,80.4,80.4,80.7,80.9,80.9,80.9,80.9,80.9,80.9,80.9,80.9,80.9,80.9,80.9,81.0,81.2,82.1,91.74,92.0,92.0,92.0,92.0,92.0,92.0,92.0,92.0,92.0,92.0,92.0,92.0,100.0,99.06,96.5,93.7,93.7,93.7,93.8,94.0,94.0,94.1,94.11,94.3,94.3,94.3,94.3,94.3,94.3,95.4,95.2,91.66,91.2,91.2,91.2,91.2,91.2,91.2,91.2,91.2,91.2,91.2,91.2,91.2,91.2,91.2,91.2,91.2,91.2,100.0,100.0,100.0,100.0,100.0,100.0,100.0,100.0,100.0,100.0,100.0,100.0,100.0,100.0,100.0,100.0,100.0,100.0,100.0,100.0,100.0,100.0,100.0,100.0,100.0,100.0,100.0,100.0,100.0,100.0,100.0,100.0,100.0,100.0,100.0,100.0,100.0,100.0,100.0,99.96,99.7,99.7,99.7,99.7,99.7,99.7,99.7,99.7,99.7,99.7,99.7,99.7,99.7,99.7,99.7,99.7,99.7,99.7,99.7,99.2,96.93,87.02,74.7,70.34,73.0,73.9,73.0,73.0,73.0,72.8,72.8,72.8,72.8,72.8,72.8,72.8,72.8,72.8,72.8,72.8,72.8,72.8,72.8,72.8,65.2,50.6,53.2,51.7,53.7,52.3,52.3,52.3,52.3,51.69,51.5,51.49,50.6,50.6,50.6,50.6,50.6,50.6,50.6,49.7,49.4,49.2,49.2,49.14,50.0,50.0,50.0,49.8,49.8,49.8,49.8,50.21,50.8,50.8,50.8,50.8,50.8,50.8,50.8,50.8,50.8,50.8,50.8,50.8,50.8,50.8,50.8,50.8,50.8,50.8,50.8,50.8,50.8,50.8,50.8,50.29,50.6,50.5,50.5,50.5,50.29,50.2,50.2,50.2,50.0,50.0,50.0,50.0,50.0,50.0,49.8,49.8,49.8,49.8,49.8,49.8,49.8,49.8,49.53,55.54,67.08,68.2,68.2,68.2,68.4,68.4,68.4,68.4,68.4,68.4,68.4,68.4,68.4,68.4,68.4,68.4,68.4,68.4
P085,52.1,52.1,52.1,52.1,52.1,52.1,52.1,52.1,52.1,52.1,52.1,52.1,52.1,52.1,52.1,52.1,57.8,57.8,57.8,57.8,57.8,57.8,57.8,57.8,54.7,53.5,47.39,44.7,44.7,45.3,45.3,45.3,45.3,45.3,45.3,45.9,45.9,44.1,43.9,43.9,43.9,43.9,43.9,48.6,49.2,53.9,53.9,53.9,53.9,53.9,53.9,53.9,53.9,54.3,54.3,54.3,55.28,55.1,55.1,55.1,55.1,55.1,55.1,55.1,55.1,51.2,51.2,51.2,51.2,51.2,51.2,51.2,51.2,53.3,55.5,55.5,55.5,55.5,55.5,55.5,55.5,55.5,55.5,55.5,55.5,55.9,55.9,55.9,55.9,55.9,55.9,54.3,54.3,54.3,54.3,54.3,54.3,54.3,54.3,54.3,54.3,54.3,54.3,54.3,54.3,54.3,54.3,54.3,54.3,55.1,58.4,58.4,58.4,58.4,57.85,53.7,53.7,53.7,53.7,53.7,53.7,53.7,53.7,52.0,53.1,56.3,60.2,60.2,60.2,60.2,55.5,53.1,53.1,53.1,53.1,53.1,53.1,52.7,52.7,52.7,52.7,52.7,52.7,52.7,52.7,52.7,52.75,52.3,52.3,52.3,52.3,53.1,54.3,60.2,57.8,57.8,57.8,57.8,57.8,57.8,57.8,57.8,57.8,57.8,57.8,57.8,57.8,57.8,57.8,57.8,57.8,57.8,57.8,57.8,57.8,57.8,57.8,57.8,56.3,53.7,53.7,53.7,53.7,53.7,53.7,53.7,53.7,53.7,53.7,53.7,53.7,53.7,53.7,53.7,53.7,53.7,53.7,53.7,53.7,53.7,53.7,53.7,53.7,53.7,53.7,53.7,53.7,53.7,53.7,53.7,56.3,56.3,56.3,56.3,56.3,56.3,56.3,56.3,56.3,56.3,56.3,56.3,56.3,56.3,56.3,55.26,56.68,54.3,54.3,54.3,54.3,54.3,54.3,55.1,55.1,55.1,55.1,55.1,55.1,55.1,52.1,52.0,52.0,52.0,52.0,52.0,52.0,52.0,52.0,52.0,52.0,54.7,54.7,54.7,54.7,54.7,54.7,54.7,54.7,54.7,54.7,54.7,54.7,54.7,54.7,54.7,58.4,58.4,58.4,57.6,57.6,57.6,53.3,53.3,53.3,53.3,53.3,54.7,56.6,55.3,55.3,55.3,55.3,58.0,58.0,58.0,50.4,50.4,50.4,50.4,53.1,63.69,82.8,83.6,94.79,96.7,96.7,96.7,96.7,96.7,96.7,96.7,96.7,96.7,96.7,96.7,96.7,96.7,96.7,96.7,96.7,96.7,96.7,96.7,96.7,96.7,96.7,63.9,55.16,55.1,55.1,55.1,52.3,52.3,52.3,52.3,52.3,52.3,52.3,52.3,51.6,52.5,52.7,52.7,52.7,52.7,52.7,52.7,53.1,53.1,52.31,52.3,52.3,52.3,52.3,52.3,52.3,52.3,52.3,52.3,52.3,52.3,52.3,52.3,52.3,52.3,52.3,52.3,52.3,52.3,52.3,52.3,52.3,52.3,52.3,52.3,52.3,52.3,52.3,58.82,60.7,55.8,46.7,46.7,46.7,46.5,46.5,46.1,45.9,45.9,45.9,45.9,45.9,45.9,45.9,45.9,45.9,45.9,44.7,43.9,43.9,43.9,43.9,43.9,43.9,43.9,43.9,43.9,43.9,43.9,43.9,43.9,43.9,43.9,43.9,43.9,43.9,43.9,43.9,43.9,43.9,43.9,43.9,43.9,43.9,43.9,43.9,43.9,43.9,43.9,43.9,43.9,40.4,37.7,37.7,37.7,37.7,37.7,37.7,31.4,31.4,31.4,31.4,24.92,24.6,24.6,24.6,24.6,24.6,24.6,24.6,24.6,24.6,24.6,24.6,24.6,24.6,24.6,24.6,24.6,24.6,23.4,29.66,30.7,30.7,30.7,30.7,30.7,30.7,30.7,30.7,30.7,30.7,30.7,30.7,30.7,30.7,30.7,30.7,30.7,30.7,30.7,30.7,30.7,30.7,30.7,30.7,30.7,30.7,30.7,30.7,32.72,40.2,41.2,41.8,46.46,48.4,48.4,48.4,48.4,48.4,48.4,48.4,48.4,48.4,48.4,48.4,48.4,48.4,48.4,48.4,48.4,48.4,48.4,48.4,48.4,48.4,44.7,41.0,41.0,41.0,41.0,41.0,41.0,41.0,41.0,41.0,41.0,41.0,41.0,41.0,41.0,41.0,41.0,41.0,41.0,41.0,41.0,41.0,41.0,41.0,41.0,41.0,41.0,41.0,41.0,51.64,53.1,53.1,53.1,53.1,53.1,53.1,53.1,53.1,53.1,53.1,53.1,53.1,47.92,42.4,39.5,28.7,28.7,27.3,27.3,27.3,27.3,27.3,27.3,27.3,27.3,27.3,27.3,27.3,27.3,22.3,22.3,22.3,22.3,22.3,22.3,22.3,22.3,14.6,14.6,12.1,9.8,9.8,9.8,9.8,9.8,9.8,9.8,9.8,9.8,9.8,9.8,9.8,9.8,9.8,9.05,8.4,8.6,8.6,8.6,8.6,6.3,6.3,6.3,6.3,6.3,9.2,9.2,9.2,9.2,9.2,9.2,44.9,47.9,47.9,48.36,49.2,49.2,49.2,49.2,49.2,49.2,49.2,49.2,38.94,2.5,3.05,3.9,4.1,4.1,3.9,3.9,3.39,0.0,0.0,0.0,0.0,0.0,0.0,0.8,0.8,0.8,0.8,0.8,0.8,0.0,25.0,29.41,29.1,12.3,0.97,38.28,63.84,17.6,21.5,28.42,39.6,47.7,47.7,47.7,47.7,47.7,47.7,47.7,47.7,47.7,47.7,47.7,47.7,47.7,45.1,38.57,37.1,37.1,37.1,37.1,37.1,37.1,37.1,37.1,37.1,37.1,37.1,37.1,37.1,37.1,45.9,50.0,50.0,50.0,50.0,50.0,50.0,50.0,50.0,50.0,50.0,50.0,50.0,50.0,50.0,50.0,50.0,50.0,50.0,50.0,50.0,50.2,50.2,50.57,50.6,50.6,50.6,50.6,50.6,50.6,50.6,50.6,50.6,50.6,50.6,50.6,50.6,50.6,50.6,50.6,50.6,50.6,50.6,50.6,50.6,50.6,50.6,50.6,50.6,50.6,50.6,50.6,50.6,50.6,50.8,50.8,50.8,50.02,48.4,49.4,49.4,49.4,49.4,49.4,49.4,49.4,49.4,49.4,42.6,42.6,42.6,46.56,54.3,54.3,54.3,49.6,49.6,55.1,55.1,55.1,55.1,55.1,55.1,55.1,55.1,55.1,55.1,55.1,55.1,55.1,55.1,55.1,55.1,55.1,55.1,55.1,55.1,55.1,55.1,55.1,55.1,55.1,55.1,55.1,55.1,55.1,55.1,55.1,55.1,55.1,55.1,55.1,55.1,55.1,55.1,55.1,55.1,55.1,55.1,55.1,55.1,55.1,55.1,55.1,55.1,55.1
P086,84.6,84.8,21.0,30.4,40.62,69.2,70.5,70.7,70.7,74.8,82.2,33.6,33.6,33.6,33.6,33.6,33.6,33.6,33.6,33.6,33.6,33.6,33.6,33.6,33.6,33.6,33.6,33.6,33.6,33.6,33.6,33.6,68.93,70.9,70.9,70.9,70.9,70.9,70.9,70.9,70.9,70.9,70.9,70.9,81.3,79.8,37.21,23.6,20.6,20.6,20.6,20.6,20.6,20.6,20.6,20.6,20.6,18.93,15.4,15.26,17.1,17.1,17.1,17.1,17.1,17.1,17.1,17.1,17.1,17.1,17.1,16.65,5.9,0.0,0.0,0.0,7.6,7.6,7.6,7.6,7.6,7.6,7.6,12.21,0.0,37.1,36.0,24.34,24.7,24.7,24.7,38.48,74.14,75.9,75.9,75.9,75.3,75.3,75.3,75.3,77.05,78.7,86.3,86.3,86.3,86.3,86.3,86.3,86.3,86.3,86.3,86.3,86.3,86.3,86.3,86.3,86.3,86.3,86.3,75.45,77.24,77.4,77.4,77.4,77.4,77.4,77.4,77.4,77.4,77.4,77.4,77.4,77.4,77.4,77.4,77.4,77.4,77.4,95.0,81.13,11.5,11.5,11.1,11.1,11.1,11.1,11.1,11.1,11.1,11.1,11.1,11.1,11.1,11.1,11.1,11.1,11.1,11.1,11.1,11.1,11.1,11.1,11.1,11.1,11.1,11.1,11.1,11.1,11.1,11.1,11.1,11.1,11.1,11.1,11.1,11.1,11.1,11.1,11.1,11.1,11.1,11.1,11.1,11.1,11.1,11.1,11.1,11.1,11.1,11.1,11.1,11.1,11.1,11.1,11.1,11.1,11.1,11.1,11.1,11.1,11.1,11.1,11.1,11.1,11.1,11.1,11.1,11.1,11.1,11.1,11.1,11.1,11.1,11.1,11.1,11.1,11.1,11.1,26.33,74.4,74.4,74.6,74.6,74.6,74.6,74.6,74.6,74.6,74.6,74.6,74.6,74.6,74.6,74.6,74.6,74.6,74.6,74.6,74.6,74.6,74.6,74.6,74.6,74.6,74.6,74.6,74.6,74.6,74.6,74.6,74.6,74.6,74.6,74.6,74.6,74.6,74.6,74.6,74.6,74.6,74.6,74.6,74.6,74.6,74.6,74.6,74.6,74.6,74.6,74.6,74.6,74.6,76.78,68.3,68.3,68.3,68.3,68.3,68.3,68.3,68.3,68.3,68.3,68.3,68.3,68.3,68.3,68.3,68.3,68.3,68.3,68.3,68.3,68.3,68.3,68.3,68.3,68.3,68.3,68.3,68.3,68.3,68.3,68.3,68.3,68.3,68.3,68.3,68.3,68.3,68.3,68.3,68.3,68.3,68.3,68.3,68.3,68.3,68.3,68.3,68.3,68.3,68.3,68.3,68.3,68.3,68.3,68.3,68.3,68.3,68.3,68.3,68.3,68.3,68.3,68.3,68.3,68.3,68.3,68.3,68.3,68.3,68.3,68.3,68.3,68.3,68.3,68.3,68.3,68.3,68.3,68.3,68.3,68.3,68.3,68.3,68.3,68.3,68.3,68.3,68.3,68.3,68.3,68.3,68.3,68.3,68.3,68.3,70.41,35.8,31.7,29.1,29.1,29.1,29.1,29.1,29.1,29.1,29.1,29.1,29.1,29.1,29.1,29.1,29.1,29.1,29.1,29.1,29.1,29.1,29.1,29.1,29.1,29.1,29.1,29.1,29.1,29.1,29.1,29.1,29.1,29.1,29.1,29.1,29.1,29.1,29.1,29.1,29.1,29.1,29.1,29.1,29.1,29.1,29.1,29.1,29.1,29.1,29.1,29.1,29.1,29.1,29.1,29.1,29.1,29.1,29.1,29.1,29.1,29.1,29.1,29.1,29.1,29.1,29.1,29.1,2.64,12.63,12.8,13.27,26.2,26.2,26.2,26.2,26.2,26.2,26.2,26.2,26.2,26.2,26.2,26.2,26.2,26.2,26.2,26.2,26.2,26.2,26.2,26.2,26.2,26.2,26.2,26.2,26.2,26.2,26.2,26.2,26.2,26.2,26.2,26.2,26.2,26.2,26.2,26.2,26.2,26.2,26.2,26.2,26.2,26.2,26.2,26.2,26.2,26.2,26.2,26.2,26.2,26.2,26.2,26.2,26.2,26.2,26.2,26.2,26.2,26.2,26.2,26.2,26.2,26.2,26.2,26.2,26.2,26.2,26.2,26.2,26.2,26.2,26.2,26.2,26.2,26.2,26.2,26.2,26.2,26.2,26.2,26.2,26.2,26.2,32.04,29.5,29.5,29.5,29.5,29.5,29.5,29.5,29.5,29.5,29.5,29.5,29.5,29.5,67.5,67.7,67.7,70.7,70.9,70.9,70.9,70.9,70.9,70.9,70.9,70.9,70.9,70.9,70.9,70.9,70.9,70.9,70.9,70.9,70.9,70.9,70.9,70.9,70.9,70.9,70.9,70.9,70.9,70.9,70.9,70.9,70.9,70.9,70.9,70.9,70.9,70.9,70.9,70.9,70.9,70.9,70.9,70.9,70.9,70.9,70.9,70.9,70.9,70.9,70.9,70.9,70.9,70.9,70.9,100.0,69.8,72.94,73.1,73.1,73.1,22.6,34.88,70.5,70.5,35.3,36.2,45.56,49.0,68.5,68.5,68.5,68.8,68.8,68.8,68.8,68.8,68.8,68.8,68.8,68.8,68.8,68.8,39.0,35.6,35.6,35.6,35.6,35.6,35.6,35.6,35.6,35.6,35.6,35.6,35.6,35.6,35.35,34.7,34.7,34.7,34.7,34.7,34.7,34.7,34.7,34.7,34.7,34.7,34.7,34.7,34.7,34.7,34.7,34.7,34.7,34.7,34.7,34.7,34.7,34.7,34.7,34.7,34.7,34.7,34.7,34.7,34.7,34.7,34.7,34.7,34.7,34.7,34.7,75.74,76.1,76.1,76.1,76.1,76.1,76.1,76.1,76.1,76.1,76.1,76.1,76.1,76.1,76.1,76.1,29.26,30.2,30.2,30.2,30.2,30.2,30.2,30.2,30.2,30.2,30.2,30.2,30.2,30.2,30.2,30.2,30.2,30.2,30.2,30.2,30.2,30.2,30.2,30.2,30.2,30.51,40.05,32.1,32.1,30.6,30.6,30.6,30.6,30.6,30.6,30.6,30.6,30.6,30.6,30.6,30.6,30.6,30.6,30.6,30.6,30.6,30.6,30.6,30.6,30.6,30.6,30.6,30.6,30.6,30.6,30.6,30.6,30.6,30.6,30.6,30.6,30.6,30.6,30.6,30.6,30.6,30.6,30.6,30.6,30.6,30.6,30.6,32.5,41.8,67.2,67.2,67.2,67.2,67.2,67.2,67.2,67.2,67.2,67.2,67.2,67.2,67.2,67.2,67.2,67.2,67.2,67.2,67.2,67.2,67.2,67.2,67.2,67.2,67.2,67.2,67.2,67.2,67.2,67.2,67.2,67.2,67.2,67.2,67.2,67.2,61.43,78.1,78.1,78.1,78.1,78.1,78.1,78.1,78.1,78.1,78.1,78.1
P087,50.0,50.0,50.0,50.0,50.0,50.0,50.0,50.0,50.0,50.0,50.0,50.0,50.0,50.0,50.0,50.0,50.0,50.0,50.0,50.0,50.0,50.0,50.0,50.0,50.0,50.0,50.0,50.0,50.0,50.0,50.0,50.0,50.0,50.0,50.0,50.0,50.0,50.0,50.0,50.0,50.0,50.0,50.0,81.5,85.6,85.6,85.6,85.6,85.6,85.6,85.6,85.6,85.6,85.6,85.6,85.6,85.6,85.6,85.6,85.6,85.6,85.6,85.6,85.6,85.6,85.6,85.6,85.6,85.6,85.6,85.6,85.6,85.6,85.6,85.6,85.6,85.6,85.6,85.6,85.6,85.6,85.6,85.6,85.6,85.6,85.6,85.6,85.6,85.6,85.6,85.6,85.6,85.6,85.6,85.6,85.6,85.6,85.6,85.6,85.6,85.6,85.6,85.6,85.6,85.6,85.6,85.6,85.6,85.6,85.6,85.6,85.6,85.6,85.6,85.6,85.6,85.6,85.6,85.6,85.6,85.6,85.6,85.6,85.6,85.6,85.6,85.6,85.6,85.6,85.6,85.6,85.6,85.6,85.6,85.6,85.6,85.6,85.6,85.6,85.6,85.6,85.6,85.6,85.6,85.6,85.6,85.6,85.6,85.6,85.6,85.6,85.6,85.6,85.6,85.6,85.6,85.6,85.6,85.6,85.6,85.6,85.6,85.6,85.6,85.6,51.94,50.0,50.0,50.0,50.0,50.0,50.0,50.0,50.0,50.0,50.0,50.0,50.0,50.0,50.0,50.0,50.0,50.0,50.0,50.0,50.0,50.0,50.0,50.0,50.0,50.0,50.0,50.0,50.0,50.0,50.0,50.0,43.5,16.26,11.1,11.3,11.3,11.3,11.3,11.3,11.3,11.3,11.3,11.3,11.3,11.3,11.3,11.3,11.3,11.3,11.3,11.3,11.3,11.3,11.3,11.3,11.3,11.3,11.3,11.3,11.3,11.3,11.3,11.3,11.3,11.3,11.3,11.3,11.3,11.3,11.3,11.3,11.3,11.3,11.3,11.3,11.3,11.3,11.3,11.3,11.3,11.3,11.3,11.3,11.3,11.3,11.3,11.3,11.3,11.3,11.3,11.3,11.3,11.3,11.3,11.3,11.3,11.3,11.3,11.3,11.3,11.3,11.3,11.3,11.3,11.3,11.3,11.3,11.3,11.3,11.3,11.3,11.3,11.3,11.3,11.3,11.3,11.3,11.3,11.3,11.3,11.3,11.3,11.3,11.3,11.3,11.3,11.3,11.3,11.3,11.3,11.3,11.3,11.3,11.3,11.3,11.3,11.3,11.3,11.3,11.3,11.3,11.3,11.3,11.3,11.3,11.3,11.3,11.3,11.3,11.3,11.3,11.3,10.6,14.8,15.0,14.8,14.8,14.8,14.8,14.8,14.8,14.8,14.8,14.8,14.8,14.8,14.8,14.8,14.8,14.8,14.8,14.8,14.8,14.8,14.8,14.8,14.8,14.8,14.8,14.8,14.8,14.8,14.8,14.8,14.8,14.8,14.8,14.8,14.8,14.8,14.8,14.8,14.8,14.8,14.8,14.8,14.8,14.8,14.8,14.8,14.8,14.8,14.8,14.8,14.8,14.8,14.8,14.8,14.8,14.8,14.8,14.8,14.8,14.8,14.8,14.8,14.8,14.8,14.8,14.8,14.8,14.8,14.8,14.8,14.8,14.8,14.8,14.8,14.8,14.8,14.8,14.8,14.8,14.8,14.8,14.8,14.8,14.8,14.8,14.8,14.8,14.8,14.8,14.8,14.8,14.8,14.8,14.8,14.8,14.8,14.8,21.8,21.8,21.8,21.8,21.8,21.8,21.8,21.8,21.8,21.8,21.8,21.8,21.8,21.8,21.8,21.8,21.8,21.8,21.8,21.8,21.8,21.8,21.8,21.8,21.8,21.8,21.8,21.8,21.8,21.8,21.8,21.8,21.8,21.8,21.8,21.8,21.8,21.8,21.8,21.8,21.8,21.8,21.8,21.8,21.8,21.8,21.8,21.8,21.8,21.8,21.8,21.8,21.8,21.8,21.8,21.8,21.8,21.8,21.8,21.8,21.8,21.8,21.8,21.8,21.8,21.8,21.8,21.8,21.8,21.8,21.8,21.8,21.8,21.8,21.8,21.8,21.8,21.8,21.8,21.8,21.8,21.8,21.8,21.8,21.8,21.8,21.8,21.8,21.8,21.8,21.8,21.8,21.8,21.8,21.8,21.8,21.8,21.8,21.8,21.8,21.8,21.8,21.8,21.8,21.8,21.8,23.4,23.4,24.5,24.5,23.1,23.1,23.1,23.1,23.1,23.1,23.1,23.1,23.1,23.1,23.1,23.1,23.1,23.1,23.1,23.1,23.1,23.1,23.1,23.1,23.1,23.1,23.1,23.1,23.1,23.1,23.1,23.1,23.1,23.1,23.1,23.1,23.1,23.1,23.1,23.1,23.1,23.1,23.1,23.1,23.1,23.1,23.1,23.1,23.1,23.1,23.1,23.1,23.1,23.1,23.1,23.1,23.1,23.1,23.1,23.1,23.1,23.1,23.1,23.1,23.1,23.1,23.1,23.1,23.1,23.1,23.1,23.1,23.1,23.1,23.1,23.1,23.1,23.1,23.1,23.1,23.1,23.1,23.1,23.1,23.1,23.1,23.1,23.1,23.1,23.1,23.1,23.1,23.1,23.1,23.1,23.1,23.1,23.1,23.1,23.1,23.1,23.1,23.1,23.1,23.1,23.1,23.1,23.1,23.1,23.1,23.1,23.1,23.1,23.1,23.1,23.1,23.1,23.1,23.1,23.1,23.1,23.1,23.1,23.1,23.1,23.1,23.1,23.1,23.1,23.1,23.1,23.1,23.1,23.1,23.1,23.1,23.1,23.1,23.1,23.1,23.1,23.1,23.1,23.1,23.1,23.1,23.1,23.1,23.1,23.1,23.1,23.1,23.1,23.1,23.1,23.1,23.1,23.1,23.1,23.1,23.1,23.1,23.1,23.1,23.1,23.1,23.1,23.1,23.1,23.1,23.1,23.1,23.1,23.1,23.1,23.1,23.1,23.1,23.1,23.1,23.1,23.1,23.1,23.1,23.1,23.1,23.1,23.1,23.1,23.1,23.1,23.1,23.1,23.1,23.1,22.5,22.9,22.9,22.9,22.9,22.9,22.9,22.9,22.9,22.9,22.9,22.9,22.9,22.9,22.9,22.9,22.9,22.9,22.9,22.9,22.9,22.9,22.9,22.9,22.9,22.9,22.9,22.9,22.9,22.9,22.9,22.9,22.9,22.9,22.9,22.9,22.9,22.9,22.9,22.9,22.9,22.9,22.9,22.9,22.9,22.9,22.9,22.9,22.9,22.9,22.9,22.9,22.9,22.9,22.9,22.9,22.9,22.9,22.9,22.9,22.9,22.9,22.9,22.9,22.9,22.9,22.9,22.9,22.9,22.9,22.9,22.9,22.9,22.9,22.9,22.9,22.9,22.9,22.9,22.9,22.9,63.59,89.8,89.6,89.6,89.6,89.6,89.6,89.6,89.6
P088,79.8,79.8,79.8,79.8,79.8,79.8,79.6,79.3,65.6,65.6,65.6,73.1,72.2,57.99,47.8,49.3,50.6,50.6,50.6,50.6,50.6,50.6,50.6,50.6,50.6,50.6,50.6,50.6,50.6,50.6,50.6,50.6,50.6,50.6,61.91,60.0,60.0,60.0,60.0,60.0,60.0,60.0,60.0,60.0,60.0,60.0,60.0,60.0,60.0,60.0,60.0,60.0,60.0,60.0,60.0,60.0,60.0,60.0,60.0,60.0,60.0,60.0,60.0,60.0,59.4,59.1,59.1,59.1,59.1,59.1,61.9,61.9,65.6,65.6,65.6,65.6,65.6,65.6,65.6,65.6,65.6,65.6,65.6,65.6,65.6,68.0,68.0,68.0,68.0,68.0,68.0,68.0,68.0,68.0,68.0,68.0,68.0,68.0,68.0,68.0,68.0,68.0,68.0,68.0,68.0,68.0,68.0,68.0,68.0,68.0,68.0,68.0,68.0,68.0,68.0,68.0,68.0,68.0,68.0,68.0,68.0,68.0,68.0,68.0,68.0,68.0,68.0,68.0,68.0,68.0,56.35,14.11,14.6,14.6,14.6,14.6,14.6,14.6,14.6,14.6,14.6,19.33,32.2,32.2,32.2,32.2,32.2,32.2,32.2,32.2,32.2,32.2,32.2,32.2,32.2,32.2,32.2,32.2,32.2,32.2,32.2,32.2,32.2,32.2,32.2,32.2,32.2,32.2,32.2,32.2,32.2,32.2,32.2,32.2,32.2,32.2,32.2,32.2,48.32,57.8,61.5,61.5,61.3,64.06,58.1,51.7,51.7,50.9,50.9,50.9,50.9,50.9,43.5,43.5,43.5,43.5,65.0,67.6,67.6,67.6,67.6,67.6,67.6,67.6,67.6,67.6,37.36,36.5,36.5,36.5,36.5,36.5,36.5,36.5,36.5,36.5,36.5,36.5,36.5,36.5,36.5,66.56,70.6,70.6,70.6,70.6,70.6,70.6,70.6,70.6,70.6,70.6,70.6,70.6,70.6,70.6,70.6,70.6,70.6,70.6,70.6,70.6,70.6,70.6,70.6,70.6,70.6,70.6,70.6,70.6,70.6,70.6,70.6,70.6,70.6,70.6,70.6,70.6,70.6,70.6,70.6,70.6,70.6,70.6,70.6,70.6,70.6,70.6,70.6,70.6,70.6,70.6,70.6,70.6,70.6,70.6,70.6,70.6,70.6,70.6,70.6,70.6,70.6,70.6,70.6,70.6,70.6,70.6,70.6,70.6,70.6,70.6,70.6,71.5,65.9,65.9,65.9,65.9,65.9,65.9,65.9,65.9,65.9,65.9,65.9,65.9,63.46,64.6,64.6,64.6,64.6,64.6,64.6,64.6,64.4,63.9,61.96,57.6,55.7,55.7,57.6,57.6,57.6,57.6,57.6,57.6,57.6,57.6,57.6,57.6,57.6,57.6,57.6,57.6,57.6,57.6,57.6,57.6,57.6,57.6,57.6,71.3,63.1,63.1,64.8,64.8,64.8,64.8,64.8,64.8,64.8,64.8,64.8,64.8,64.8,64.8,64.8,64.8,64.8,64.8,64.8,64.8,64.8,64.8,64.8,64.8,64.8,64.8,64.8,64.8,64.8,68.7,68.7,43.2,46.1,46.1,46.1,46.1,46.1,46.1,46.1,46.1,46.1,46.1,46.1,46.1,46.5,45.0,44.27,37.14,35.2,35.2,35.2,35.2,35.2,35.2,35.2,35.2,35.2,35.2,35.2,35.2,35.2,35.2,35.2,35.2,35.29,57.2,57.2,57.2,57.2,57.2,57.2,57.2,38.1,38.1,38.1,38.1,38.1,38.1,38.1,38.1,50.4,50.4,50.4,50.4,50.4,50.4,50.4,50.4,50.4,50.4,50.4,50.4,50.4,50.4,50.4,50.4,50.4,50.4,57.42,27.2,27.2,27.2,27.2,27.2,27.2,38.22,26.5,26.5,26.5,26.5,26.5,26.5,26.5,26.5,26.5,26.5,26.5,33.7,33.7,36.3,50.0,50.0,50.0,50.0,50.0,50.0,50.0,50.0,50.0,50.0,50.0,50.0,50.0,50.0,50.0,50.0,50.0,50.0,50.0,50.0,50.0,46.82,42.0,42.0,42.0,42.0,42.0,42.0,42.0,42.0,42.0,42.0,42.0,26.7,26.7,26.7,26.7,26.7,26.7,26.7,26.7,26.7,26.7,26.7,26.7,26.7,26.7,26.7,26.7,26.7,40.0,45.9,49.8,49.8,49.8,33.7,33.7,33.7,33.7,33.7,33.7,33.7,33.7,33.7,33.7,33.7,33.7,33.7,33.7,33.7,33.7,33.7,33.7,33.7,8.28,7.8,7.8,7.8,8.9,8.9,8.9,8.9,8.9,8.9,26.8,32.8,39.6,39.6,39.6,43.72,49.3,53.5,49.6,49.6,49.6,49.6,49.6,49.6,49.6,49.6,49.6,49.6,65.0,65.0,66.31,66.9,66.9,66.9,66.9,67.0,65.7,65.0,65.0,65.6,65.6,65.6,65.6,65.6,65.6,65.6,65.6,65.6,65.67,73.1,73.1,73.1,73.1,73.1,73.1,73.1,73.1,73.1,73.1,64.4,65.34,43.9,59.04,65.9,64.1,21.5,22.41,25.4,25.4,25.4,48.7,65.6,65.6,65.6,65.6,65.6,65.6,65.6,65.6,65.6,13.28,24.6,24.6,24.6,24.6,24.6,24.6,24.6,24.6,24.6,24.6,24.6,24.6,24.6,24.6,24.6,7.42,10.2,10.2,10.2,10.2,10.2,10.2,10.2,10.2,10.2,10.2,10.2,10.2,10.2,10.2,10.2,10.2,10.2,10.2,58.9,59.8,20.86,22.8,22.8,22.8,22.8,22.8,39.64,51.34,52.4,52.4,52.4,52.4,50.2,47.4,50.7,50.7,50.7,50.7,50.7,50.7,50.7,50.7,48.7,51.48,50.9,50.9,56.29,57.6,57.0,57.0,57.0,57.0,38.9,39.45,55.92,57.0,57.0,60.6,80.7,80.6,80.7,80.7,80.7,76.9,76.9,76.9,76.9,64.72,56.3,58.7,58.7,58.7,43.3,36.7,36.7,36.7,36.7,36.7,36.7,36.7,36.7,36.7,36.7,36.7,36.7,36.7,54.8,57.4,57.4,57.4,57.4,57.4,31.48,31.1,31.1,31.1,31.1,31.1,25.0,25.0,25.0,25.0,25.0,25.0,25.0,25.0,25.0,25.0,25.0,25.0,43.17,55.22,65.6,65.6,65.6,65.6,67.2,76.7,76.7,76.7,76.7,49.78,21.7,21.7,21.7,21.7,21.7,21.7,21.7,21.7,21.7,21.7,21.7,21.7,21.7,21.7,21.7,21.7,26.7,26.7,26.7,26.7,26.7,26.7,26.7,26.7,26.7,26.7,23.3,23.3,23.25,20.9,20.9,34.72,57.6,65.0,65.0,65.0,65.0,72.0,81.3,81.3,81.3,81.3,81.3,81.3,75.7,75.6,75.6,75.6,75.6,75.6,75.6,75.6,75.6
P089,97.7,97.7,97.7,97.7,97.7,97.7,97.7,97.7,97.7,97.7,97.7,97.7,97.7,97.7,97.7,97.7,97.7,97.7,97.7,97.7,97.7,97.7,97.7,97.7,97.7,97.7,97.7,97.7,97.7,97.7,97.7,97.7,97.7,97.7,97.7,97.7,97.7,97.7,97.7,97.7,97.7,97.7,96.61,90.5,87.71,86.3,90.0,93.1,93.1,93.1,93.1,93.1,93.1,93.1,93.1,93.1,93.1,93.1,93.1,93.1,93.1,93.1,94.0,94.0,94.0,94.0,95.8,95.1,95.1,95.1,95.1,93.7,93.7,93.7,77.89,75.5,75.5,75.5,75.9,75.9,75.9,75.9,75.9,75.9,75.9,75.9,75.9,75.9,75.9,76.2,76.4,76.4,75.0,75.0,83.8,83.8,83.8,83.8,83.8,83.8,83.8,85.92,96.5,96.5,96.5,96.5,96.5,96.5,96.5,96.5,96.5,96.5,96.5,96.5,96.5,97.51,97.9,97.9,99.8,99.1,96.97,96.3,96.3,96.3,96.3,96.3,96.3,96.3,96.3,96.3,96.3,96.53,96.5,96.5,96.5,96.5,96.5,96.5,96.5,96.5,96.5,96.5,96.5,96.5,96.5,96.5,96.5,96.5,96.3,96.3,96.3,96.3,96.3,96.3,96.3,96.3,96.3,96.07,93.32,91.7,91.7,88.4,85.05,81.2,81.2,81.2,81.2,79.57,75.0,75.0,69.0,62.72,62.7,62.7,62.7,62.7,62.7,62.7,62.7,62.7,62.7,62.7,62.7,62.7,62.7,62.7,62.5,61.6,60.6,60.6,60.6,41.83,39.85,40.3,40.3,40.3,40.3,40.3,40.3,40.3,40.3,40.3,40.3,40.3,40.3,40.3,40.3,40.3,40.3,37.0,35.0,35.0,35.0,35.0,35.0,35.0,35.0,36.1,36.3,31.0,28.7,28.7,28.7,28.5,28.5,28.5,28.5,28.5,28.5,28.5,28.5,28.5,28.5,28.5,28.5,28.5,28.5,28.5,28.5,28.5,28.5,28.5,28.5,28.5,28.5,28.5,28.5,28.5,28.5,28.5,31.86,7.9,7.9,7.9,7.9,7.9,7.9,7.9,7.9,7.9,7.9,7.9,7.9,7.9,7.9,7.9,7.9,7.9,7.9,6.5,4.2,4.2,0.0,2.8,2.8,2.8,2.8,2.8,2.8,2.8,2.8,2.8,2.8,2.8,2.8,2.8,2.8,2.8,2.8,2.8,2.8,2.8,2.8,4.6,4.6,4.6,4.6,4.6,4.6,4.17,3.7,3.7,3.7,3.7,3.7,3.7,3.7,3.7,3.7,3.7,3.7,3.7,3.7,3.7,3.7,3.7,3.7,3.49,2.8,2.8,2.8,2.8,2.8,2.8,2.8,2.8,2.8,2.8,2.8,2.8,2.8,2.8,2.8,2.8,2.8,2.8,2.8,2.8,2.8,2.8,2.8,2.8,2.8,2.8,2.8,2.8,2.8,2.8,2.8,2.8,2.8,2.8,2.8,2.8,2.8,2.8,2.8,2.8,2.8,2.8,5.8,5.8,5.8,5.8,5.8,5.8,5.8,5.8,5.8,5.8,5.8,5.8,5.8,5.8,5.8,5.8,5.8,5.8,5.8,5.8,5.8,5.8,5.8,5.8,5.8,5.8,5.8,5.8,5.8,5.8,5.8,5.8,5.8,5.8,4.6,3.7,3.7,3.7,3.7,3.7,3.7,3.7,3.7,3.7,3.7,3.7,3.7,3.7,3.7,3.7,3.7,3.7,3.7,3.7,3.7,3.7,3.7,3.7,3.7,3.7,3.7,2.3,5.6,4.9,4.6,4.6,4.6,4.6,4.6,4.6,4.6,4.6,4.6,4.6,4.6,4.6,4.6,4.6,4.6,4.6,4.6,4.6,4.6,4.6,4.6,4.6,4.6,4.6,4.6,4.6,7.9,18.5,18.5,18.5,18.5,18.5,18.5,18.5,18.5,18.5,18.5,18.5,18.5,18.5,18.5,18.5,18.5,18.5,18.5,18.5,18.5,30.3,36.8,37.0,37.0,37.0,37.0,37.0,37.0,37.0,37.0,37.0,37.0,37.0,37.0,37.0,37.0,37.0,37.0,37.0,37.0,37.0,37.0,37.0,37.0,37.0,37.0,37.0,37.0,37.0,37.0,37.0,37.0,37.0,37.0,37.0,37.0,37.0,37.0,37.0,37.0,37.0,37.0,37.0,37.0,37.0,37.0,36.98,37.3,37.3,37.3,37.3,37.3,37.3,37.3,37.3,37.3,37.3,37.3,37.3,37.3,37.3,37.3,37.3,37.3,37.3,37.3,37.3,37.3,37.3,37.3,37.3,37.3,37.3,37.3,37.3,37.3,37.3,37.3,37.3,37.3,37.3,37.3,37.3,37.3,37.3,37.3,37.3,37.3,37.3,37.3,37.3,37.3,37.3,37.3,37.3,37.3,37.3,37.3,37.3,37.3,37.3,37.3,37.3,37.3,37.3,37.3,37.3,37.3,37.3,37.3,37.3,37.3,37.3,37.3,37.3,37.3,37.3,37.3,37.3,37.3,37.3,37.3,37.3,37.3,37.3,37.3,37.3,37.3,37.3,37.3,37.3,37.3,37.3,37.3,37.3,37.3,37.3,37.3,37.3,37.3,37.3,37.3,37.3,37.3,37.3,37.3,37.3,37.3,37.3,37.3,37.3,37.3,37.3,37.3,37.3,37.3,37.3,37.3,37.3,37.3,37.3,37.3,37.3,37.3,37.3,37.3,37.3,37.3,37.3,37.3,37.3,38.44,40.3,40.3,40.3,40.3,40.3,40.3,40.3,40.3,40.3,40.3,40.3,40.3,40.3,40.3,40.3,40.3,40.3,40.3,40.3,40.3,40.3,40.3,40.3,40.3,40.3,40.3,40.3,40.3,40.3,40.3,40.3,40.3,40.3,40.3,40.3,40.3,40.3,40.3,40.3,40.3,40.3,40.3,40.3,40.3,40.3,40.3,40.3,40.3,40.3,40.3,40.3,40.3,40.3,40.3,40.3,40.3,40.3,40.3,40.3,40.3,40.3,40.3,40.3,41.4,38.9,39.8,39.8,44.0,48.8,42.1,44.9,53.88,61.8,61.8,61.8,61.8,61.8,61.8,61.8,61.8,61.8,61.8,61.8,61.8,61.8,61.8,61.8,61.8,61.8,61.8,61.8,61.8,61.8,61.8,61.8,61.8,61.8,61.8,61.8,61.8,61.8,61.8,61.8,61.8,61.8,61.8,61.8,61.8,61.8,61.8,61.8,61.8,61.8,61.8,61.8,61.8,61.8,61.8,61.8,61.8,61.8,61.8,61.8,61.8,61.8,61.8,61.8,61.8,61.8,61.8,61.8,61.8,61.3,62.3,62.34,75.5,89.4,89.4,89.4,89.4,89.4,89.4,89.4,89.4,89.4,89.4,89.4,89.4,89.4,89.4,89.4,89.4,89.4,89.4,89.4,89.4,89.4,89.4,89.4,89.4,89.4,89.4,89.4,89.4,89.4
P090,52.8,52.8,52.8,52.8,52.8,52.8,55.1,68.1,69.9,69.9,69.9,69.9,69.9,69.9,69.9,69.9,69.9,69.9,69.9,69.9,69.9,69.52,69.4,69.4,69.4,69.4,69.4,69.4,75.66,75.9,75.9,81.0,73.1,73.1,73.1,73.1,73.1,73.1,73.1,72.31,59.7,59.7,59.7,59.7,59.7,53.56,38.4,29.9,29.9,29.9,29.9,26.9,26.9,26.9,36.44,35.16,35.0,35.0,35.0,35.0,35.0,54.19,64.4,67.6,65.8,54.66,50.2,50.2,50.2,50.2,50.2,50.2,50.2,60.95,69.9,69.9,69.9,69.9,69.9,69.9,69.9,69.9,69.9,69.9,69.9,69.9,69.9,69.9,69.9,69.9,69.9,69.9,69.9,69.9,69.9,69.9,69.9,69.9,69.9,69.9,69.9,69.9,69.9,69.9,69.9,69.9,69.9,69.9,69.9,69.9,69.9,69.9,69.9,69.9,69.9,69.9,69.9,69.9,69.9,69.9,69.9,69.9,69.9,69.9,69.9,69.9,69.9,69.9,69.9,69.9,69.9,69.9,69.9,55.22,36.3,28.74,25.0,25.0,25.0,25.0,25.0,25.0,25.0,25.0,25.0,25.0,25.0,25.0,25.0,25.0,25.0,25.0,25.0,25.0,25.0,25.0,25.0,25.0,25.0,25.0,25.0,25.0,25.0,25.0,25.0,25.0,70.56,73.6,73.6,73.6,73.6,73.6,73.6,73.6,73.6,73.6,73.6,73.6,73.6,73.6,73.6,73.6,73.6,73.6,73.6,73.6,73.6,73.6,73.6,73.6,73.6,73.6,73.6,73.6,73.6,73.6,73.6,73.6,73.6,73.6,73.6,73.6,73.6,73.6,73.6,73.6,73.6,73.6,73.6,73.6,73.6,73.6,73.6,73.6,73.6,73.6,73.6,73.6,73.6,73.6,73.6,73.6,73.6,73.6,73.6,73.6,73.6,73.6,73.6,73.6,73.6,73.6,73.6,73.6,73.6,73.6,73.6,73.6,73.6,73.6,73.6,73.6,73.6,73.6,73.6,73.6,73.6,73.6,73.6,73.6,73.6,73.6,73.6,73.6,73.6,73.6,73.6,73.6,72.38,55.89,61.86,69.4,69.4,69.4,69.4,69.4,69.4,69.4,69.4,69.4,69.4,69.4,69.4,69.4,69.4,69.4,69.4,69.4,69.4,69.4,69.4,69.4,69.4,69.4,69.4,69.4,69.4,69.4,69.4,69.4,69.4,69.4,69.4,69.4,69.4,69.4,69.4,69.4,69.4,69.4,69.4,69.4,69.4,69.4,69.4,69.4,69.4,69.4,69.4,69.4,69.4,69.4,69.4,69.4,69.4,69.4,70.79,69.45,72.2,72.2,70.6,69.2,68.5,63.0,63.0,65.71,66.4,66.0,65.7,65.7,65.3,64.8,64.8,64.6,82.31,82.6,82.6,82.6,82.6,82.6,82.6,82.6,82.4,82.4,82.4,82.4,82.4,82.4,82.4,82.4,82.4,82.4,82.4,88.8,80.3,80.3,79.9,79.9,79.9,79.9,79.9,79.9,79.9,79.9,79.9,75.82,77.3,72.7,72.7,72.7,72.7,72.7,71.3,71.3,71.3,70.8,70.8,71.3,71.3,71.3,71.3,71.3,71.3,71.3,71.3,71.3,71.3,71.3,71.3,71.3,71.3,71.3,71.3,71.3,71.3,71.3,71.3,71.3,71.3,71.3,71.3,71.3,71.3,71.3,71.3,71.3,71.3,71.3,71.3,71.3,71.3,71.3,71.3,71.3,71.3,71.3,71.3,71.3,71.3,71.3,71.3,71.3,71.3,71.3,71.3,71.3,71.3,71.3,71.3,71.3,71.3,71.3,71.3,71.3,71.3,70.4,70.4,70.4,70.4,70.4,70.4,70.4,73.49,73.4,73.4,73.4,73.4,73.4,73.4,73.4,73.4,73.4,73.4,73.4,73.4,73.4,73.4,73.4,73.4,73.4,73.4,73.4,73.4,73.4,73.4,70.1,70.1,70.1,70.1,70.1,70.1,70.1,70.1,70.1,70.1,70.1,70.1,70.1,70.1,70.1,70.55,72.85,76.9,76.9,76.9,76.9,76.9,76.9,76.9,76.9,76.9,76.9,76.9,76.9,76.9,76.9,76.9,76.9,76.9,76.9,76.9,76.9,76.9,76.9,76.9,76.9,76.9,76.9,76.9,76.9,76.9,76.9,76.9,76.9,76.9,76.9,76.9,76.9,76.9,76.9,76.9,76.9,76.9,76.9,76.9,76.9,76.9,76.9,76.9,76.9,76.9,76.9,76.9,76.9,76.9,76.9,76.9,76.9,76.9,76.9,76.9,76.9,76.9,77.3,66.31,66.4,66.4,66.4,66.4,66.4,66.4,66.4,66.4,66.4,66.4,66.4,66.4,66.4,66.4,66.4,66.4,66.4,66.4,66.4,66.4,66.4,66.4,66.4,66.4,66.4,66.4,66.4,66.4,66.4,66.4,66.4,66.4,66.4,66.4,66.4,66.4,66.4,66.4,66.4,66.4,66.4,66.4,66.4,71.21,76.6,77.8,77.8,72.74,64.8,64.8,64.8,78.84,79.2,79.2,79.2,79.2,79.2,79.2,79.2,79.2,79.2,79.2,79.2,79.2,79.2,79.2,79.2,79.2,79.2,79.2,79.2,79.2,79.2,79.2,79.2,79.2,79.2,79.2,79.2,79.2,79.2,79.2,79.2,79.2,79.2,79.2,79.2,79.2,79.2,79.2,79.2,79.2,79.2,79.2,79.2,79.2,79.2,79.2,79.2,79.2,79.2,79.2,79.2,79.2,79.2,79.2,79.2,79.2,79.2,79.2,79.2,79.2,79.2,79.2,79.2,79.2,79.2,79.2,79.2,79.2,79.2,79.2,79.2,79.2,79.2,79.2,79.2,79.2,79.2,79.2,79.2,79.2,79.2,79.2,79.2,79.2,79.2,79.2,79.2,79.2,79.2,79.2,79.2,79.2,74.5,72.7,72.2,72.2,72.2,72.2,72.2,72.2,72.2,72.2,72.2,72.2,72.2,72.2,72.2,72.2,72.2,72.2,72.2,72.2,72.7,72.7,72.7,72.7,72.7,72.7,72.7,72.7,72.7,72.7,72.7,72.7,72.7,72.7,72.7,72.7,72.7,72.7,72.7,72.7,72.7,72.7,72.7,72.7,72.7,72.7,72.7,72.7,72.7,72.7,72.7,72.7,72.7,72.7,72.7,72.7,72.7,72.7,72.7,72.7,72.7,72.7,72.7,72.7,72.7,72.7,72.7,72.7,72.7,72.7,72.7,72.7,62.52,43.85,39.6,39.6,44.06,43.8,41.2,41.0,61.1,61.6,61.6,61.6,61.6,61.6,61.6,61.6,61.6,61.6,61.6,61.6,61.6,61.6,61.6,61.6,61.6,61.6,61.6,61.6,61.6,61.6,61.6,61.6,61.6,61.6,61.6,61.6,61.6,61.6,61.6,61.6,61.6,61.6,61.6,61.6,61.6,61.6,68.89
P091,89.2,89.2,89.2,89.2,89.2,89.2,89.2,89.2,89.2,89.5,89.5,89.5,89.5,89.5,89.5,89.5,90.4,84.9,84.9,84.9,84.9,84.9,84.9,84.9,84.9,84.9,84.9,84.9,84.9,84.9,84.9,84.9,84.9,84.9,84.9,84.9,84.9,84.9,84.9,84.9,84.9,84.9,84.9,84.9,84.9,84.9,84.9,84.9,84.9,84.9,84.9,84.9,84.9,84.9,84.9,84.9,84.9,84.9,84.9,84.9,84.9,84.9,84.9,84.9,84.9,84.9,84.9,84.9,84.9,84.9,84.9,84.9,84.9,84.9,84.9,84.9,84.9,84.9,84.9,84.9,84.9,84.9,84.9,84.9,84.9,84.9,84.9,84.9,84.9,84.9,84.9,84.9,84.9,84.9,84.9,84.9,84.9,84.9,84.9,84.9,84.9,84.9,84.9,84.9,84.9,84.9,84.9,84.9,84.9,84.9,84.9,84.9,84.9,84.9,84.9,84.9,84.9,84.9,84.9,84.9,84.9,84.9,84.9,84.9,84.9,84.9,84.9,84.9,84.9,84.9,84.9,84.9,84.9,84.9,84.9,84.9,84.9,84.9,84.9,84.9,84.9,84.9,84.9,84.9,84.9,84.9,84.9,84.9,84.9,84.9,84.9,84.9,84.9,84.9,84.9,84.9,84.9,84.9,84.9,84.9,84.9,84.9,84.9,84.9,84.9,84.9,84.9,84.9,84.9,84.9,84.9,84.9,84.9,84.9,84.9,84.9,84.9,84.9,84.9,84.9,84.9,84.9,84.9,84.9,84.9,84.9,84.9,84.9,84.9,84.9,84.9,84.9,84.9,84.9,84.9,84.9,84.9,84.9,84.9,84.9,84.9,84.9,84.9,84.9,84.9,84.9,84.9,84.9,84.9,84.9,84.9,84.9,84.9,84.9,84.9,84.9,84.9,84.9,84.9,84.9,84.9,84.9,84.9,84.9,84.9,84.9,84.9,84.9,84.9,84.9,84.9,84.9,84.9,84.9,84.9,84.9,84.9,84.9,84.9,84.9,84.9,84.9,84.9,84.9,84.9,84.9,84.9,84.9,84.9,84.9,84.9,84.9,84.9,84.9,84.9,84.9,84.9,84.9,84.9,84.9,84.9,84.9,84.9,84.9,84.9,84.9,84.9,84.9,84.9,84.9,84.9,84.9,84.9,84.9,84.9,84.9,84.9,84.9,84.9,84.9,84.9,84.9,84.9,84.9,84.9,84.9,84.9,84.9,84.9,84.9,84.9,84.9,84.9,84.9,84.9,84.9,84.9,84.9,84.9,84.9,84.9,84.9,84.9,84.9,84.9,84.9,84.9,84.9,84.9,84.9,84.9,84.9,84.9,84.9,84.9,84.9,84.9,84.9,84.9,84.9,84.9,84.9,84.9,84.9,84.9,84.9,84.9,84.9,84.9,84.9,84.9,81.62,79.9,81.6,80.2,80.2,80.2,80.2,80.2,80.2,80.2,80.2,80.2,80.2,80.2,80.2,80.2,80.2,80.2,80.2,80.2,80.2,80.2,80.2,80.2,80.2,80.2,80.2,80.2,80.2,80.2,80.2,80.2,80.2,80.2,80.2,80.2,80.2,80.2,80.2,80.2,80.2,80.2,80.2,80.2,80.2,80.2,80.2,80.2,80.2,80.2,80.2,80.2,80.2,80.2,80.2,80.2,80.2,80.2,80.2,80.2,80.2,80.2,80.2,80.2,80.2,80.2,80.2,80.2,80.2,80.2,80.2,80.2,80.2,80.2,80.2,80.2,80.2,80.2,80.2,80.2,80.2,80.2,80.2,80.2,80.2,80.2,80.2,80.2,80.2,80.2,80.2,80.2,80.2,80.2,80.2,80.2,80.2,80.2,80.2,80.2,80.2,80.2,80.2,80.2,80.2,80.2,80.2,80.2,80.2,80.2,80.2,80.2,80.2,80.2,80.2,80.2,80.2,80.2,80.2,80.2,80.2,80.2,80.2,80.2,80.2,80.2,80.2,80.2,80.2,80.2,80.2,80.2,80.2,80.2,80.2,80.2,80.2,80.2,80.2,80.2,80.2,80.2,80.2,80.2,80.2,80.2,80.2,80.2,80.2,80.2,80.2,80.2,80.2,80.2,80.2,80.2,80.2,80.2,80.2,80.2,80.2,80.2,80.2,80.2,80.2,80.2,80.2,80.2,80.2,80.2,80.2,80.2,80.2,80.2,80.2,80.2,80.2,80.2,80.2,80.2,80.2,80.2,80.2,80.2,80.2,80.2,80.2,80.2,80.2,80.2,80.2,80.2,80.2,80.2,80.2,80.2,80.2,80.2,80.2,80.2,80.2,80.2,80.2,80.2,80.2,80.2,80.2,80.2,80.2,80.2,80.2,80.2,80.2,80.2,80.2,80.2,80.2,80.2,80.2,80.2,80.2,80.2,80.2,80.2,80.2,80.2,80.2,80.2,80.2,80.2,80.2,80.2,80.2,80.2,80.2,80.2,80.2,80.2,80.2,80.2,80.2,80.2,80.2,80.2,80.2,80.2,80.2,80.2,80.2,80.2,80.2,80.2,80.2,80.2,80.2,80.2,80.2,80.2,80.2,80.2,80.2,80.2,80.2,80.2,80.2,80.2,80.2,80.2,80.2,80.2,80.2,80.2,80.2,80.2,80.2,80.2,80.2,80.2,80.2,80.2,80.2,80.2,80.2,80.2,80.2,80.2,80.2,80.2,80.2,80.2,80.2,80.2,80.2,80.2,80.2,80.2,80.2,80.2,80.2,80.2,80.2,80.2,80.2,80.2,80.2,80.2,80.2,80.2,80.2,80.2,80.2,80.2,80.2,80.2,80.2,80.2,80.2,80.2,80.2,80.2,80.2,80.2,80.2,80.2,80.2,80.2,80.2,80.2,80.2,80.2,80.2,80.2,80.2,80.2,80.2,80.2,80.2,80.2,80.2,80.2,80.2,80.2,80.2,80.2,80.2,80.2,80.2,80.2,80.2,80.2,80.2,80.2,80.2,80.2,80.2,80.2,80.2,80.2,80.2,80.2,80.2,80.2,80.2,80.2,80.2,80.2,80.2,80.2,80.2,80.2,80.2,80.2,80.2,80.2,80.2,80.2,80.2,80.2,80.2,80.2,80.2,80.2,80.2,80.2,80.2,80.2,80.2,80.2,80.2,80.2,80.2,80.2,80.2,80.2,80.2,80.2,80.2,80.2,80.2,80.2,80.2,80.2,80.2,80.2,80.2,80.2,80.2,80.2,80.2,80.2,80.2,80.2,80.2,80.2,80.2,80.2,80.2,80.2,80.2,80.2,80.2,80.2,80.2,80.2,80.2,80.2,80.2,80.2,80.2,80.2,80.2,80.2,80.2,80.2,80.2,80.2,80.2,64.35,28.1,30.4,30.4,30.4,30.4,30.4,30.4,30.4,30.4,30.4,30.4,30.4,30.4,30.4,30.4,30.4,30.4,30.4,30.4,30.4,30.4,30.4,30.4,30.4,30.4,30.4,30.4,30.4,30.4,30.4,30.4,30.4,30.4,30.4,30.4,30.4,30.4,30.4,30.4
P092,75.2,75.2,75.2,75.2,75.2,75.2,75.2,75.2,75.2,75.2,75.2,75.2,75.2,75.2,75.2,75.2,75.2,75.2,75.2,75.2,43.3,71.3,71.3,71.3,71.3,71.3,71.3,71.3,71.3,71.3,71.3,71.3,71.3,71.3,78.2,77.8,77.8,77.8,77.8,77.8,77.8,77.8,77.8,77.8,77.8,77.8,77.8,77.8,77.8,77.8,77.8,77.8,77.8,77.8,77.8,77.8,77.8,77.8,77.8,77.8,77.8,77.8,77.8,77.8,77.8,77.8,71.1,67.4,67.4,67.4,67.4,32.44,28.0,28.0,28.0,28.0,28.0,28.0,28.0,28.0,28.0,28.0,28.0,28.0,28.0,28.0,28.0,28.0,28.0,28.0,28.0,28.0,28.0,28.0,28.0,70.96,74.1,74.1,74.1,74.1,74.1,74.1,74.1,74.1,74.1,74.1,74.1,74.1,74.1,74.1,74.1,74.1,74.1,74.1,74.1,74.1,74.1,74.1,74.1,74.1,74.1,74.1,74.1,74.1,74.1,74.1,74.1,74.1,74.1,74.1,74.1,74.1,74.1,74.1,74.1,74.1,74.1,74.1,74.1,74.1,74.1,74.1,74.1,74.1,74.1,74.1,74.1,74.1,74.1,74.1,74.1,74.1,74.1,74.1,74.1,74.1,74.1,74.1,74.1,74.1,74.1,74.1,74.1,74.1,74.1,74.1,74.1,74.1,74.1,74.1,74.1,74.1,74.1,74.1,74.1,74.1,74.1,74.1,74.1,74.1,74.1,74.1,74.1,74.1,74.1,74.1,74.1,74.1,74.1,74.1,74.1,74.1,74.1,74.1,74.1,74.1,74.1,74.1,74.1,74.1,74.1,74.1,74.1,72.9,73.4,73.4,73.4,73.4,73.4,73.4,73.4,73.4,73.4,73.4,73.4,73.4,73.4,73.4,73.4,73.4,73.4,73.4,73.4,73.4,73.4,73.4,73.4,73.4,73.4,73.4,73.4,73.4,73.4,73.4,73.4,73.4,73.4,73.4,73.4,73.4,73.4,73.4,73.4,73.4,73.4,73.4,73.4,73.4,73.4,73.4,73.4,73.4,73.4,73.4,73.4,73.4,73.4,73.4,73.4,73.4,73.4,73.4,73.4,73.4,73.4,73.4,73.4,73.4,73.4,73.4,73.4,73.4,73.4,73.4,73.4,73.4,73.4,73.4,73.4,73.4,73.4,73.4,73.4,73.4,73.4,73.4,73.4,73.4,73.4,73.4,73.4,73.4,73.4,73.4,73.4,73.4,73.4,73.4,73.4,73.4,73.4,73.4,73.4,73.4,73.4,73.4,73.4,73.4,65.54,63.2,63.2,63.2,63.2,63.2,63.2,63.2,63.2,63.2,63.2,63.2,63.2,63.2,63.2,63.2,63.2,63.2,63.2,63.2,63.2,63.2,63.2,63.2,54.36,46.8,46.8,39.1,38.2,40.0,40.0,40.0,40.0,40.0,40.0,40.0,40.0,40.0,40.0,36.3,36.3,36.3,36.3,36.3,36.3,36.3,36.3,36.3,36.3,36.3,36.3,36.3,36.3,36.3,36.3,36.3,36.3,36.3,36.3,36.3,36.3,36.3,36.3,36.3,36.3,36.3,36.3,36.3,36.3,36.3,36.3,36.3,36.3,36.3,36.3,36.3,36.3,36.3,36.3,36.3,36.3,36.3,36.3,36.3,36.3,36.3,36.3,36.3,36.3,36.3,36.3,36.3,36.3,36.3,36.3,36.3,36.3,36.3,36.3,36.3,36.3,19.76,19.7,19.7,19.7,19.7,19.7,19.7,19.7,19.7,19.7,19.7,19.7,19.7,19.7,19.7,19.7,19.7,19.7,19.7,19.7,19.7,19.7,19.7,19.7,19.7,19.7,19.7,19.7,19.7,19.7,19.7,19.7,19.7,19.7,19.7,19.7,19.7,19.7,19.7,19.7,19.7,19.7,19.7,19.7,19.7,19.7,19.7,19.7,19.7,19.7,19.7,19.7,19.7,19.7,19.7,19.7,19.7,19.7,19.7,19.7,19.7,19.7,19.7,19.7,19.7,19.7,19.7,19.7,19.7,19.7,19.7,18.61,24.1,24.1,24.1,24.1,23.72,21.5,21.5,13.7,10.4,10.2,10.2,10.2,10.2,10.2,10.2,10.2,10.2,10.2,10.2,10.2,10.2,10.2,10.2,10.2,10.2,10.2,10.2,10.2,10.2,10.2,10.2,10.2,10.2,10.2,10.2,10.2,10.2,10.2,10.2,10.2,10.2,10.2,10.2,10.2,10.2,10.2,10.2,10.2,10.2,10.2,10.2,10.2,10.2,10.2,10.2,10.2,10.2,10.2,10.2,10.2,10.2,10.2,10.2,10.2,10.2,10.2,10.2,10.2,10.2,10.2,10.2,10.2,10.2,10.2,10.2,10.2,10.2,10.2,10.2,10.2,10.2,10.2,10.2,10.2,10.2,10.2,10.2,10.2,10.2,10.2,10.2,10.2,10.2,10.2,10.2,10.2,10.2,10.2,10.2,10.2,10.2,10.2,10.2,24.3,21.23,8.17,6.5,6.5,6.5,6.5,6.5,6.5,6.5,6.5,6.5,6.5,6.5,6.5,6.5,6.5,6.5,6.5,6.5,6.5,6.5,6.5,6.5,6.5,6.5,6.5,6.5,6.5,6.5,6.5,6.5,6.5,6.5,6.5,6.5,6.5,6.5,6.5,6.5,6.5,6.5,6.5,6.5,6.5,6.5,6.5,6.5,6.5,6.5,6.5,6.5,6.5,4.9,3.7,14.94,16.9,15.5,15.5,15.5,15.5,15.5,15.5,15.5,15.5,15.5,15.5,15.5,15.5,15.5,15.5,15.5,15.5,15.5,15.5,15.5,15.5,15.5,15.5,15.5,15.5,15.5,15.5,15.5,15.5,15.5,15.5,15.5,15.5,15.5,15.5,15.5,15.5,15.5,15.5,15.5,15.5,15.5,15.5,15.5,15.5,15.5,15.5,15.5,15.5,15.5,15.5,15.5,15.5,15.5,15.5,15.5,15.5,15.5,15.5,15.5,15.5,15.5,15.5,15.5,15.5,15.5,15.5,15.5,15.5,15.5,15.5,15.5,15.5,15.5,15.5,15.5,15.5,15.5,46.36,77.75,90.3,90.3,90.3,90.3,90.3,90.3,90.3,90.3,90.3,90.3,90.3,90.3,90.3,90.3,90.3,90.3,90.3,90.3,90.3,90.3,90.3,90.3,90.3,90.3,90.3,90.3,90.3,90.3,90.3,90.3,90.3,90.3,90.3,90.3,90.3,90.3,90.3,90.3,90.3,90.3,90.3,90.3,90.3,90.3,90.3,90.3,90.3,90.3,90.3,90.3,90.3,90.3,90.3,90.3,90.3,90.3,90.3,90.3,90.3,90.3,90.3,90.3,90.3,90.3,90.3,90.3,90.3,90.3,90.3,90.3,90.3,90.3,90.3,90.3,90.3,90.3,90.3,90.3,90.3,90.3,90.3,90.3,90.3,90.3,90.3,90.3,90.3,90.3
P093,52.4,52.4,52.4,52.4,52.4,52.4,52.4,52.4,52.4,52.4,52.4,52.4,52.4,52.4,52.4,52.4,46.79,47.6,47.6,47.6,47.6,47.6,38.5,30.4,30.4,30.4,30.4,30.4,30.4,30.4,30.4,30.4,30.4,30.4,30.4,30.4,30.4,30.4,30.4,46.1,49.4,49.4,49.4,49.4,49.4,49.4,49.4,49.4,49.4,49.4,49.4,49.4,49.4,49.4,49.4,49.4,49.4,49.4,49.4,49.4,49.4,49.4,36.03,21.3,21.3,21.3,21.3,21.3,21.3,21.3,21.3,21.3,21.3,22.4,50.0,50.2,50.2,50.2,50.2,50.2,50.2,50.2,50.2,50.2,50.2,50.2,50.2,50.2,50.2,50.2,50.2,50.2,50.2,50.2,50.2,50.2,50.2,50.2,50.2,50.2,50.2,29.88,13.7,13.7,13.7,13.7,13.7,13.7,13.7,13.7,13.7,13.7,13.7,39.94,51.1,51.1,51.1,51.1,51.1,51.1,51.1,51.1,51.1,51.1,51.1,51.1,51.1,51.1,51.1,51.1,51.1,51.1,51.1,51.1,41.81,33.3,33.3,33.3,33.3,33.3,33.3,33.3,33.3,33.3,33.3,33.3,33.3,33.3,33.3,33.3,33.3,33.3,33.3,50.7,51.1,51.1,51.1,51.1,51.1,51.1,51.1,51.1,51.1,51.1,51.1,51.1,51.1,51.1,51.1,51.1,51.1,51.1,51.1,51.1,51.1,51.1,51.1,51.1,51.1,51.1,51.1,51.1,51.1,51.1,51.1,51.1,51.1,51.1,51.1,22.86,13.5,13.5,13.5,13.5,13.5,13.5,13.5,13.5,13.5,13.5,13.5,13.5,13.5,13.5,13.5,13.5,13.5,13.5,13.5,39.82,47.8,47.8,47.8,47.8,47.8,47.8,47.8,47.8,47.8,47.8,47.8,47.8,47.8,47.8,47.8,47.8,47.8,47.8,47.8,47.8,47.8,47.8,47.8,47.8,47.8,47.8,47.8,47.8,47.8,47.8,47.8,47.8,47.8,47.8,47.8,47.8,47.8,47.8,47.8,47.8,47.8,47.8,47.8,47.8,47.8,47.8,47.8,46.69,22.39,19.6,19.6,19.6,19.6,19.6,19.6,19.6,19.6,19.6,19.6,19.6,19.6,19.6,19.6,19.6,19.6,19.6,19.6,19.6,19.6,19.6,19.6,19.6,19.6,19.6,19.6,19.6,19.6,19.6,19.6,19.6,19.6,19.6,19.6,19.6,19.6,19.6,19.6,19.6,19.6,19.6,19.6,19.6,19.6,19.6,19.6,19.6,19.6,19.6,19.6,19.6,19.6,19.6,19.6,19.6,19.6,19.6,19.6,19.6,19.6,19.6,19.6,19.6,19.6,19.6,19.6,10.87,5.7,0.0,0.0,0.0,0.0,0.0,0.0,0.0,0.0,0.0,0.0,0.0,0.0,0.0,0.0,0.0,0.0,0.0,0.0,0.0,0.0,0.0,0.0,0.0,0.0,0.0,0.0,0.0,0.0,0.0,0.0,0.0,0.0,0.0,0.0,0.0,0.0,0.0,0.0,0.0,0.0,0.0,0.0,0.0,0.0,0.0,0.0,0.0,0.0,0.0,0.0,0.0,0.0,0.0,0.0,0.0,0.0,0.0,0.0,0.0,0.0,0.0,0.0,0.0,0.0,0.0,0.0,0.0,0.0,0.0,0.0,0.0,0.0,0.0,0.0,0.0,0.0,0.0,0.0,0.0,0.0,0.0,0.0,0.0,0.0,0.0,0.0,0.0,0.0,0.0,0.0,0.0,0.0,0.0,0.0,0.0,0.0,0.0,0.0,0.0,0.0,0.0,0.0,0.0,0.0,0.0,0.0,0.0,0.0,0.0,0.0,0.0,0.0,0.0,0.0,0.0,0.0,0.0,0.0,0.0,0.0,0.0,0.0,0.0,0.0,0.0,0.0,0.0,0.0,0.0,0.0,0.0,0.0,0.0,0.0,0.0,0.0,0.0,0.0,0.0,0.0,0.0,0.0,0.0,0.0,0.0,0.0,0.0,0.0,0.0,0.0,0.0,0.0,0.0,0.0,0.0,0.0,0.0,0.0,0.0,0.0,0.0,0.0,0.0,0.0,0.0,0.0,0.0,0.0,0.0,0.0,0.0,0.0,0.0,0.0,0.0,0.0,0.0,0.0,0.0,0.0,0.0,0.0,0.0,0.0,0.0,0.0,0.0,0.0,0.0,0.0,0.0,10.6,12.6,34.3,29.3,29.3,25.2,25.2,25.2,25.2,25.2,25.2,25.2,25.2,25.2,16.15,14.6,14.6,14.6,14.6,14.6,14.6,8.47,6.1,6.1,6.1,6.1,6.1,6.1,6.1,6.1,6.1,6.1,6.1,6.1,6.1,6.1,6.1,6.1,6.1,6.1,6.1,6.1,6.1,6.1,6.1,6.1,6.1,6.1,6.1,6.1,6.1,6.1,6.1,6.1,6.1,6.1,6.1,6.1,6.1,6.1,6.1,6.1,6.1,6.1,6.1,6.1,6.1,6.1,6.1,6.1,6.1,6.1,6.1,6.1,6.1,6.1,6.1,6.1,6.1,6.1,6.1,6.1,6.1,6.1,6.1,6.1,6.1,6.1,6.1,6.1,6.1,6.1,6.1,6.1,6.1,6.1,6.1,6.1,6.1,6.1,6.1,6.1,6.1,6.1,6.1,6.1,6.1,6.1,6.1,6.1,6.1,6.1,6.1,6.1,6.1,6.1,6.1,6.1,6.1,6.1,6.1,6.1,6.1,6.1,6.1,6.1,6.1,6.1,6.1,6.1,6.1,6.1,6.1,6.1,6.1,6.1,6.1,6.1,6.1,6.1,6.1,6.1,6.1,6.1,6.1,6.1,6.1,6.1,6.1,6.1,6.1,6.1,6.1,6.1,6.1,6.1,6.1,6.1,6.1,6.1,6.1,6.1,6.1,6.1,6.1,6.1,6.1,6.1,6.1,6.1,6.1,6.1,6.1,6.1,6.1,6.1,6.1,6.1,6.1,6.1,6.1,6.1,6.1,6.1,6.1,6.1,6.1,6.1,6.1,6.1,6.1,6.1,6.1,6.1,6.1,6.1,6.1,6.1,6.1,6.1,6.1,6.1,6.1,6.1,6.1,6.1,6.1,6.1,6.1,6.1,6.1,6.1,6.1,20.7,22.2,22.2,22.2,22.2,22.2,22.2,22.2,22.2,22.2,22.2,22.2,22.2,22.2,44.11,48.7,48.7,53.7,70.0,70.0,70.0,70.0,70.0,70.0,70.0,70.0,70.0,70.0,70.0,70.0,70.0,70.0,70.0,70.0,70.0,70.0,70.0,70.0,70.0,70.0,70.0,70.0,70.0,70.0,70.0,70.0,70.0,70.0,70.0,70.0,70.0,70.0,70.0,70.0,70.0,70.0,70.0,70.0,70.0,70.0,70.0,70.0,70.0,70.0,73.7,74.4,75.7,75.7,75.7,75.7,75.7,75.7,75.7,75.7,75.7,75.7,75.7
P094,49.8,49.8,49.8,49.8,49.8,49.8,49.8,49.8,49.8,49.8,49.8,49.8,49.8,49.8,49.8,49.8,49.8,49.8,49.8,49.8,49.8,49.8,49.8,49.8,49.8,49.8,49.8,49.8,49.8,49.8,49.8,49.8,49.8,49.8,49.8,49.8,49.8,49.8,49.8,49.8,49.8,49.8,49.8,49.8,49.8,49.8,49.8,49.8,49.8,49.8,49.8,49.8,49.8,49.8,49.8,49.8,49.8,49.8,49.8,49.8,49.8,49.8,49.8,49.8,49.8,49.8,49.8,49.8,49.8,49.8,49.8,49.8,49.8,49.8,49.8,49.8,49.8,49.8,49.8,49.8,49.8,49.8,49.8,49.8,49.8,49.8,49.8,49.8,49.8,49.8,52.5,47.14,49.3,49.5,49.5,49.5,49.5,49.5,49.5,49.5,49.5,49.5,49.5,49.5,49.5,49.5,49.5,49.5,49.5,49.5,49.5,49.5,49.5,49.5,49.5,49.5,49.5,49.5,49.5,49.5,49.5,49.5,49.5,49.5,49.5,49.5,49.5,49.5,49.5,49.5,49.5,49.5,49.5,49.5,49.5,49.5,49.5,49.5,49.5,49.5,49.5,49.5,49.5,49.5,49.5,49.5,49.5,49.5,49.5,49.5,49.5,49.5,49.5,49.5,49.5,49.5,49.5,49.5,49.5,49.5,49.5,49.5,49.5,49.5,49.5,49.5,49.5,49.5,49.5,49.5,49.5,49.5,49.5,49.5,49.5,49.5,49.5,49.5,49.5,49.5,49.5,49.5,49.5,49.5,49.5,49.5,49.5,49.5,49.5,49.5,49.5,49.5,49.5,49.5,49.5,49.5,49.5,49.5,49.5,49.5,49.5,49.5,49.5,49.5,49.5,49.5,49.5,49.5,49.5,49.5,49.5,49.5,49.5,49.5,49.5,49.5,49.5,49.5,49.5,49.5,49.5,49.5,49.5,49.5,49.5,49.5,49.5,49.5,49.5,49.5,49.5,49.5,49.5,49.5,49.5,49.5,49.5,49.5,49.5,49.5,49.5,49.5,49.5,49.5,49.5,49.5,49.5,49.5,49.5,49.5,49.5,49.5,49.5,49.5,49.5,49.5,49.5,49.5,49.5,49.5,49.5,49.5,49.5,49.5,49.5,49.5,49.5,49.5,49.5,49.5,49.5,49.5,49.5,49.5,49.5,49.5,49.5,49.5,49.5,49.5,49.5,49.5,49.5,49.5,49.5,49.5,49.5,49.5,49.5,49.5,49.5,49.5,49.5,49.5,49.5,49.5,49.5,49.5,49.5,49.5,49.5,49.5,49.5,49.5,49.5,49.5,36.13,36.0,26.7,26.7,48.1,49.4,49.4,49.4,49.4,49.4,49.4,49.4,49.4,49.4,49.4,49.4,49.4,49.4,49.4,49.4,49.4,49.4,49.4,49.4,49.4,49.4,49.4,49.4,49.4,32.8,32.1,32.1,32.1,32.1,32.1,32.1,32.1,32.1,32.1,32.1,32.1,32.1,32.1,32.1,32.1,32.1,32.1,32.1,32.1,32.1,32.1,32.1,32.1,32.1,32.1,32.1,32.1,32.1,32.1,32.1,32.1,32.1,32.1,32.1,32.1,32.1,32.1,32.1,32.1,32.1,32.1,32.1,32.1,32.1,32.1,32.1,32.1,32.1,32.1,32.1,32.1,32.1,37.4,36.5,36.5,36.5,36.5,36.5,36.5,36.5,36.5,36.5,36.5,36.5,36.5,36.5,36.5,36.5,36.5,36.5,36.5,36.5,36.5,36.5,36.5,36.5,36.5,36.5,36.5,36.5,32.54,27.9,27.9,27.9,27.9,27.9,27.9,27.9,27.9,27.9,27.9,27.9,27.9,27.9,27.9,27.9,27.9,27.9,27.9,27.9,27.9,27.9,27.9,27.9,27.9,27.9,27.9,27.9,27.9,27.9,27.9,27.9,27.9,27.9,27.9,27.9,27.9,27.9,27.9,27.9,27.9,27.9,27.9,27.9,27.9,27.9,27.9,27.9,27.9,27.9,27.9,27.9,27.9,27.9,27.9,27.9,27.9,27.9,27.9,27.9,27.9,27.9,27.9,27.9,27.9,27.9,27.9,27.9,27.9,27.9,27.9,27.9,27.9,27.9,27.9,27.9,27.9,27.9,27.9,27.9,27.9,27.9,27.9,27.9,27.9,27.9,27.9,27.9,27.9,27.9,27.9,27.9,27.9,27.9,27.9,27.9,27.9,27.9,27.9,27.9,27.9,27.9,27.0,45.89,48.0,48.0,48.0,48.0,48.0,48.0,48.0,48.0,48.0,48.0,48.0,48.0,48.0,48.0,48.0,48.0,48.0,48.0,48.0,48.0,48.0,48.0,48.0,48.0,48.0,48.0,48.0,48.0,48.0,48.0,48.0,48.0,48.0,48.0,48.0,48.0,48.0,48.0,48.0,48.0,48.0,48.0,48.0,48.0,48.0,48.0,48.0,48.0,48.0,48.0,48.0,48.0,48.0,48.0,48.0,48.0,48.0,44.82,7.6,6.5,6.5,6.5,6.5,6.5,6.5,6.5,6.5,6.5,6.5,6.5,6.5,6.5,6.5,6.5,6.5,6.5,6.5,6.5,6.5,6.5,6.5,6.5,6.5,6.5,6.5,6.5,6.5,6.5,6.5,6.5,6.5,6.5,6.5,6.5,6.5,6.5,6.5,6.5,6.5,6.5,6.5,6.5,6.5,6.5,6.5,6.5,6.5,6.5,6.5,6.5,6.5,6.5,6.5,6.5,6.5,6.5,6.5,6.5,6.5,6.5,6.5,6.5,6.5,6.5,6.5,6.5,6.5,6.5,6.5,6.5,6.5,6.5,6.5,6.5,6.5,6.5,6.5,6.5,6.5,6.5,6.5,6.5,6.5,6.5,6.5,6.5,6.5,6.5,6.5,11.66,47.69,50.8,50.8,50.8,50.8,50.8,50.8,50.8,50.8,50.8,50.8,50.8,50.8,50.8,50.8,50.8,50.8,50.8,50.8,50.8,50.8,50.8,50.8,50.8,50.8,50.8,50.8,50.8,50.8,50.8,50.8,50.8,50.8,50.8,50.8,50.8,50.8,50.8,50.8,50.8,50.8,50.8,50.8,50.8,50.8,50.8,50.8,50.8,50.8,50.8,50.8,50.8,50.8,63.96,75.2,75.2,75.2,75.2,75.2,75.2,75.2,75.2,75.2,75.2,75.2,75.2,75.2,75.2,75.2,75.2,75.2,75.2,75.2,75.2,75.2,75.2,75.2,75.2,75.2,75.2,75.2,75.2,75.2,75.2,75.2,75.2,75.2,75.2,75.2,75.2,75.2,75.2,75.2,75.2,75.2,75.2,75.2,75.2,75.2,75.2,75.2,75.2,75.2,75.2,75.2,75.2,75.2,75.2,75.2,75.2,75.2,75.2,75.2,75.2,75.2,75.2,75.2,75.2,75.2,75.2,75.2,75.2,75.2,75.2,75.2,75.2,75.2,75.2,75.2,75.2,75.2,75.2,75.2,75.2,75.2,75.2,75.2,75.2
P095,49.8,49.8,49.8,49.8,49.8,49.8,49.8,49.8,49.8,49.8,49.8,49.8,49.8,49.8,49.8,49.8,49.8,49.8,49.8,49.8,49.8,49.8,49.8,49.8,49.8,49.8,49.8,49.8,49.8,49.8,49.8,49.8,49.8,49.8,49.8,49.8,49.8,49.8,49.8,49.8,49.8,49.8,49.8,49.8,49.8,49.8,49.8,49.8,49.8,49.8,49.8,49.8,49.8,49.8,49.8,49.8,49.8,49.8,49.8,49.8,49.8,49.8,49.8,50.2,50.2,50.2,50.2,49.8,50.2,50.5,50.5,50.5,50.5,50.5,50.5,50.5,50.5,50.5,50.5,50.5,50.5,50.5,50.5,50.5,50.5,50.5,50.5,50.5,50.5,50.5,50.5,50.5,50.5,50.5,50.5,50.5,50.5,50.5,50.5,50.5,50.5,50.5,50.5,50.5,50.5,50.5,50.5,50.5,50.5,50.5,50.5,50.5,50.5,50.5,50.5,50.5,50.5,50.5,50.5,50.5,50.5,50.5,50.5,50.5,50.5,50.5,50.5,50.5,50.5,45.1,45.1,45.1,45.1,45.1,45.1,45.1,45.1,45.1,45.1,45.1,45.1,45.1,45.1,45.1,45.1,45.1,45.1,45.1,45.1,45.1,45.1,45.1,45.1,45.1,45.1,43.5,42.51,39.37,36.3,36.1,36.1,36.1,36.1,36.1,36.1,36.1,36.1,36.1,36.1,36.1,29.74,25.39,24.1,24.1,24.1,24.1,24.1,24.1,24.1,24.1,24.1,24.1,24.1,24.1,24.1,24.1,24.1,24.1,24.1,24.1,24.1,24.1,20.1,18.8,18.8,18.8,22.01,30.77,36.13,37.7,37.7,37.7,37.7,37.7,37.7,37.7,37.7,37.7,37.7,37.7,37.7,37.7,37.7,37.7,37.7,37.7,37.7,37.7,37.7,37.7,37.7,37.7,37.7,37.7,37.7,37.7,37.7,37.7,37.7,37.7,37.7,37.7,37.7,37.7,37.7,37.7,37.7,37.7,37.7,37.7,37.7,37.7,37.7,37.7,37.7,37.7,37.7,37.7,37.7,37.7,37.7,37.7,37.7,37.7,37.7,37.7,37.7,37.7,37.7,37.7,37.7,37.7,37.7,37.7,37.7,37.7,37.7,37.7,37.7,37.7,37.7,37.7,37.7,37.7,37.7,37.7,37.7,37.7,37.7,37.7,37.7,37.7,37.7,37.7,37.7,37.7,37.7,37.7,37.7,37.7,37.7,37.7,37.7,37.7,37.7,37.7,37.7,37.7,37.7,37.7,37.7,37.7,37.7,37.7,37.7,37.7,37.7,37.7,37.7,37.7,37.7,37.7,37.7,37.7,37.7,37.7,37.7,37.7,37.7,37.7,37.7,37.7,37.7,37.7,37.7,37.7,37.7,37.7,37.7,37.7,37.7,37.7,37.7,37.7,37.7,37.7,37.7,37.7,37.7,37.7,37.7,37.7,37.7,37.7,37.7,37.7,37.7,37.7,37.7,37.7,37.7,37.7,37.7,37.7,37.7,37.7,37.7,37.7,37.7,37.7,37.7,37.7,37.7,37.7,37.7,37.7,37.7,37.7,37.7,37.7,37.7,37.7,37.7,37.7,37.7,37.7,37.7,37.7,37.7,37.7,37.7,37.7,37.7,37.7,37.7,37.7,37.7,37.7,37.7,37.7,37.7,43.67,49.36,49.8,49.8,49.8,49.8,49.8,49.8,49.8,49.8,49.8,49.8,49.8,49.8,49.8,49.8,49.8,49.8,49.8,49.8,49.8,49.8,49.8,49.8,49.8,49.8,49.8,49.8,49.8,49.8,49.8,49.8,49.8,49.8,49.8,49.8,49.8,49.8,49.8,49.8,49.8,49.8,49.8,49.8,49.8,49.8,49.8,49.8,49.8,49.8,49.8,45.8,43.3,40.3,40.3,40.3,40.3,40.3,40.3,40.3,40.3,40.3,40.3,40.3,40.3,40.3,40.3,40.3,40.3,40.3,40.3,40.3,40.3,40.3,40.3,40.3,40.3,40.3,40.3,40.3,40.3,40.3,40.3,40.3,40.3,40.3,40.3,40.3,40.3,40.3,40.3,40.3,40.3,40.3,40.3,40.3,40.3,40.3,40.3,40.3,40.3,40.3,40.3,40.3,38.07,36.6,36.6,37.7,36.8,38.46,38.4,38.4,38.4,38.4,38.4,38.4,38.4,38.4,38.4,38.4,38.4,38.4,38.4,38.4,38.4,38.4,38.4,38.4,38.4,38.4,38.4,38.4,38.4,38.4,38.4,38.4,38.4,38.4,38.4,38.4,38.4,38.4,38.4,38.4,38.4,38.4,38.4,38.4,38.4,38.4,38.4,38.4,38.4,38.4,38.4,38.4,38.4,38.4,38.4,38.4,38.4,38.4,38.4,38.4,38.4,38.4,38.4,38.4,38.4,38.4,38.4,38.4,38.4,38.4,38.4,38.4,38.4,38.4,38.4,38.4,38.4,38.4,38.4,38.4,38.4,38.4,38.4,38.4,38.4,43.22,48.2,50.2,50.2,50.2,50.2,50.2,50.2,51.6,51.6,51.6,51.6,51.6,51.6,51.6,51.6,51.2,50.7,50.7,50.7,51.6,51.6,54.6,54.6,54.6,54.6,54.6,55.8,57.2,57.2,57.2,57.2,57.2,57.2,57.2,57.2,57.2,57.2,57.2,57.2,57.2,57.4,58.1,58.1,58.1,49.36,45.61,44.31,50.2,50.46,53.0,53.0,53.0,53.0,53.2,53.2,53.2,56.65,58.1,60.4,60.4,61.17,61.6,61.6,61.6,61.6,61.6,61.6,61.04,52.1,41.51,36.94,36.8,36.8,36.8,30.3,29.9,29.9,29.9,29.9,29.9,29.9,29.9,29.9,29.9,29.9,29.9,29.9,29.9,29.9,29.9,29.9,29.9,29.9,29.9,29.9,29.9,29.9,29.9,29.9,29.9,29.9,29.9,29.9,29.9,29.9,29.9,29.9,29.9,29.9,29.9,29.9,29.9,29.9,29.9,29.9,29.9,31.29,38.04,38.4,38.4,38.4,38.4,38.4,38.4,38.4,38.4,38.4,38.4,38.4,38.4,38.4,38.4,38.4,38.4,38.4,38.4,38.4,38.4,38.4,38.4,38.4,38.4,38.4,38.4,38.4,38.4,38.4,38.4,38.9,38.9,38.9,38.9,38.9,38.9,38.9,38.9,38.9,38.9,38.9,38.9,38.9,38.9,38.9,38.9,38.9,38.9,38.9,38.9,38.9,38.9,38.9,38.9,38.9,38.9,38.9,38.9,38.9,38.9,38.9,38.9,38.9,38.9,38.9,38.9,38.9,38.9,38.9,38.9,38.9,38.9,38.9,38.9,38.9,38.9,38.9,31.09,12.78,9.7,9.7,9.7,9.7,9.7,9.7,9.7,9.7,9.7,9.7,9.7,9.7,9.7,9.7,9.7,9.7,24.86,42.08,44.67,50.0,49.22,44.7,44.7,44.7,44.7,44.7,44.7,44.7,44.7,44.7
P096,50.2,50.2,50.2,50.2,50.2,50.2,50.2,50.2,49.63,50.6,59.92,79.71,83.6,84.9,81.9,81.9,81.9,81.97,82.15,82.64,82.7,81.5,67.3,66.5,66.5,52.56,48.5,48.5,48.5,48.5,48.5,48.5,48.5,48.5,48.5,48.5,48.5,48.5,40.55,25.49,17.4,18.2,19.3,19.3,19.3,19.3,19.9,19.9,19.9,27.3,25.56,35.6,41.8,44.4,44.4,44.4,44.4,44.4,44.3,44.4,44.4,44.4,43.2,43.2,43.23,49.5,37.3,32.59,24.5,18.7,19.33,64.44,35.58,20.8,30.4,47.21,47.5,47.5,47.5,47.5,47.5,47.5,47.5,47.5,50.3,45.96,41.93,36.4,33.8,34.9,34.9,34.9,34.9,34.9,28.38,34.9,34.9,46.04,38.55,32.4,32.3,32.3,32.3,32.3,32.3,32.3,32.3,38.81,39.7,39.7,41.91,43.8,44.21,49.8,51.4,51.7,51.7,60.41,67.4,67.3,66.7,71.6,77.26,69.1,69.1,69.1,69.1,69.1,45.18,23.5,23.8,23.8,23.8,23.8,23.8,23.8,23.8,24.4,24.4,23.8,51.04,68.5,74.4,66.8,69.6,69.6,69.6,58.83,54.43,52.9,52.9,52.9,52.9,52.9,52.9,52.9,52.9,52.9,52.9,52.9,52.9,52.9,52.9,52.9,52.9,52.9,52.9,55.01,32.79,28.4,27.5,27.3,26.63,25.9,25.8,25.2,25.2,28.56,30.2,47.2,47.5,47.5,47.5,47.5,47.5,47.5,47.5,48.71,50.0,50.0,47.16,22.46,21.9,22.1,25.9,26.2,26.2,26.2,35.7,64.4,66.64,81.6,81.6,71.94,55.66,48.8,31.0,30.9,30.9,30.9,30.9,28.9,28.9,29.0,25.6,25.6,25.5,26.1,26.1,26.1,27.71,29.05,29.5,44.3,44.3,43.2,43.2,46.3,46.9,51.68,51.1,51.1,51.1,51.1,51.1,51.1,52.0,54.8,55.4,55.67,55.2,53.9,54.8,55.2,55.2,55.2,55.2,42.6,36.0,35.6,36.3,36.3,36.3,36.3,36.3,36.3,36.3,36.06,36.11,53.81,78.44,78.1,76.1,77.94,82.41,81.2,80.4,79.8,79.5,79.5,79.39,79.2,79.2,79.2,79.2,79.2,79.0,79.07,70.8,71.5,67.6,64.8,64.5,64.5,64.5,64.2,65.47,63.4,62.8,63.0,62.7,62.5,75.2,76.7,77.08,77.12,77.5,78.1,78.1,78.1,78.1,78.1,78.1,78.1,78.1,78.1,78.1,78.1,78.1,78.1,84.62,77.13,77.0,77.2,57.3,41.8,41.5,50.22,63.3,63.3,63.1,63.1,63.1,63.1,63.1,15.6,16.8,16.8,16.8,19.3,19.4,19.4,19.4,19.4,20.63,32.94,33.2,35.56,62.92,63.3,64.4,64.4,64.4,64.4,64.4,67.3,68.1,67.6,67.6,67.6,67.6,67.6,67.6,67.6,67.6,67.6,67.6,67.6,67.6,67.6,67.6,67.6,73.9,73.9,75.0,71.9,68.8,68.8,46.98,26.9,25.0,25.0,14.5,14.4,14.4,16.8,16.8,16.8,20.8,20.8,20.8,20.8,20.8,20.8,20.8,21.89,24.11,19.4,19.4,20.2,20.2,20.2,19.73,18.1,18.1,18.1,18.1,18.1,18.1,17.79,17.6,18.5,18.4,18.4,18.4,18.4,18.4,18.4,18.4,18.4,18.4,18.4,18.4,18.4,18.14,13.3,13.3,13.0,12.8,5.09,3.21,4.0,4.0,4.0,3.73,10.2,13.7,13.9,13.9,13.9,14.07,16.8,14.6,8.6,8.6,2.69,0.0,0.0,0.0,0.07,0.23,0.3,0.0,0.0,0.0,1.46,1.83,0.0,0.0,0.0,0.0,0.0,0.0,0.0,0.0,0.0,0.0,0.0,0.0,0.0,0.0,0.0,0.0,0.0,0.0,0.0,0.0,0.0,0.0,20.33,24.5,24.8,34.1,45.5,45.5,45.5,45.5,45.5,45.5,45.5,41.89,50.8,42.47,9.64,13.0,13.0,13.0,23.91,29.6,28.9,28.44,28.4,29.97,31.57,32.1,28.2,23.1,15.89,13.6,13.6,13.6,13.6,13.6,13.6,13.6,13.6,13.6,13.6,13.6,13.6,13.6,13.6,13.6,13.6,13.6,13.6,13.6,13.6,13.6,13.6,13.6,13.6,13.6,13.6,13.6,13.6,13.6,13.6,13.6,13.6,13.6,13.6,5.1,6.5,4.0,4.3,8.2,7.7,13.3,13.3,13.3,13.3,13.3,11.0,10.5,25.22,31.3,31.3,30.6,11.0,5.51,5.9,0.0,6.8,12.31,14.81,15.9,15.9,15.9,15.9,14.7,12.2,10.0,10.0,11.9,13.9,24.2,23.76,22.4,23.5,23.5,23.5,23.5,16.07,16.0,10.0,8.87,9.3,9.3,9.0,9.0,8.6,8.5,8.09,5.1,5.2,4.86,4.0,4.0,4.0,4.0,4.0,4.9,21.8,21.1,27.44,29.2,29.2,48.47,78.7,72.0,50.38,32.3,25.2,26.7,26.7,73.36,67.9,67.9,67.9,67.9,65.9,66.88,61.0,55.46,54.6,54.8,53.35,41.7,31.56,26.48,20.2,21.1,18.59,17.4,8.81,5.7,9.4,0.2,0.2,2.0,0.0,0.0,0.0,0.0,0.0,0.0,0.0,0.0,0.0,0.0,0.2,7.1,7.51,13.4,17.6,20.8,20.7,23.6,19.9,19.6,19.6,19.6,19.6,5.2,5.1,5.1,21.41,23.3,30.1,30.1,29.76,30.46,31.0,31.0,31.5,31.5,31.5,31.5,31.5,31.5,35.61,59.0,54.6,68.1,58.02,50.0,52.6,42.14,40.4,38.9,39.2,37.3,48.06,27.74,24.1,21.53,19.1,19.1,32.87,46.37,46.9,61.21,72.18,71.5,71.5,71.1,70.2,66.8,66.8,71.9,72.5,72.5,72.5,72.5,69.61,65.06,65.88,68.1,66.13,61.9,64.5,64.5,62.76,69.0,67.4,67.9,68.61,68.8,67.34,67.4,67.4,69.97,70.8,70.8,70.8,70.8,70.8,70.8,72.51,73.61,69.8,71.1,71.84,71.9,71.9,71.9,71.9,71.9,71.9,71.9,71.9,71.9,71.9,71.9,71.9,71.9,71.9,71.9,71.9,60.3,59.0,59.0,59.0,69.9,69.9,69.9,69.9,69.9,69.9,80.4,78.5,78.5,78.5,78.5,78.5,78.5,78.5,78.5,75.9,75.9,75.9,78.9,78.9,69.1,34.18,32.9,40.0,49.29,53.1,66.0,67.9,67.9,66.52,33.74,31.9,31.5,32.4,32.4,32.4,37.3,51.2,52.0,57.79,58.6,58.6,59.0,59.0,59.0,73.35,82.7,90.9,92.23,92.1,92.1,83.65,34.6,50.5
P097,60.1,60.6,60.8,60.91,61.0,61.9,61.9,61.9,61.9,61.9,61.9,61.9,61.9,61.9,63.4,64.02,65.22,65.5,65.7,65.7,65.7,65.7,65.7,65.9,66.2,66.2,66.2,65.58,65.4,65.4,65.4,65.4,65.4,65.4,65.4,65.4,65.5,65.5,65.5,65.5,65.5,65.5,65.5,65.6,65.9,65.9,65.9,65.9,65.9,65.9,65.9,66.0,65.6,64.1,62.0,60.41,60.4,60.5,60.5,60.2,60.56,63.3,63.3,63.3,63.3,63.3,62.6,62.6,62.6,62.6,62.6,62.6,62.6,62.6,62.6,62.6,62.4,62.4,62.4,62.0,61.9,61.3,61.1,61.1,60.8,60.8,60.2,60.2,60.2,60.2,60.2,60.2,60.2,60.2,60.2,60.2,60.2,60.2,60.2,60.2,60.2,60.2,60.2,60.2,60.2,60.2,60.2,60.2,60.2,60.2,59.0,59.0,59.0,59.0,59.0,59.0,60.8,62.24,63.2,63.2,63.2,63.99,64.0,61.32,60.8,60.8,60.8,60.8,60.8,60.09,55.91,48.3,48.1,48.0,47.8,47.8,47.8,50.11,54.3,52.9,52.9,52.9,52.9,52.9,52.9,52.9,52.9,52.9,52.9,52.9,52.9,52.9,52.9,52.9,52.9,52.1,51.5,51.5,51.4,52.3,61.61,58.69,57.1,57.1,57.1,57.1,56.6,54.9,55.4,55.4,55.4,55.3,55.3,55.3,55.3,55.3,55.3,55.3,55.3,55.3,55.3,55.3,54.1,53.7,53.7,53.7,53.7,53.7,53.7,53.7,56.0,56.1,57.12,57.6,59.6,60.02,60.8,60.9,60.8,60.8,60.8,60.9,61.0,61.1,60.29,60.2,60.2,60.0,59.49,59.52,61.0,60.19,59.5,59.5,59.5,59.5,59.5,59.38,58.8,58.7,58.7,58.4,58.1,58.2,57.1,57.1,57.1,57.1,57.1,57.1,57.1,57.1,57.1,57.1,57.1,57.1,57.1,57.1,57.1,57.1,57.1,57.1,57.1,57.1,57.1,57.1,57.1,57.1,57.1,57.1,57.1,57.1,57.1,57.2,57.2,57.2,57.2,57.1,56.8,56.9,57.1,57.1,49.87,49.3,48.97,45.65,44.9,44.9,46.1,47.2,47.3,47.3,46.6,46.45,49.1,47.2,47.1,47.1,47.1,47.1,47.1,46.5,46.5,46.4,46.3,46.9,46.9,46.9,46.9,46.9,46.9,46.9,48.3,49.2,50.33,50.6,51.4,44.9,45.1,45.5,45.5,45.5,45.5,45.5,45.5,45.5,45.5,45.5,45.5,45.5,45.5,45.5,45.5,45.5,47.61,48.38,47.0,46.8,46.8,49.83,53.5,52.2,51.4,51.7,54.21,55.2,55.3,55.3,55.3,51.5,48.7,49.0,50.2,50.2,49.8,49.77,50.8,50.68,49.1,48.78,50.92,50.88,49.1,48.8,48.6,48.1,46.9,51.65,53.7,53.5,53.5,53.5,53.5,53.5,53.5,53.5,53.5,53.5,53.5,53.5,53.5,53.5,53.5,53.5,53.73,54.9,52.76,54.74,56.9,60.0,60.3,62.66,57.13,51.19,49.77,36.87,35.8,35.8,41.34,45.4,45.5,45.5,45.5,49.19,50.6,51.6,50.3,46.4,45.9,45.9,45.9,45.4,45.3,44.9,46.54,47.6,47.6,46.01,8.82,9.56,5.8,4.5,3.0,2.9,2.9,2.9,8.26,11.1,11.9,12.8,8.3,0.0,0.0,1.3,3.89,5.7,5.7,12.8,10.6,10.6,11.6,11.29,7.11,9.0,12.0,13.89,19.58,19.6,19.6,13.36,12.2,12.2,12.6,12.6,2.9,1.38,0.0,0.0,0.0,0.0,0.0,0.0,0.0,0.0,0.0,0.0,0.0,0.0,0.0,4.96,1.57,0.0,0.0,0.0,0.0,0.0,0.0,0.0,0.0,0.0,0.0,0.0,0.0,0.0,0.0,0.0,0.0,2.15,6.19,8.7,10.0,11.72,12.7,16.69,18.5,18.5,19.9,19.9,20.39,21.4,22.9,23.7,23.7,23.4,23.4,23.4,23.4,23.4,23.4,23.4,23.4,23.4,23.4,23.4,23.4,23.0,23.1,23.1,22.0,22.0,21.6,20.5,20.32,23.0,23.3,23.3,23.3,23.3,23.3,23.3,22.8,22.7,22.7,22.7,22.7,22.7,22.7,22.7,22.7,22.7,22.7,22.7,22.7,22.7,22.7,22.3,22.3,22.3,22.3,22.3,22.3,22.3,24.03,26.2,26.69,26.7,26.7,26.7,27.2,27.2,26.17,24.37,23.6,23.6,24.2,24.2,24.2,24.2,24.2,23.8,23.8,23.8,23.8,19.95,16.3,16.1,16.1,16.1,16.1,16.1,15.6,15.6,15.4,15.21,13.21,11.81,11.8,10.1,9.01,9.0,9.0,9.49,9.5,9.03,5.8,5.57,4.3,4.3,3.4,0.53,0.0,0.0,0.0,0.0,0.0,0.0,0.0,0.0,0.0,0.0,0.0,0.0,0.0,0.0,0.0,0.0,0.0,0.0,0.0,9.08,16.87,23.58,34.03,46.37,52.98,58.68,63.0,63.0,63.68,64.4,66.31,66.6,66.6,66.6,65.61,58.9,44.22,31.55,25.2,21.98,16.91,14.5,14.0,13.41,11.7,2.99,0.0,0.0,0.0,0.0,0.0,0.0,0.0,0.0,0.0,0.0,0.0,0.0,0.0,0.0,0.0,0.0,0.0,0.0,0.0,0.0,0.0,0.0,0.0,0.0,6.61,8.1,11.8,13.3,13.4,7.19,6.41,6.0,6.0,6.0,0.0,0.0,0.0,0.0,0.0,0.0,0.0,0.1,0.1,0.1,0.1,0.1,0.5,0.7,0.8,0.8,0.8,6.23,13.2,22.53,26.31,32.29,43.8,46.4,47.0,49.8,49.96,49.74,51.48,59.75,64.83,67.61,69.6,70.0,71.09,70.3,68.6,71.81,72.1,71.9,72.21,73.62,75.3,76.5,76.69,77.9,78.37,76.7,76.7,77.2,77.2,78.65,81.52,85.39,86.74,96.7,100.0,100.0,100.0,100.0,89.38,79.87,76.39,74.4,74.2,75.7,75.7,75.6,75.3,74.3,74.3,74.3,74.3,74.3,74.42,78.1,78.1,78.1,78.1,78.1,71.45,58.06,48.3,48.3,48.3,48.3,48.3,48.3,48.3,48.5,50.98,50.7,50.0,50.0,50.0,48.7,48.3,48.0,47.6,47.3,49.87,54.24,59.52,63.23,65.41,67.49,70.01,70.7,70.0,70.0,69.9,69.6,69.6,69.6,69.3,69.1,69.9,69.9,69.9,69.9,69.9,69.9,69.9,69.9,69.9,69.9,70.02,70.9,75.12,76.6,81.86,86.53,92.19,97.9,100.0,98.4,97.9,97.2,96.39,96.1,96.5,96.2,95.9,95.5,95.4,95.4,95.1,94.8
P098,66.6,66.6,64.9,65.3,65.3,64.6,64.6,64.6,64.9,64.9,59.9,60.5,61.2,61.2,58.6,58.18,56.0,55.5,54.7,54.7,46.68,44.7,44.7,44.02,39.3,34.3,27.5,28.0,27.1,27.8,27.8,26.5,26.7,26.5,29.9,32.8,38.2,41.6,46.6,48.2,50.8,52.3,53.1,51.6,58.09,60.29,61.0,61.58,61.6,61.8,62.7,64.0,64.6,64.6,65.7,66.2,66.2,66.2,65.9,65.9,66.6,67.2,67.2,67.2,67.0,65.9,64.4,73.1,47.73,45.1,39.92,39.5,39.5,43.4,49.7,49.7,49.7,49.7,47.3,52.9,53.79,54.0,55.5,57.0,58.8,59.0,60.5,61.2,61.4,62.74,65.5,64.2,64.6,68.1,68.1,69.6,69.6,70.5,71.77,72.0,71.1,62.97,49.0,37.5,33.85,30.6,26.9,26.0,25.2,23.43,21.3,21.3,21.3,18.2,17.8,14.11,9.3,3.0,7.2,7.2,7.2,7.2,7.2,9.5,9.5,9.5,9.5,9.5,9.5,9.5,10.38,13.2,10.8,10.0,10.0,9.5,9.5,9.5,9.5,9.5,9.5,9.5,10.0,10.0,10.0,10.0,10.0,10.0,10.0,10.2,14.1,10.01,9.51,9.1,7.87,7.2,7.2,6.5,6.5,6.5,6.7,6.9,6.9,6.9,7.39,9.5,9.5,9.5,10.57,11.1,11.7,11.7,11.7,11.7,11.7,11.7,10.4,9.1,9.1,9.1,8.5,8.0,8.0,8.0,8.0,8.0,8.0,8.0,7.8,8.2,8.2,8.2,8.2,8.2,8.2,8.2,8.2,8.2,8.2,8.2,8.5,8.5,10.4,11.1,12.1,14.49,15.8,17.8,24.5,25.8,26.2,26.2,25.8,26.7,28.6,29.68,30.52,32.3,32.3,33.0,33.0,32.3,32.3,33.8,35.1,39.5,41.4,46.59,53.39,55.1,57.9,59.2,63.8,65.5,66.4,66.4,67.0,68.1,68.8,68.8,71.4,71.8,70.91,67.9,67.0,67.0,67.0,67.0,67.0,67.0,67.0,67.0,66.8,64.61,62.9,63.3,63.3,63.3,63.3,63.8,64.2,64.4,64.0,64.21,64.9,64.9,63.32,62.5,62.0,62.0,62.0,61.4,57.33,57.0,56.4,56.4,56.2,56.2,56.2,56.2,56.2,56.2,56.2,57.9,57.9,57.9,58.6,58.6,58.6,58.6,58.6,59.79,66.2,71.96,73.78,75.1,75.9,76.8,78.7,78.7,77.2,76.8,76.8,79.18,80.5,81.8,82.6,83.3,84.4,84.4,85.0,85.0,85.7,86.1,86.8,86.8,86.8,87.2,88.1,88.5,88.5,88.5,89.2,93.46,93.9,93.9,93.9,87.4,81.33,81.8,86.3,87.0,82.9,74.8,66.2,52.11,45.3,39.31,35.6,32.1,35.39,42.7,52.7,61.99,71.1,82.38,90.0,88.1,83.5,81.3,85.7,88.5,89.54,91.5,92.0,93.3,93.3,93.3,91.8,91.8,91.8,91.3,93.3,93.3,83.13,70.5,59.0,56.44,54.9,47.71,41.64,35.83,31.0,29.7,29.3,28.6,27.51,26.2,22.3,21.7,18.4,16.12,11.9,8.28,2.0,0.69,4.3,6.5,6.5,6.9,6.9,6.9,6.9,8.0,10.4,10.4,10.4,10.4,10.4,10.4,10.4,6.5,6.3,6.3,6.3,6.3,6.3,6.3,6.3,6.3,6.3,6.3,6.3,6.3,6.3,6.3,7.35,9.25,11.3,8.7,8.9,8.9,8.9,8.2,6.33,6.3,6.3,6.3,6.3,6.3,6.3,6.5,6.5,6.9,7.2,6.9,6.9,6.9,10.8,23.94,33.14,40.3,40.3,38.2,34.5,31.5,34.1,45.79,52.3,54.0,54.9,55.29,57.48,57.7,57.7,57.7,57.7,57.7,57.3,52.96,47.7,44.7,43.8,38.26,20.86,15.4,13.0,12.6,12.6,12.6,12.6,11.73,10.22,8.5,6.7,6.7,6.9,6.9,6.9,6.9,6.9,6.9,6.9,6.9,6.9,6.9,6.9,6.9,6.9,6.9,7.6,6.5,6.5,6.5,6.5,6.5,6.5,6.5,6.5,7.8,9.86,7.8,8.2,8.2,8.2,8.2,8.2,8.2,8.2,8.2,8.2,8.5,8.5,8.5,8.5,8.5,8.5,8.5,8.5,8.5,8.5,8.5,8.7,6.9,6.5,5.4,5.4,5.4,5.4,5.4,5.4,5.4,5.4,4.3,4.3,4.3,4.3,14.5,27.5,44.9,59.67,61.97,67.0,76.4,77.7,61.8,61.8,56.2,56.2,52.0,42.31,37.36,34.7,31.5,28.9,22.6,18.2,12.8,9.8,5.22,3.9,3.9,3.9,3.9,3.9,3.9,3.9,3.9,2.6,2.2,0.2,0.0,1.3,4.1,5.4,5.4,5.4,5.4,5.4,5.4,5.4,5.4,5.4,5.4,5.4,5.4,5.4,5.4,5.4,5.4,5.4,5.4,5.4,5.4,5.4,5.89,6.3,9.5,14.3,25.18,44.99,55.93,61.36,75.59,85.5,87.9,89.8,90.7,90.7,86.0,79.4,69.67,63.6,58.11,52.7,49.63,40.71,25.8,19.73,13.73,7.82,6.89,7.6,7.6,7.6,7.6,7.6,7.6,7.6,7.6,7.6,7.6,7.6,7.6,7.6,7.6,12.39,14.09,11.9,9.3,11.7,10.8,10.8,10.2,12.8,12.8,12.8,12.8,12.8,12.8,12.8,12.8,12.8,12.8,12.8,12.8,6.5,6.5,6.5,6.5,6.5,6.5,6.5,6.5,6.5,6.5,6.5,6.7,6.9,11.9,11.9,11.9,15.6,17.1,21.67,22.8,21.5,26.2,25.6,32.3,29.34,26.9,24.5,24.5,24.5,24.5,24.5,20.81,22.1,22.3,16.44,15.4,15.0,15.0,14.5,14.5,14.5,18.39,35.6,39.43,49.0,55.5,57.0,57.3,57.9,59.39,62.88,65.5,66.2,66.2,66.2,66.2,67.69,73.06,78.5,81.3,82.2,82.2,82.2,82.2,82.4,82.4,82.6,82.6,82.4,82.4,82.4,82.6,78.7,78.7,81.6,81.6,83.7,84.2,84.2,84.2,84.4,84.4,84.4,84.4,84.4,84.4,84.4,84.4,84.4,84.4,87.56,87.6,87.6,87.9,87.9,87.9,88.1,88.1,88.1,88.1,88.1,88.1,88.1,88.1,88.1,88.1,88.1,88.1,87.6,87.6,87.9,87.6,87.6,87.6,87.6,86.3,80.9,70.95,60.11,49.5,40.6,29.9,20.6,13.9,9.3,8.2,9.77,12.1,16.66,19.7,21.5,21.5,25.2,31.32,56.6,78.4,85.88,87.2,91.3,93.1,93.1,93.1,93.1,93.1,94.06,94.4,94.4,94.4,94.4,94.4,94.4,94.4
P099,55.9,55.9,55.9,55.9,55.9,55.9,55.9,52.3,50.6,50.6,50.6,50.6,50.6,50.6,50.6,50.6,50.6,50.6,50.6,50.6,50.6,50.6,50.6,50.6,50.6,50.6,50.6,50.6,50.6,50.6,50.6,50.6,50.6,50.6,50.6,50.6,50.6,50.6,50.6,50.6,50.6,50.6,50.6,50.6,50.6,50.6,50.6,50.6,50.6,50.6,50.6,50.6,50.6,50.6,50.6,50.6,50.6,50.6,50.6,50.6,50.6,50.6,50.6,50.6,50.6,50.6,50.6,50.6,50.6,50.6,50.6,50.6,50.6,50.6,50.6,54.1,55.09,57.4,57.4,57.4,57.4,57.4,57.4,57.4,57.4,57.4,57.4,57.4,57.4,57.4,57.4,57.4,57.4,57.4,57.4,57.4,57.4,57.4,57.4,57.4,57.4,57.4,57.4,57.4,57.4,57.4,57.4,57.4,57.4,57.4,57.4,57.4,57.4,57.4,57.4,57.4,57.4,57.4,57.4,57.4,57.4,57.4,57.4,57.4,57.4,57.4,57.4,57.4,57.4,57.4,57.4,57.4,57.4,57.4,57.4,57.4,57.4,57.4,57.4,57.4,57.4,57.4,57.4,57.4,57.4,57.4,57.4,57.4,57.4,57.4,57.4,57.4,57.4,57.4,57.4,57.4,57.4,57.4,57.4,57.4,57.4,57.4,57.4,57.4,57.4,57.4,57.4,57.4,57.4,57.4,57.4,57.4,57.4,57.4,57.4,57.4,57.4,57.4,57.4,57.4,57.4,57.4,57.4,57.4,57.4,57.4,57.4,57.4,57.4,57.4,57.4,57.4,57.4,57.4,57.4,57.4,57.4,57.4,57.4,57.4,57.4,57.4,57.4,57.4,57.4,57.4,57.4,57.4,57.4,57.4,57.4,57.4,57.4,57.4,57.4,57.4,57.4,57.4,57.4,57.4,57.4,57.4,57.4,57.4,57.4,57.4,57.4,57.4,57.4,57.4,57.4,57.4,57.4,57.4,57.4,57.4,57.4,57.4,57.4,57.4,57.4,57.4,57.4,57.4,57.4,57.4,57.4,57.4,57.4,57.4,57.4,57.4,57.4,57.4,57.4,57.4,57.4,57.4,57.4,57.4,57.4,57.4,57.4,57.1,54.1,54.1,54.1,54.1,54.1,54.1,54.1,54.1,54.1,54.1,54.1,54.1,54.1,54.1,54.1,54.1,54.1,54.1,54.1,54.1,54.1,54.1,54.1,54.1,54.1,54.1,54.1,54.1,54.1,54.1,54.1,54.1,54.1,54.1,54.1,54.1,54.1,54.1,54.1,54.1,54.1,54.1,54.1,54.1,54.1,54.1,54.1,54.1,54.1,54.1,54.1,54.1,54.1,54.1,54.1,54.1,54.1,54.1,54.1,54.1,54.1,54.1,54.1,54.1,54.1,54.1,54.1,54.1,54.1,54.1,54.1,64.0,64.0,64.0,64.0,64.0,64.0,64.0,64.0,64.0,64.0,64.0,64.0,64.0,64.0,64.0,64.0,64.0,64.0,64.0,64.0,64.0,64.0,64.0,64.0,64.0,64.0,64.0,64.0,64.0,64.0,64.0,64.0,64.0,64.0,64.0,64.0,64.0,64.0,64.0,64.0,64.0,64.0,64.0,64.0,64.0,64.0,64.0,64.0,64.0,64.0,64.0,64.0,64.0,64.0,64.0,64.0,64.0,64.0,64.0,64.0,64.0,64.0,64.0,64.0,64.0,64.0,64.0,64.0,64.0,64.0,64.0,64.0,64.0,64.0,64.0,64.0,64.0,64.0,64.0,64.0,64.0,64.0,64.0,64.0,64.0,64.0,64.0,64.0,64.0,64.0,64.0,64.0,64.0,64.0,64.0,64.0,64.0,64.0,64.0,64.0,64.0,64.0,64.0,64.0,64.0,64.0,64.0,64.0,64.0,64.0,64.0,64.0,64.0,64.0,64.0,64.0,64.0,64.0,64.0,64.0,64.0,64.0,64.0,48.0,40.9,40.9,40.9,41.3,42.2,43.6,43.6,44.1,44.1,44.1,44.1,44.1,44.1,44.1,44.1,44.1,44.1,44.1,44.1,44.1,44.1,44.1,44.1,44.1,44.1,44.1,44.1,44.1,44.1,44.1,44.1,44.1,44.1,44.1,44.1,44.1,44.1,44.1,44.1,44.1,44.1,44.1,44.1,44.1,44.1,44.1,44.1,44.1,44.1,44.1,44.1,44.1,44.1,44.1,44.1,44.1,44.1,44.1,44.1,44.1,44.1,44.1,44.1,44.1,44.1,44.1,44.1,44.1,44.1,44.1,44.1,37.8,32.3,32.3,32.3,32.3,32.3,32.3,32.3,32.3,32.3,32.3,32.3,32.3,32.3,32.3,32.3,32.3,32.3,32.3,32.3,32.3,32.3,32.3,32.3,32.3,32.3,32.3,32.3,32.3,32.3,32.3,32.3,32.3,32.3,32.3,32.3,32.3,32.3,32.3,32.3,32.3,32.3,32.3,32.3,32.3,32.3,32.3,32.3,32.3,32.3,32.3,32.3,32.3,32.3,9.3,14.7,14.7,14.7,14.7,14.7,14.7,14.7,14.7,14.7,14.7,23.1,26.3,26.3,26.3,26.3,26.3,26.3,26.3,26.3,26.3,26.3,26.3,26.3,26.3,26.3,26.3,26.3,26.3,26.3,26.3,26.3,26.3,26.3,26.3,26.3,26.3,26.3,26.3,26.3,26.3,26.3,26.3,26.3,26.3,26.3,26.3,26.3,26.3,23.71,19.6,19.6,19.6,19.6,19.6,19.6,19.6,19.6,19.6,19.6,19.6,19.6,19.6,19.6,19.6,19.6,19.6,22.6,22.6,22.6,22.6,22.6,22.6,22.6,22.6,22.6,22.6,22.6,22.6,22.6,22.6,22.6,22.6,22.6,22.6,22.6,22.6,22.6,22.6,22.6,22.6,22.6,22.6,22.6,22.6,22.6,22.6,22.6,22.6,22.6,22.6,22.6,22.6,22.6,22.6,22.6,22.6,22.6,22.6,22.6,22.6,22.6,22.6,22.6,22.6,22.6,22.6,22.6,43.8,51.2,51.2,51.2,51.2,51.2,51.2,51.2,51.2,51.2,51.2,51.2,51.2,51.2,51.2,51.2,51.2,51.2,51.2,51.2,51.2,51.2,51.2,51.2,51.2,51.2,51.2,49.4,49.7,49.7,49.7,49.7,49.7,49.7,49.7,49.7,49.7,49.7,49.7,49.7,49.7,49.7,49.7,49.7,49.7,49.7,49.7,49.7,49.7,49.7,49.7,49.7,49.7,49.7,49.7,49.7,49.7,49.7,49.7,49.7,49.7,49.7,49.7,49.7,49.7,49.7,49.7,49.7,49.7,49.7,49.7,49.7,49.7,49.7,49.7,49.7,49.7,49.7,49.7,49.7,49.7,49.7,49.7,49.7,49.7,49.7,49.7,49.7,49.7,49.7,49.7,49.7,49.7,49.7,49.7,49.7,49.7,49.7,49.7,49.7,49.7,49.7,49.7,49.7,49.7,49.7
P100,51.2,51.2,51.2,51.2,51.2,51.2,51.2,51.2,51.2,51.2,51.2,51.2,51.2,51.2,51.2,51.2,51.2,51.2,51.2,51.2,51.2,51.2,51.2,51.2,51.2,51.2,51.2,51.2,51.2,51.2,51.2,51.2,51.2,51.2,51.2,51.2,51.2,51.2,51.2,51.2,51.2,51.2,51.2,51.2,51.2,51.2,51.2,51.2,51.2,51.2,51.2,51.2,51.2,51.2,51.2,38.88,9.21,8.5,9.4,9.4,9.4,9.4,14.4,14.4,14.4,14.4,14.4,14.4,14.4,14.4,14.4,14.4,14.4,14.4,14.4,14.4,14.4,14.4,14.4,14.4,14.4,14.4,14.4,14.4,14.4,14.4,14.4,14.4,14.4,14.4,14.4,14.4,14.4,14.4,14.4,14.4,14.4,14.4,14.4,14.4,14.4,14.4,14.4,14.4,14.4,14.4,14.4,14.4,14.4,14.4,14.4,14.4,14.4,14.4,14.4,14.4,14.4,14.4,14.4,14.4,14.4,14.4,14.4,14.4,14.4,14.4,14.4,14.4,14.4,14.4,13.0,8.0,8.0,8.0,8.0,8.0,8.0,8.0,8.0,8.0,8.0,8.0,8.0,8.0,8.0,8.0,8.0,8.0,8.0,8.0,8.0,8.0,8.0,8.0,8.0,8.0,8.0,8.0,8.0,8.0,8.0,8.0,8.0,8.0,8.0,9.1,6.29,7.1,7.1,7.1,7.1,7.1,7.1,7.1,7.1,7.1,7.1,7.1,7.1,7.1,7.1,7.1,7.1,7.1,7.1,7.1,7.1,7.1,7.1,7.1,7.1,7.1,7.1,7.1,7.1,7.1,7.1,7.1,7.1,7.1,7.1,7.1,7.1,7.1,7.1,7.1,7.1,7.1,7.1,7.1,7.1,7.1,7.1,7.1,7.1,7.1,7.1,7.1,7.1,7.1,7.1,7.1,7.1,7.1,7.1,7.1,7.1,7.1,7.1,7.1,7.1,7.1,7.1,7.1,7.1,7.1,7.1,7.1,7.1,7.1,7.1,7.1,7.1,7.1,7.1,7.1,7.1,7.1,7.1,7.1,7.1,7.1,7.1,7.1,7.1,7.1,7.1,7.1,7.1,7.1,7.1,7.1,7.1,7.1,7.1,7.1,7.1,7.1,7.1,7.1,7.1,7.1,7.1,7.1,7.1,7.1,7.1,7.1,7.1,7.1,7.1,7.1,7.1,7.1,7.1,7.1,7.1,7.1,7.1,7.1,7.1,7.1,7.1,7.1,7.1,7.1,7.1,7.1,7.1,7.1,7.1,7.1,7.1,7.1,7.1,7.1,7.1,7.1,7.1,7.1,7.1,7.1,7.1,7.1,7.1,7.1,7.1,7.1,7.1,7.1,7.1,7.1,7.1,7.1,7.1,7.1,7.1,7.1,7.1,7.1,7.1,7.1,7.1,7.1,7.1,7.1,7.1,7.1,7.1,7.1,7.1,7.1,7.1,7.1,7.1,7.1,7.1,7.1,7.1,7.1,7.1,7.1,7.1,7.1,7.1,7.1,7.1,7.1,7.1,7.1,7.1,7.1,7.1,7.1,7.1,7.1,7.1,7.1,7.1,7.1,7.1,7.1,7.1,7.1,7.1,7.1,7.1,7.1,7.1,7.1,7.1,7.1,7.1,7.1,7.1,7.1,7.1,7.1,7.1,7.1,7.1,7.1,7.1,7.1,7.1,7.1,7.1,7.1,7.1,7.1,7.1,7.1,7.1,7.1,7.1,7.1,7.1,7.1,7.1,7.1,7.1,7.1,7.1,7.1,7.1,7.1,7.1,7.1,7.1,7.1,7.1,7.1,7.1,7.1,7.1,7.1,7.1,7.1,7.1,7.1,7.1,7.1,7.1,7.1,7.1,7.1,7.1,7.1,7.1,7.1,7.1,7.1,7.1,7.1,7.1,7.1,7.1,7.1,7.1,7.1,7.1,7.1,7.1,7.1,7.1,7.1,7.1,7.1,7.1,7.1,7.1,7.1,7.1,7.1,7.1,7.1,7.1,7.1,7.1,7.1,7.1,7.1,7.1,7.1,7.1,7.1,7.1,7.1,7.1,7.1,7.1,7.1,7.1,7.1,7.1,7.1,7.1,7.1,7.1,7.1,7.1,7.1,7.1,7.1,7.1,7.1,7.1,7.1,7.1,7.1,7.1,7.1,7.1,7.1,7.1,7.1,7.1,7.1,7.1,7.1,7.1,7.1,7.1,7.1,7.1,7.1,7.1,7.1,7.1,7.1,7.1,7.1,7.1,7.1,7.1,7.1,7.1,7.1,7.1,7.1,7.1,7.1,7.1,7.1,7.1,7.1,7.1,7.1,7.1,7.1,7.1,7.1,7.1,7.1,7.1,7.1,7.1,7.1,7.1,7.1,7.1,7.1,7.1,7.1,7.1,7.1,7.1,7.1,7.1,7.1,7.1,7.1,7.1,7.1,7.1,7.1,7.1,7.1,7.1,7.1,7.1,7.1,7.1,7.1,7.1,7.1,7.1,7.1,7.1,7.1,7.1,7.1,7.1,7.1,7.1,7.1,7.1,7.1,7.1,7.1,7.1,7.1,7.1,7.1,7.1,7.1,7.1,7.1,7.1,7.1,7.1,7.1,7.1,7.1,7.1,7.1,7.1,7.1,7.1,7.1,7.1,7.1,7.1,7.1,7.1,7.1,7.1,7.1,7.1,7.1,7.1,7.1,7.1,7.1,7.1,7.1,7.1,7.1,7.1,7.1,7.1,7.1,7.1,7.1,7.1,7.1,7.1,7.1,7.1,7.1,7.1,7.1,7.1,7.1,7.1,7.1,7.1,7.1,7.1,7.1,7.1,7.1,7.1,7.1,7.1,7.1,7.1,7.1,7.1,7.1,7.1,7.1,7.1,7.1,7.1,7.1,7.1,7.1,7.1,7.1,7.1,7.1,7.1,7.1,7.1,7.1,7.1,7.1,7.1,7.1,7.1,7.1,7.1,7.1,7.1,7.1,7.1,7.1,7.1,7.1,7.1,7.1,7.1,7.1,7.1,7.1,7.1,7.1,7.1,7.1,7.1,7.1,7.1,7.1,7.1,7.1,7.1,7.1,7.1,7.1,7.1,7.1,7.1,7.1,7.1,7.1,7.1,7.1,7.1,7.1,7.1,7.1,7.1,7.1,7.1,7.1,7.1,7.1,7.1,7.1,7.1,7.1,7.1,7.1,7.1,7.1,7.1,7.1,7.1,7.1,7.1,7.1,7.1,7.1,7.1,7.1,7.1,7.1,7.1,7.1,7.1,7.1,7.1,7.1,7.1,7.1,7.1,7.1,7.1,7.1,7.1,7.1,7.1,7.1,7.1,7.1,7.1,7.1,7.1,7.1,7.1,7.1,7.1,7.1,7.1,7.1,7.1,7.1,7.1,7.1,7.1,7.1,7.1,7.1,7.1,7.1,7.1,7.1,7.1,7.1,7.1,7.1,7.1,7.1,7.1,7.1,7.1,7.1,7.1,7.1,7.1,7.1,7.1,7.1,7.1,7.1,7.1,7.1
P101,73.9,71.75,70.1,70.1,70.1,70.1,70.1,70.1,70.1,70.1,77.25,84.6,83.8,83.8,83.8,83.8,83.8,71.8,76.76,79.9,72.4,72.4,72.4,72.4,72.4,72.4,72.4,68.7,59.1,59.3,59.3,59.3,58.5,56.41,53.7,54.8,54.8,55.0,53.15,51.0,66.95,76.1,76.1,76.1,75.5,73.43,78.4,79.7,79.7,79.5,79.2,77.78,71.8,70.8,71.4,72.0,72.0,72.2,72.2,72.2,71.2,71.2,71.2,64.3,60.4,62.2,67.6,72.4,64.06,67.0,67.31,65.4,65.4,65.4,65.4,65.51,69.9,66.6,65.22,62.88,62.44,64.5,68.77,69.3,66.8,71.8,70.96,62.9,66.05,71.0,65.1,65.3,68.5,67.8,63.3,63.3,63.5,59.81,54.56,51.4,60.66,64.16,68.5,72.2,70.12,70.1,73.76,79.9,79.9,79.9,79.2,79.2,79.2,79.2,79.2,77.42,74.9,73.4,73.4,73.4,73.4,78.4,78.4,78.4,78.4,72.36,61.6,50.47,39.77,42.1,40.5,43.6,43.1,40.5,39.56,38.2,36.7,36.7,36.7,36.7,36.7,35.03,33.2,30.5,28.2,23.6,22.8,19.75,20.8,22.0,21.8,21.8,21.8,20.5,21.4,22.0,23.35,19.1,36.21,24.79,23.82,23.0,22.8,24.33,13.5,16.8,22.8,21.8,22.0,22.0,23.9,21.73,20.5,20.3,20.5,20.5,16.4,21.2,10.6,29.29,39.27,36.34,19.1,22.8,20.84,23.6,23.6,23.6,23.6,23.6,23.6,21.6,19.49,17.0,15.4,10.59,8.5,14.52,15.6,15.6,21.25,25.76,41.5,37.24,31.37,27.36,27.6,32.8,28.2,27.6,27.64,28.2,27.8,31.37,28.8,28.6,30.3,32.8,32.2,24.21,23.73,38.27,40.54,45.86,46.7,34.69,28.36,25.9,29.37,34.4,35.9,38.04,29.87,24.1,30.97,36.57,44.38,22.29,28.8,38.66,46.7,53.7,57.7,58.78,65.4,63.5,62.7,55.0,44.59,33.0,28.6,29.0,29.9,34.7,37.5,34.6,32.8,33.0,34.4,34.4,34.4,34.4,39.59,25.5,27.75,37.6,32.36,30.45,29.5,34.68,44.0,54.38,65.41,69.75,75.07,71.27,64.9,69.3,69.1,70.3,70.3,72.6,74.9,79.5,81.1,80.3,76.61,75.7,78.0,77.6,74.7,74.5,73.6,73.4,75.3,79.0,75.7,64.7,64.7,74.31,74.9,77.4,76.31,76.8,76.1,76.1,76.1,76.1,72.4,73.92,70.7,78.48,91.12,96.1,95.08,87.8,84.7,77.03,70.7,63.9,52.79,53.1,40.65,35.95,34.9,32.4,31.5,23.6,24.42,32.6,34.23,32.2,31.5,15.4,21.2,21.6,17.77,22.72,11.8,20.8,24.3,31.7,26.6,32.47,34.2,29.9,42.02,50.6,45.0,50.0,49.8,48.5,50.0,50.0,50.0,49.49,54.6,53.5,53.5,54.6,55.34,50.6,52.52,52.3,58.48,58.03,67.83,59.43,81.01,73.6,48.34,45.77,30.66,18.3,19.7,20.5,20.41,20.8,22.8,22.8,22.8,22.8,22.8,22.8,22.8,22.8,24.34,20.5,20.5,20.5,20.5,24.7,24.7,24.7,28.4,29.5,31.9,28.2,28.2,28.2,28.2,24.5,22.4,22.4,22.0,12.2,12.2,12.2,12.2,12.54,20.5,21.33,10.0,5.86,7.48,8.3,11.37,16.8,10.08,11.44,22.38,23.26,22.6,28.44,20.7,18.71,50.8,50.2,13.46,12.8,18.1,22.0,22.0,22.0,19.08,22.2,23.2,23.2,17.4,22.0,24.3,24.3,20.63,19.9,19.9,19.9,19.9,17.4,17.0,15.6,15.64,16.4,16.4,22.8,23.0,23.0,31.53,24.92,15.3,15.3,15.3,15.3,15.3,15.3,9.94,19.02,18.75,23.2,48.6,19.0,19.3,19.3,19.3,19.3,19.3,23.46,41.7,45.0,46.3,46.3,46.3,31.1,40.12,50.17,46.9,47.9,47.9,47.9,32.07,27.0,27.0,25.3,21.8,25.1,25.1,25.1,15.83,15.4,24.22,17.4,13.7,13.46,12.8,23.7,23.7,23.7,23.7,22.8,19.1,19.1,18.7,22.58,14.9,19.5,26.1,26.1,34.7,39.86,48.72,52.1,59.75,41.3,39.4,36.41,34.6,34.0,34.0,34.0,34.0,38.6,38.4,14.1,12.33,12.46,18.5,19.1,21.2,21.2,21.2,21.2,21.2,21.2,21.2,21.2,21.0,21.0,21.0,30.98,23.83,23.0,23.0,23.0,23.0,22.4,23.2,23.2,23.2,26.8,26.8,26.8,26.8,26.8,26.8,26.8,26.8,26.8,26.8,26.8,27.02,28.2,28.22,27.18,25.5,32.2,25.36,26.1,31.5,34.45,40.2,40.86,44.8,52.49,50.8,40.57,39.0,18.08,12.27,10.8,6.62,7.7,7.7,7.3,8.5,9.94,13.3,26.8,27.52,22.95,24.9,23.58,27.9,24.86,29.59,25.1,25.5,30.97,34.53,33.12,35.5,42.53,49.6,46.3,32.8,31.5,31.7,24.5,23.0,23.0,23.0,22.27,13.9,13.9,13.9,13.9,18.5,18.5,18.5,18.5,21.27,23.2,16.04,13.5,13.3,13.3,13.3,13.3,13.3,13.3,13.3,21.0,32.42,12.4,15.4,24.9,23.3,26.84,18.86,11.8,9.7,4.6,7.9,7.9,7.9,10.0,13.1,13.1,17.0,21.7,24.7,24.7,24.7,24.7,25.5,25.9,25.9,25.9,25.9,25.9,25.9,24.5,24.5,24.5,24.11,18.7,20.8,23.4,32.32,40.2,40.7,35.15,13.48,12.99,12.4,13.7,13.1,13.5,13.5,13.5,13.5,13.5,13.5,13.5,13.5,16.0,16.0,16.0,22.0,25.3,30.1,28.2,25.86,24.3,24.3,24.3,25.79,24.1,21.82,24.9,27.6,27.6,32.61,40.9,50.25,57.52,62.1,67.6,73.4,73.4,73.4,73.7,73.7,70.5,70.5,70.5,65.17,56.4,52.51,53.3,44.6,62.6,66.8,53.3,52.9,52.9,45.66,37.18,37.8,34.7,34.7,34.7,34.7,34.7,34.7,34.7,34.7,36.1,47.54,49.2,50.2,36.74,31.7,31.9,31.9,31.9,30.5,30.5,30.5,30.5,30.5,27.14,28.13,26.3,54.28,73.2,65.82,65.3,68.0,68.0,67.2,64.73,57.3,52.9,51.2,51.4,51.4,51.4,51.4,48.1,46.9,56.4,50.47,43.36,34.61,42.1,24.41,18.9,28.24,32.2,36.34,39.2,48.3,63.7,66.4,67.75,72.2,67.46,69.1,68.0,68.0,68.1,65.4,69.5,72.0,72.0,72.0,72.0,72.0,71.81
P102,81.2,78.4,74.9,74.9,75.2,75.2,46.51,67.97,83.78,84.3,84.3,82.1,82.8,82.8,82.5,82.5,83.2,83.4,83.4,81.71,57.5,52.0,52.0,52.0,52.0,52.0,52.0,52.0,52.0,52.0,52.0,52.0,52.0,52.0,52.0,52.0,52.0,52.0,52.0,57.2,58.9,58.9,58.9,58.9,60.79,63.68,63.7,63.9,63.9,63.0,69.94,70.4,71.5,71.5,71.5,66.32,64.1,65.8,66.9,66.7,66.9,67.1,67.1,66.51,59.58,52.42,52.2,52.2,52.2,52.2,52.2,52.0,52.61,52.0,51.1,50.0,49.8,50.0,54.79,59.8,59.8,59.3,60.2,56.31,54.8,52.6,52.0,52.0,52.0,52.0,50.0,51.71,50.7,51.09,51.71,51.3,51.3,50.9,50.9,50.4,50.9,49.6,54.11,51.1,51.1,51.1,51.1,51.1,51.1,50.0,50.0,49.8,50.0,50.7,50.7,50.7,50.7,50.7,50.7,50.7,50.7,50.7,50.7,50.7,50.7,50.7,50.7,50.7,50.7,50.7,50.7,50.7,50.7,50.7,50.7,50.7,50.7,50.7,50.7,50.7,50.7,50.7,50.7,50.7,50.7,50.7,50.7,50.7,50.7,50.7,50.7,50.7,50.7,50.7,51.49,51.7,50.0,49.8,50.4,50.4,50.4,50.4,50.4,50.4,50.2,50.2,50.2,49.8,49.8,49.8,49.8,49.8,49.8,49.8,49.8,49.8,49.8,49.8,49.8,49.8,49.8,49.8,49.8,49.8,49.8,49.8,49.8,49.8,49.8,49.8,49.8,49.8,49.8,49.8,50.16,50.9,50.9,50.9,50.9,50.9,50.9,50.9,50.9,50.9,50.9,50.9,50.9,50.9,50.9,50.9,50.9,50.9,50.9,50.9,50.9,50.9,51.3,53.9,56.5,55.4,58.9,58.9,58.9,58.9,49.3,49.3,48.5,48.5,48.5,48.5,48.5,48.5,48.5,48.5,48.5,48.5,48.5,48.5,48.5,48.5,48.5,48.5,50.2,50.7,50.7,50.7,50.7,50.7,50.7,50.7,50.7,50.7,50.7,50.7,50.7,50.7,50.7,50.7,50.7,50.7,50.7,50.7,50.7,50.7,54.12,55.4,55.4,55.4,55.4,55.4,55.4,55.4,55.4,55.4,55.4,53.5,53.5,53.5,53.5,53.5,53.5,53.5,53.5,53.5,53.5,53.5,53.5,53.5,53.5,53.5,53.5,50.91,51.1,50.9,50.9,50.9,50.9,50.9,50.9,50.9,50.9,50.9,50.9,50.9,50.9,50.9,50.9,50.9,50.9,50.9,50.9,50.9,50.9,50.9,50.9,50.9,50.9,50.9,50.9,50.9,50.9,50.9,50.9,50.9,50.9,50.9,50.9,50.9,50.9,50.9,50.0,51.3,57.8,61.48,65.4,65.4,65.4,65.4,65.4,65.4,65.4,65.4,65.4,65.4,65.4,65.4,58.9,52.4,49.3,49.1,49.1,49.1,49.1,49.1,49.1,49.54,63.62,64.3,71.7,71.7,71.7,71.7,71.7,71.7,71.7,71.7,71.7,71.7,71.7,71.7,71.7,71.7,71.7,65.2,58.5,52.2,52.2,52.2,52.2,52.2,51.3,52.0,52.0,52.0,52.0,52.0,50.7,50.7,50.7,50.7,50.7,50.7,50.7,50.7,50.7,50.7,50.7,50.7,50.7,50.7,50.7,50.7,50.7,50.7,50.7,50.7,51.1,52.44,51.3,51.5,51.5,51.5,51.5,51.5,54.58,72.16,75.6,75.6,75.6,75.6,75.6,75.6,75.6,75.6,75.6,55.2,57.7,48.74,48.3,46.7,45.2,42.8,40.9,41.3,41.3,43.1,42.4,42.4,60.0,61.7,63.0,62.8,62.8,62.8,62.8,62.8,62.8,62.8,62.8,62.8,62.8,62.8,62.8,62.8,62.8,62.8,62.8,62.8,62.8,62.8,52.47,44.4,41.5,41.5,41.5,41.5,41.5,41.5,41.5,41.5,41.5,41.5,41.5,41.5,41.5,41.5,41.5,41.5,41.5,41.5,41.5,41.5,41.5,41.5,41.5,41.5,41.5,41.5,55.7,52.8,52.04,52.0,52.0,52.0,52.0,52.0,52.0,52.0,52.0,52.0,52.0,52.0,54.78,61.9,57.4,57.4,57.4,57.4,57.4,57.4,57.4,57.4,56.08,61.3,61.3,61.3,69.69,73.2,73.2,73.2,73.2,73.2,73.2,73.2,73.2,73.2,73.2,73.04,66.7,66.3,66.3,66.3,66.3,66.3,66.3,66.3,66.3,66.3,50.33,49.37,40.7,40.2,40.2,40.2,39.2,39.97,42.4,42.4,42.4,42.4,42.4,42.4,42.4,42.4,42.4,42.4,42.4,42.4,41.17,52.97,40.5,37.0,37.0,37.0,37.0,37.0,37.0,37.0,37.0,37.0,37.0,37.0,37.0,37.0,37.0,37.0,37.0,37.0,37.0,37.0,37.0,37.0,37.0,37.0,37.0,37.0,37.0,37.0,37.0,37.0,37.0,37.0,37.0,39.6,41.28,43.44,52.85,63.7,63.7,63.7,63.7,63.7,63.7,63.7,63.7,63.7,63.7,63.7,63.42,66.06,76.88,82.1,78.6,78.6,78.6,78.6,78.6,75.14,55.93,43.16,33.11,24.4,24.4,19.6,17.94,17.9,17.9,17.9,17.9,9.63,2.7,2.7,2.7,3.55,10.49,16.6,17.7,21.59,23.1,23.5,23.5,23.5,23.5,23.5,23.5,28.3,28.3,28.3,28.3,28.3,28.3,28.3,28.3,28.3,28.3,28.3,30.26,41.88,49.78,50.7,50.7,50.7,50.7,50.7,53.38,47.31,37.0,37.0,37.0,37.0,37.0,37.0,46.39,49.1,49.1,49.1,49.1,49.1,49.1,49.1,49.1,49.1,49.1,49.1,49.1,49.1,49.1,49.1,49.1,49.1,49.1,49.1,52.19,65.79,65.8,65.8,65.8,65.8,65.8,65.8,58.21,52.0,57.42,52.8,52.6,52.6,52.6,52.6,52.6,52.6,52.6,52.6,51.1,55.35,60.0,60.0,60.0,60.0,60.0,60.0,60.0,60.0,60.0,54.39,52.2,52.2,52.2,52.2,52.2,63.0,63.0,63.0,63.0,63.39,68.4,68.4,68.4,68.4,68.4,60.81,55.0,55.0,54.3,50.4,50.2,49.8,49.8,49.3,60.15,43.96,45.67,45.2,46.1,45.7,45.9,45.9,45.9,45.9,45.9,45.9,45.9,45.9,47.4,49.6,52.21,51.1,51.1,51.1,51.1,51.1,51.1,51.1,51.1,51.1,51.1,51.1,51.1,51.1,51.1,51.1,51.1,51.1,51.1,51.1,51.1,51.1,51.1,51.1,51.1,51.1,65.16,65.8,65.8,65.8,65.8,65.8,65.8,65.8,65.8,65.8,69.6,78.9,78.9,78.9,78.9,78.9,78.9,78.9
P103,33.0,33.0,30.72,30.6,42.2,43.3,43.3,43.3,43.3,43.3,43.3,43.3,43.3,43.3,43.3,43.3,43.3,43.3,63.5,63.5,63.5,63.5,63.5,63.5,63.5,63.5,63.5,63.5,63.5,63.5,63.5,63.5,63.5,63.5,63.5,63.5,63.5,63.5,63.5,63.5,63.5,63.5,63.5,63.5,63.5,63.5,63.5,63.5,84.77,47.88,40.6,58.4,65.7,76.9,76.9,76.9,76.9,76.9,76.9,76.9,76.9,76.9,76.9,76.9,76.9,76.9,76.9,76.9,76.9,76.9,76.9,76.9,76.9,76.9,76.9,76.9,76.9,78.9,78.9,78.9,78.9,78.9,78.9,78.9,78.9,78.9,78.9,78.9,78.9,78.9,78.9,78.9,78.9,78.9,78.9,78.9,78.9,78.9,78.9,78.9,78.9,78.9,78.9,78.9,78.9,78.9,78.9,78.9,78.9,78.9,78.9,78.9,78.9,40.66,68.92,50.12,24.3,20.14,20.1,20.1,20.1,20.1,20.1,20.1,20.1,20.1,20.1,20.1,20.1,20.1,20.1,20.1,20.1,20.07,19.7,11.1,11.1,11.1,11.1,11.1,11.1,11.1,11.1,39.0,28.7,100.0,100.0,100.0,100.0,100.0,99.5,100.0,100.0,76.2,99.55,55.9,47.9,51.0,51.0,51.0,51.0,51.0,51.0,51.0,51.0,51.0,51.0,51.0,51.0,51.0,51.0,51.0,51.0,51.0,51.0,51.0,51.0,51.0,51.0,51.0,51.0,51.0,49.0,49.0,53.0,51.0,51.0,56.1,48.0,47.7,1.07,0.0,100.0,100.0,100.0,100.0,100.0,100.0,100.0,63.24,20.7,20.7,20.7,20.7,20.7,20.7,20.7,20.7,20.7,20.7,20.7,20.7,20.7,20.7,20.7,20.7,20.7,20.7,20.7,20.7,20.7,20.7,20.7,20.7,20.7,20.7,20.7,20.7,20.7,20.7,20.7,20.7,20.7,20.7,20.7,20.7,20.7,20.7,20.7,20.7,20.7,20.7,20.7,20.7,20.7,20.7,20.7,20.7,20.7,20.7,20.7,20.7,20.7,20.7,20.7,20.7,20.7,20.7,20.7,20.7,20.7,20.7,20.7,20.7,20.7,20.7,20.7,20.7,20.7,20.7,20.7,20.7,20.7,20.7,100.0,100.0,26.26,0.0,0.0,0.0,0.0,0.0,0.0,0.0,0.0,0.0,0.0,0.0,0.0,0.0,0.0,0.0,0.0,0.0,0.0,0.0,6.47,10.08,1.6,0.08,1.7,1.7,2.15,23.64,0.0,7.12,0.0,0.0,27.4,0.0,0.0,0.0,0.11,4.4,0.0,0.56,11.6,11.6,0.0,2.7,0.7,0.0,4.0,0.0,0.0,0.0,0.0,0.0,0.0,0.0,0.0,0.0,0.0,0.0,0.0,0.0,0.0,0.0,0.0,0.0,0.0,0.0,0.0,0.0,0.0,0.0,0.0,0.0,0.0,0.0,0.0,0.0,0.0,0.0,0.0,0.0,0.0,0.0,0.0,0.0,0.0,0.0,0.0,0.0,0.0,0.0,0.0,0.0,0.0,0.0,0.0,0.0,0.0,0.0,0.0,0.0,0.0,0.0,0.0,0.0,0.0,0.0,0.0,0.0,0.0,0.0,0.0,0.0,0.0,0.0,0.0,0.0,0.0,0.0,0.0,0.0,0.0,0.0,0.0,0.0,0.0,0.0,0.0,0.0,76.79,46.97,65.6,65.6,65.6,65.6,65.6,65.6,65.6,65.6,65.6,65.6,65.6,65.6,65.6,65.6,65.6,65.6,65.6,65.6,65.6,65.6,65.6,65.6,65.6,65.6,65.6,65.6,65.6,67.8,71.1,72.07,0.0,11.91,52.3,52.3,52.3,52.3,52.3,52.3,52.3,52.3,52.3,52.3,52.3,52.3,52.3,52.3,52.3,52.3,52.1,52.1,52.1,52.1,52.1,52.1,52.1,52.1,52.1,52.1,52.1,52.1,52.1,52.1,52.1,52.1,52.1,52.1,52.1,52.1,52.1,52.1,52.1,52.1,52.1,52.1,52.1,52.1,52.1,52.1,52.1,52.1,52.1,52.1,0.0,0.0,9.9,4.6,4.6,4.6,4.6,4.6,4.6,4.6,4.6,4.6,4.6,4.6,4.6,4.6,4.6,4.6,4.6,4.6,4.6,4.6,4.6,4.6,4.6,4.6,4.6,4.6,4.6,4.6,4.6,4.6,14.06,32.34,3.6,6.1,41.84,22.2,1.0,1.0,1.0,1.0,1.0,1.0,1.0,1.0,1.0,1.0,1.0,1.0,1.0,1.0,1.0,1.0,1.0,1.0,1.0,1.0,1.0,1.0,1.0,1.0,1.0,1.0,1.0,1.0,1.0,1.0,1.0,1.0,1.0,1.0,1.0,1.0,1.0,1.0,1.0,1.0,1.0,1.0,1.0,1.0,1.0,1.0,1.0,1.0,1.0,1.0,1.0,2.8,2.8,22.08,50.0,50.0,50.0,50.0,50.0,50.0,50.0,50.0,50.0,50.0,50.0,50.0,50.0,50.0,50.0,50.0,50.0,50.0,50.0,50.0,50.0,50.0,50.0,50.0,50.0,50.0,50.0,50.0,50.0,50.0,50.0,50.0,50.0,50.0,50.0,50.0,50.0,50.0,50.0,50.0,50.0,50.0,50.0,50.0,50.0,50.0,50.0,50.0,50.0,50.0,50.0,50.0,50.0,50.0,50.0,50.0,50.0,50.0,50.0,50.0,50.0,50.0,50.0,50.0,50.0,50.0,50.0,50.0,50.0,50.0,50.0,50.0,50.0,50.0,50.0,50.0,50.0,50.0,50.0,50.0,50.0,50.0,50.0,50.0,50.0,50.0,50.0,50.0,50.0,50.0,50.0,50.0,50.0,50.0,50.0,50.0,50.0,50.0,50.0,50.0,50.0,50.0,50.0,50.0,50.0,50.0,50.0,50.0,50.0,50.0,50.0,50.0,50.0,50.0,50.0,50.0,50.0,50.0,50.0,50.0,50.0,50.0,50.0,50.0,50.0,50.0,50.0,50.0,50.0,16.4,2.3,5.1,5.31,5.9,5.9,5.9,5.9,5.9,5.9,5.9,5.9,5.9,5.9,5.9,5.9,5.9,5.9,5.9,5.9,5.9,5.9,5.9,5.9,5.9,5.9,5.9,5.9,5.9,5.9,5.9,5.9,5.9,5.9,5.9,5.9,5.9,5.9,5.9,5.9,5.9,5.9,5.9,5.9,5.9,5.9,5.9,5.9,5.9,5.9,5.9,5.9,5.9,5.9,5.9,5.9,5.9,5.9,5.9,5.9,5.9,5.9,5.9,5.9,5.9,5.9,5.9,5.9,5.9,5.9,5.9,5.9,5.9,5.9,5.9,5.9,5.9,5.9,5.9,5.9,5.9,5.9,5.9,5.9,5.9,5.9,5.9,5.9,5.9,5.9,5.9,5.9,5.9,5.9,5.9,5.9,5.9,5.9,5.9
P104,50.0,50.0,50.0,50.0,50.0,50.0,50.89,51.5,51.0,51.0,51.0,51.0,51.0,51.0,51.0,51.0,51.0,51.0,51.0,51.0,51.0,51.0,53.5,55.2,55.2,55.2,55.2,55.2,55.2,55.2,55.2,55.2,55.2,55.2,55.2,55.2,55.2,55.2,55.2,55.2,55.2,55.2,55.2,55.2,55.2,55.2,55.2,55.2,55.2,55.2,55.2,55.2,55.2,55.2,55.2,55.2,55.2,55.2,55.2,55.2,55.2,55.2,55.2,55.2,55.2,55.2,55.2,55.2,55.2,55.2,55.2,55.2,55.2,55.2,55.2,55.2,55.2,55.2,55.2,55.2,55.2,55.2,55.2,55.2,55.2,55.2,55.2,55.2,55.2,55.2,55.2,55.2,55.2,55.2,55.2,55.2,55.2,55.2,55.2,55.2,55.2,55.2,54.4,54.3,54.3,54.2,54.2,54.2,54.2,54.2,54.2,54.2,54.2,54.2,54.2,54.2,54.2,54.2,54.2,54.2,54.2,54.2,54.2,54.2,54.2,53.9,55.0,53.4,51.71,49.4,49.4,49.4,49.4,49.4,49.4,49.4,49.4,49.4,49.4,49.4,49.4,49.4,49.4,49.4,49.4,49.4,49.4,49.4,49.4,49.4,49.4,49.4,49.4,49.4,49.4,49.4,49.4,49.4,49.4,49.4,49.4,49.4,49.4,49.4,48.5,47.8,47.8,47.8,47.8,47.8,47.8,47.8,47.8,47.8,47.8,47.8,47.8,47.8,47.8,47.8,47.8,47.8,47.8,47.8,47.8,47.8,47.8,47.8,47.8,47.8,47.8,47.8,47.8,47.8,47.8,47.8,47.8,47.8,47.8,47.8,47.8,44.2,44.1,44.3,44.3,44.3,44.3,44.3,44.3,44.3,44.3,44.3,44.3,44.3,44.3,44.3,44.3,44.3,44.3,44.3,44.3,44.3,44.3,44.3,44.3,44.3,44.3,44.3,44.3,44.3,44.3,44.3,44.3,44.3,44.3,44.3,44.3,44.3,44.3,44.3,44.3,44.3,44.3,44.3,44.3,44.3,44.3,44.3,44.3,44.3,44.3,44.3,44.3,44.3,44.3,44.3,44.3,44.3,44.3,44.3,44.3,44.3,44.3,44.3,44.3,44.3,44.3,44.3,44.3,44.3,44.3,44.3,44.3,44.3,44.3,44.3,44.3,44.3,44.3,44.3,44.3,44.3,44.3,44.3,44.3,43.6,43.1,43.1,43.1,43.1,43.1,43.1,43.1,43.1,43.1,43.1,43.1,43.1,43.1,43.1,43.1,43.1,43.1,43.1,43.1,43.1,42.8,41.4,42.6,52.8,56.89,57.9,57.9,57.9,57.9,57.9,57.9,57.9,57.9,57.9,57.9,57.9,57.9,57.9,57.9,59.0,59.5,59.5,59.5,59.5,59.5,59.5,59.5,59.5,59.5,59.5,59.5,59.5,59.5,59.5,59.5,59.5,59.5,59.5,59.5,59.5,59.5,59.5,59.5,59.5,59.5,59.5,59.5,59.5,59.5,59.5,59.5,59.1,59.1,59.1,59.1,59.1,59.1,59.1,59.1,59.1,59.1,59.1,59.1,59.1,59.1,59.1,59.1,59.1,59.1,59.1,59.1,59.1,59.1,59.1,59.1,59.1,59.1,59.1,59.1,59.1,59.1,59.1,59.1,59.1,59.1,59.1,59.1,59.1,59.1,59.1,59.1,59.1,59.1,59.1,59.1,54.5,52.9,50.0,50.0,50.0,50.0,50.0,50.0,50.0,50.0,50.0,50.0,50.0,50.0,50.0,50.0,50.0,50.0,50.0,50.0,50.0,50.0,50.0,50.0,50.0,50.0,50.0,50.0,50.0,50.0,50.0,50.0,50.0,50.0,50.0,50.0,50.0,50.0,50.0,50.0,50.0,50.0,50.0,50.0,50.0,50.0,50.0,50.0,50.0,50.0,50.0,50.0,50.0,50.0,50.0,50.0,50.0,52.3,50.3,50.3,50.3,50.3,50.3,50.3,50.3,50.3,50.3,50.3,50.3,50.3,50.3,50.3,50.3,50.3,50.3,50.3,50.3,50.3,50.3,50.3,50.3,50.3,50.3,50.3,50.3,50.3,50.3,50.3,50.3,50.3,50.3,50.3,50.3,50.3,50.3,50.3,50.3,50.3,50.3,50.3,50.3,50.3,50.3,50.3,50.3,50.3,50.3,50.3,50.3,50.3,50.3,50.3,50.3,64.5,66.3,66.3,66.3,66.3,66.3,66.3,66.3,66.3,66.3,66.3,66.3,66.3,66.3,66.3,66.3,66.3,66.3,66.3,66.3,66.3,66.3,66.3,66.3,66.3,66.3,66.3,66.3,66.3,66.3,66.3,66.3,66.3,66.3,66.3,66.3,66.3,66.3,66.3,66.3,66.3,66.3,66.3,66.3,66.3,66.3,66.3,66.3,66.3,66.3,66.3,66.3,66.3,66.3,66.3,66.3,66.3,66.3,66.3,66.3,66.3,66.3,66.3,66.3,66.3,66.3,66.3,66.3,66.3,66.3,66.3,66.3,66.3,68.09,71.6,72.0,72.0,72.0,72.0,72.0,72.0,72.0,72.0,72.0,72.0,72.0,72.0,72.0,72.0,72.0,72.0,72.0,72.0,72.0,72.0,72.0,72.0,72.0,72.0,72.0,72.0,72.0,72.0,72.0,72.0,72.0,72.0,72.0,72.0,72.0,72.0,72.0,72.0,72.0,72.0,72.0,72.0,72.0,67.0,59.5,59.5,59.5,59.5,59.5,59.5,59.5,59.5,59.5,59.5,59.5,59.5,59.5,59.5,59.5,59.5,59.5,59.5,59.5,59.5,59.5,59.5,59.5,59.5,59.5,59.5,59.5,59.5,55.7,53.5,52.5,52.5,52.5,52.5,52.5,52.5,52.5,52.5,52.5,52.5,52.5,52.5,52.5,52.5,52.5,52.5,52.5,52.5,52.5,52.5,52.5,52.5,52.5,52.5,52.5,53.1,59.6,61.8,61.8,61.8,63.8,63.8,63.8,63.8,63.8,63.8,63.8,63.8,63.8,63.8,63.8,63.8,63.8,63.8,63.8,63.8,63.8,63.8,63.8,62.8,59.8,58.1,58.9,58.9,58.9,58.9,58.9,58.9,58.9,58.9,58.9,58.9,58.6,55.3,51.7,51.7,51.7,51.7,51.7,51.7,51.7,51.7,51.7,51.7,51.7,51.7,51.7,51.7,51.7,51.7,51.7,51.7,51.7,51.7,51.7,51.7,51.7,51.7,51.7,51.7,51.7,51.7,51.7,51.7,51.7,51.7,51.7,51.7,51.7,51.7,51.7,51.7,51.7,51.7,51.7,51.7,51.7,51.7,51.7,51.7,51.7,51.7,51.7,51.7,51.7,51.7,51.7,51.7,51.7,51.7,51.7,49.9,45.4,43.9,43.9,43.9,43.9,43.9,43.9,43.9,43.9,43.9,43.9,43.9,43.9,45.8,53.7,53.7,53.7,53.7,53.7,53.7,53.7,53.7,53.7
P105,46.1,46.1,46.1,45.1,41.4,53.19,60.5,60.5,60.5,60.5,60.5,60.5,60.5,60.5,60.5,60.5,60.5,60.5,60.5,60.5,60.5,60.5,60.5,60.5,60.5,60.5,60.5,60.5,60.5,60.5,60.5,60.5,60.5,60.5,60.5,60.5,60.5,60.5,60.5,60.5,60.5,60.5,60.5,60.5,60.5,60.5,60.5,60.5,60.5,60.5,60.5,60.5,60.5,60.5,60.5,60.5,60.6,60.6,60.6,60.6,60.6,60.6,60.6,60.6,60.6,60.6,60.6,60.6,60.6,60.6,60.6,60.6,60.6,60.6,60.6,60.6,60.6,60.6,60.6,60.6,60.6,60.6,60.6,60.6,60.6,60.6,60.6,60.6,60.6,60.6,60.6,60.6,60.6,60.6,60.6,60.6,60.6,60.6,60.6,60.6,60.6,60.6,60.6,60.6,60.6,60.6,60.6,60.6,60.6,60.6,60.6,60.6,60.6,60.6,60.6,60.6,60.6,60.6,60.6,60.6,60.6,60.6,60.6,60.6,60.6,60.6,60.6,60.6,60.6,60.6,60.6,60.6,60.6,60.6,38.31,36.9,36.9,36.9,36.9,36.9,36.9,36.9,36.9,36.9,36.9,36.9,36.9,36.9,36.9,36.9,36.9,36.9,36.9,36.9,36.9,36.9,36.9,36.9,36.9,36.9,36.9,36.9,36.9,36.9,36.9,36.9,36.9,36.9,36.9,36.9,36.9,36.9,36.9,36.9,36.9,36.9,36.9,36.9,36.9,36.9,36.9,36.9,36.9,36.9,36.9,36.9,36.9,36.9,36.9,36.9,36.9,36.9,36.9,36.9,36.9,36.9,36.9,36.9,36.9,36.9,36.9,36.9,36.9,36.9,36.9,36.9,36.9,36.9,36.9,36.9,36.9,36.9,36.9,36.9,36.9,36.9,36.9,36.9,36.9,36.9,36.9,36.9,36.9,36.9,36.9,36.9,52.07,66.5,66.5,66.5,66.5,66.5,66.5,66.5,66.5,66.5,66.5,66.5,66.5,66.5,66.5,66.5,66.5,66.5,66.5,66.5,66.5,66.5,66.5,66.5,66.5,66.5,66.5,66.5,66.5,66.5,66.5,66.5,66.5,66.5,66.5,66.5,66.5,66.5,66.5,66.5,66.5,66.5,66.5,66.5,66.5,66.5,66.5,66.5,66.5,66.5,66.5,66.5,66.5,66.5,66.5,37.7,30.2,30.2,30.2,30.2,30.2,30.2,30.2,30.2,30.2,30.2,30.2,30.2,30.2,30.2,30.2,30.2,30.2,30.2,30.2,30.2,30.2,30.2,30.2,30.2,30.2,30.2,30.2,30.2,30.2,30.2,30.2,30.2,30.2,30.2,30.2,54.3,61.7,61.7,61.7,61.7,61.7,61.7,61.7,61.7,61.7,42.7,42.7,42.7,38.34,38.0,38.0,38.0,38.0,38.0,38.0,38.0,38.0,38.0,38.0,38.0,38.0,38.0,38.0,38.0,38.0,38.0,38.0,38.0,38.0,38.0,38.0,38.0,38.0,38.0,38.0,38.0,38.0,38.0,38.0,38.0,38.0,38.0,38.0,38.0,38.0,38.0,38.0,37.0,35.5,35.2,35.2,35.2,35.2,35.2,35.2,35.2,35.2,35.2,35.2,35.2,35.2,35.2,35.2,35.2,35.2,35.2,35.2,35.2,35.2,35.2,35.2,35.2,35.2,35.2,35.2,35.2,35.2,35.2,35.2,35.2,35.2,35.2,35.2,35.2,33.63,21.0,22.4,22.4,22.4,22.4,22.4,22.4,22.4,22.4,22.4,22.4,22.4,22.4,22.4,22.4,22.4,22.4,22.4,22.4,22.4,22.4,22.4,22.4,22.4,22.4,22.4,22.4,22.4,22.4,22.4,22.4,22.4,22.4,22.4,22.4,22.4,22.4,22.4,22.4,22.4,22.4,22.4,22.4,22.4,22.4,22.4,22.4,22.2,22.2,22.2,22.2,22.2,22.2,22.2,22.2,22.2,22.2,22.2,22.2,22.2,22.2,22.2,22.2,22.2,22.2,22.2,22.2,22.2,22.2,22.2,22.2,22.2,22.2,22.2,22.2,22.2,22.2,22.2,22.2,22.2,22.2,22.2,22.2,22.2,22.2,22.2,22.2,22.2,22.2,22.2,22.2,22.2,22.2,22.2,22.2,22.2,22.2,22.2,22.2,22.2,22.2,22.2,22.2,22.2,22.2,22.2,22.2,22.2,22.2,22.2,22.2,22.2,22.2,22.2,22.2,22.2,22.2,22.2,22.2,22.2,22.2,22.2,22.2,22.2,22.2,22.2,22.2,22.2,22.2,22.2,22.2,22.2,22.2,22.2,22.2,22.2,22.2,22.2,22.2,22.2,22.2,22.2,22.2,22.2,22.2,22.2,22.2,22.2,22.2,22.2,22.2,22.2,22.2,22.2,22.2,22.2,22.2,22.2,22.2,22.2,22.2,22.2,22.2,22.2,22.2,22.2,22.2,22.2,22.2,22.2,22.2,19.43,10.6,5.73,6.8,6.6,6.6,6.8,6.8,6.8,6.8,6.8,6.8,6.8,6.8,6.8,6.8,6.8,6.8,6.8,6.8,6.8,6.8,6.8,6.8,6.8,6.8,6.8,6.8,6.8,6.8,6.8,6.8,6.8,6.8,6.8,6.8,6.8,6.8,6.8,6.8,6.8,6.8,6.8,6.8,6.8,6.8,6.8,6.8,6.8,6.8,6.8,6.8,6.8,6.8,6.8,6.8,6.8,6.8,6.8,6.8,6.8,6.8,6.8,6.8,6.8,6.8,6.8,6.8,6.8,6.8,6.8,6.8,6.8,6.8,6.8,6.8,6.8,6.8,6.8,6.8,6.8,6.8,6.8,6.8,6.8,6.8,6.8,6.8,6.8,6.8,6.8,6.8,6.8,6.8,6.8,6.8,6.8,6.8,6.8,6.8,6.8,6.8,6.8,6.8,6.8,6.8,6.8,6.8,6.8,6.8,6.8,6.8,6.8,6.8,6.8,6.8,6.8,6.8,6.8,6.8,6.8,6.8,6.8,6.8,6.8,6.8,6.8,6.8,6.8,6.8,6.8,6.8,6.8,6.8,6.8,6.8,6.8,6.8,6.8,6.8,6.8,6.8,6.8,6.8,6.8,6.8,6.8,6.8,6.8,6.8,6.8,6.8,6.8,6.8,6.8,6.8,6.8,6.8,6.8,6.8,6.8,6.8,6.8,6.8,6.8,6.8,6.8,6.8,6.8,6.8,6.8,6.8,6.8,6.8,6.8,6.8,6.8,37.45,40.9,41.2,30.61,30.6,30.6,30.6,30.6,30.6,30.6,30.6,30.6,30.6,30.6,30.6,30.6,30.6,30.6,30.6,30.6,30.6,30.6,30.6,30.6,30.6,30.6,30.6,30.6,30.6,30.6,30.6,30.6,30.6,30.6,30.6,30.6,30.6,30.6,30.6,30.6,30.6,30.6,30.6,30.6,30.6,30.6,30.6,30.6,30.6,30.6,30.6,30.6,30.6
P106,81.4,81.2,81.2,81.2,81.2,81.2,81.2,81.2,81.2,81.2,81.2,81.2,81.2,81.2,81.2,81.2,81.2,81.2,81.2,81.2,81.2,81.2,81.2,81.2,81.2,81.2,81.2,81.2,78.1,76.9,70.3,70.3,70.3,68.1,68.1,68.1,68.1,67.9,67.7,67.4,67.4,67.4,67.0,66.5,63.9,63.9,63.9,60.4,60.6,60.6,60.6,60.6,60.6,60.6,60.6,60.6,60.6,60.6,60.6,60.6,60.6,60.6,60.6,60.6,60.6,60.8,60.8,60.8,60.8,60.8,60.8,60.8,60.8,60.8,60.8,60.8,61.37,77.1,80.7,80.7,80.7,80.7,80.7,80.7,80.7,80.2,80.2,80.2,79.69,78.6,78.6,72.0,47.0,27.3,27.3,27.3,27.3,27.3,27.6,28.21,29.0,29.0,29.0,33.57,36.8,36.8,36.8,58.2,73.8,73.8,73.8,73.8,73.8,73.8,73.8,73.8,73.8,73.8,73.6,73.6,73.6,73.6,73.6,73.4,73.4,73.4,73.4,73.4,73.4,73.4,73.4,73.4,73.4,73.77,75.5,75.5,75.5,75.5,75.5,75.5,75.5,75.5,77.3,77.3,77.3,78.18,78.6,78.6,78.6,78.6,78.6,78.6,78.6,78.6,78.6,78.6,78.6,78.6,80.4,80.4,80.4,80.4,76.2,76.2,76.0,75.9,75.9,75.9,75.9,75.9,75.9,75.9,69.72,37.3,37.3,37.3,37.3,37.3,37.3,37.3,37.3,37.3,37.3,37.3,43.39,44.6,54.3,68.6,68.6,68.6,68.6,68.6,68.6,68.6,68.6,68.6,68.6,68.6,70.37,70.5,70.7,70.7,70.7,70.7,70.7,70.7,70.7,70.7,70.7,70.5,70.5,70.3,70.3,70.3,68.45,57.96,35.1,35.02,34.5,34.5,34.5,50.9,59.9,59.5,59.4,59.4,58.9,58.9,67.21,75.24,82.1,90.1,90.93,89.6,88.56,87.7,87.7,87.7,88.0,88.0,88.0,88.11,88.9,88.9,89.1,89.1,89.1,90.1,89.9,89.8,90.1,88.7,88.5,88.5,88.5,88.5,88.5,88.5,88.5,89.64,93.9,93.9,93.9,93.9,93.9,93.9,93.9,93.9,93.9,93.9,93.9,93.9,93.9,93.9,93.9,94.1,94.1,94.1,94.1,94.1,94.1,94.1,94.1,94.1,94.1,94.1,94.1,94.1,94.1,94.1,94.1,94.1,93.9,94.3,94.3,94.3,93.86,93.9,94.3,94.3,94.3,94.4,94.4,94.4,94.4,94.4,94.4,94.4,94.4,94.4,94.47,94.22,93.8,89.9,89.8,89.8,89.8,89.8,90.1,90.1,90.1,89.9,88.2,88.4,88.4,87.3,87.3,87.3,87.3,87.3,89.29,92.78,92.9,92.9,92.4,92.4,92.4,92.2,92.2,92.11,90.56,86.3,85.6,85.4,85.4,84.95,83.7,84.4,85.6,85.8,85.8,85.8,85.8,85.8,85.9,85.9,85.2,84.5,83.9,83.9,83.9,83.9,83.9,83.9,83.7,83.7,82.5,82.1,82.1,82.1,82.1,82.1,82.1,82.1,82.1,82.1,82.1,82.1,82.1,82.1,82.1,82.1,82.1,82.1,82.03,81.9,81.9,81.9,81.9,81.9,81.9,81.8,81.8,81.8,81.8,81.8,81.8,81.8,81.8,81.8,81.8,81.8,81.8,81.8,81.8,81.8,81.8,81.8,84.57,84.9,83.9,86.5,81.4,81.4,81.4,81.4,81.4,81.4,81.4,81.4,81.2,81.1,80.7,80.4,80.4,80.2,80.0,79.7,79.7,79.7,79.7,79.7,79.7,79.7,79.7,78.0,68.2,68.2,66.1,65.5,63.7,63.7,63.7,63.7,63.7,63.7,63.7,63.7,63.7,63.5,63.5,63.5,63.5,63.4,63.31,63.7,63.7,63.7,63.7,63.7,63.7,63.7,63.7,63.7,63.7,63.7,63.7,63.7,63.7,63.7,63.7,63.7,63.7,63.7,62.11,60.6,58.0,57.5,57.5,57.5,57.5,57.5,57.5,57.5,57.5,57.5,57.5,57.5,57.5,57.3,56.6,56.4,56.1,55.6,77.34,76.4,76.0,75.96,75.9,75.9,75.9,75.9,75.5,75.5,74.7,69.1,68.2,66.3,66.3,66.3,66.1,66.1,66.1,66.1,66.1,66.1,66.1,66.1,66.1,66.1,66.1,65.5,64.32,63.4,62.7,62.7,61.5,60.6,60.2,57.8,52.58,52.3,52.3,52.3,52.3,52.3,52.3,54.5,69.51,66.38,63.5,63.5,63.5,63.5,63.5,62.3,62.0,62.0,62.0,60.9,60.9,60.9,60.8,58.77,55.77,47.31,34.2,33.9,33.9,33.9,33.9,33.9,33.9,33.9,33.9,33.2,33.2,33.02,32.8,32.8,31.8,31.4,31.4,31.4,31.4,31.1,26.45,13.55,6.4,6.4,6.4,6.4,5.7,5.7,5.7,5.7,5.7,5.7,5.7,5.7,5.7,6.25,44.12,67.9,67.5,66.5,66.5,66.5,64.1,64.1,64.1,64.1,64.1,64.1,64.1,64.1,63.7,63.7,63.4,63.7,63.7,63.7,63.5,63.5,63.4,63.4,63.4,63.4,63.4,63.4,63.3,59.2,56.15,50.95,42.61,33.9,33.7,33.7,33.5,33.5,33.5,31.1,21.97,9.0,4.5,9.0,9.0,9.0,9.0,9.0,9.0,9.0,10.4,6.97,5.7,8.0,17.01,20.1,20.1,20.1,20.1,20.1,20.1,20.1,31.01,60.2,68.6,68.2,67.2,66.5,66.5,66.5,66.5,66.5,66.5,66.5,66.5,66.5,57.1,52.84,50.3,50.3,50.2,49.43,50.08,48.01,47.7,53.1,53.3,52.6,51.9,51.7,51.11,51.0,52.46,71.75,74.39,74.3,73.4,73.4,73.4,73.4,73.4,71.84,71.4,71.4,71.7,69.8,69.6,69.27,67.0,66.8,66.8,66.8,66.8,66.8,66.8,66.8,66.8,66.8,66.8,66.8,66.8,66.8,66.5,66.5,66.5,68.6,62.38,55.4,55.0,55.0,55.0,54.9,55.4,55.6,55.6,55.6,55.6,55.6,55.6,56.17,63.0,52.7,48.4,48.4,48.4,51.2,51.7,51.7,51.7,51.7,53.1,53.5,52.3,50.3,50.3,50.3,50.3,50.3,50.2,49.8,49.8,49.8,49.75,49.7,49.7,49.7,49.7,49.7,31.79,14.92,3.41,3.1,5.77,10.8,14.9,10.97,4.7,4.7,4.7,0.9,2.98,5.6,5.6,5.6,6.9,5.9,5.4,5.4,5.4,5.4,5.4,5.4,5.4,6.1,5.9,5.2,41.16,72.0,72.7,72.7,73.1,73.1,73.1,73.1,73.1,73.1,73.1,73.1,73.1,73.1,73.1,73.1,73.1,74.27,75.23,77.1
P107,51.6,52.0,48.6,50.2,50.2,50.2,50.2,50.8,51.21,50.6,50.6,50.5,50.5,50.5,50.5,50.5,42.9,48.8,49.3,51.5,49.9,50.3,50.3,50.3,50.3,50.3,50.3,50.3,50.3,50.3,50.3,50.3,50.3,50.3,50.3,50.3,50.3,50.3,50.5,50.6,50.8,50.8,50.99,50.5,49.8,49.8,49.8,49.8,49.8,49.8,50.2,50.2,50.2,50.2,50.2,50.2,50.2,50.2,50.2,50.11,49.62,50.1,50.1,50.1,50.1,50.1,50.1,50.1,50.1,50.1,50.1,90.71,98.7,98.7,98.62,99.8,100.0,100.0,100.0,100.0,100.0,100.0,100.0,100.0,100.0,100.0,82.49,53.9,51.7,51.7,50.7,51.0,51.0,51.0,51.0,51.0,51.0,51.0,51.0,51.5,51.5,51.5,51.5,51.5,51.5,51.5,51.5,51.5,51.5,51.5,51.5,51.5,52.01,51.3,51.3,48.8,49.0,49.2,49.2,49.2,49.7,49.7,49.7,49.8,49.8,49.8,49.8,50.2,50.06,50.9,50.9,50.9,50.9,50.9,50.9,50.9,50.9,50.9,50.9,50.9,50.9,50.9,50.9,50.9,50.9,51.02,50.34,49.9,49.9,50.3,50.59,50.6,50.6,52.58,50.8,50.8,50.8,49.9,50.8,50.8,50.8,50.8,50.8,50.8,50.8,50.8,50.8,50.8,50.8,50.8,50.8,50.8,50.8,50.8,50.8,50.8,50.8,50.8,50.8,50.8,50.8,52.0,53.4,49.1,49.8,49.9,49.5,48.7,48.7,48.7,48.7,48.7,48.7,48.7,48.7,48.7,48.7,53.49,50.9,50.5,50.5,50.5,50.5,50.5,50.5,50.5,50.5,50.5,50.5,50.5,50.5,50.5,50.5,50.5,50.5,50.5,50.5,50.5,50.5,50.5,50.5,50.8,52.54,52.3,52.2,52.1,51.4,47.7,49.7,49.7,49.7,49.7,49.8,49.9,50.59,50.6,51.25,50.6,50.2,50.2,50.2,50.2,50.2,50.2,50.2,50.2,50.2,50.2,50.2,50.2,50.2,50.2,50.2,50.2,50.2,50.2,50.2,50.2,50.2,50.2,50.2,50.43,51.5,51.5,49.8,49.8,49.8,49.9,49.9,50.2,50.2,50.2,50.2,50.8,50.8,50.8,50.8,50.8,50.8,52.2,50.9,69.19,75.8,74.3,75.6,75.6,75.6,75.6,75.6,75.6,75.6,75.5,50.3,49.7,49.7,49.4,46.74,50.1,52.2,55.6,56.6,55.7,55.7,55.7,55.1,55.1,55.1,55.1,50.5,50.5,50.5,7.5,30.2,72.12,61.11,85.88,95.7,99.8,99.8,97.7,97.5,100.0,100.0,95.0,95.0,95.0,95.0,95.0,95.0,94.91,100.0,100.0,100.0,100.0,100.0,100.0,100.0,100.0,100.0,100.0,100.0,100.0,97.9,97.6,97.6,97.6,97.2,99.84,79.21,54.1,50.9,50.7,50.7,50.7,50.7,50.7,50.7,50.7,50.7,50.7,50.7,50.7,50.7,50.7,50.7,50.7,51.0,49.0,58.12,83.34,100.0,100.0,100.0,99.0,99.0,98.7,98.7,98.7,98.7,98.7,98.7,98.7,98.7,98.7,98.7,98.7,98.7,89.8,68.2,74.84,76.5,76.5,76.5,76.5,76.5,76.5,76.5,76.4,76.4,75.7,61.05,50.7,49.9,49.5,49.8,49.8,49.8,49.8,49.8,50.5,50.5,50.5,50.5,48.0,37.18,47.79,50.65,64.1,68.9,68.9,68.9,68.9,68.9,68.9,68.9,68.9,68.9,68.9,68.9,68.9,68.9,68.9,68.9,87.41,100.0,99.9,99.9,99.9,99.9,99.9,99.9,99.9,99.9,99.9,99.9,99.9,99.9,99.9,99.9,100.0,64.22,47.7,0.0,0.0,0.0,0.0,0.0,0.0,0.0,0.0,0.0,0.0,0.0,0.0,0.7,3.69,47.02,49.3,49.3,49.3,49.3,49.3,49.3,49.3,49.3,49.3,49.3,49.3,49.3,49.3,49.3,49.1,48.5,49.7,49.7,49.7,49.7,49.8,49.8,49.8,49.8,49.9,49.9,49.9,49.9,49.9,49.9,49.9,49.9,49.9,49.9,49.9,50.68,52.97,49.2,51.6,52.4,52.4,52.4,51.31,51.2,51.2,51.2,51.2,51.2,51.2,51.2,51.2,51.2,51.2,51.2,51.2,51.2,51.26,51.3,60.0,68.3,70.6,70.8,70.8,60.05,8.55,2.1,24.1,23.1,23.1,23.1,39.8,51.5,51.9,47.79,46.06,55.6,51.3,49.3,67.1,67.1,67.1,64.2,61.61,50.8,50.7,50.7,51.6,51.6,51.7,51.7,51.7,51.7,51.7,51.7,51.7,51.7,51.7,51.7,7.51,0.0,0.0,0.0,0.0,0.0,0.0,0.0,0.0,0.0,0.0,0.0,0.0,0.0,0.0,0.7,1.0,1.0,1.0,1.0,1.0,1.0,1.0,1.0,1.0,1.0,0.0,2.0,4.1,1.2,1.2,1.2,1.2,1.2,1.2,1.2,1.2,1.2,1.2,1.2,1.2,1.2,1.2,1.2,34.21,51.2,51.7,51.7,51.7,51.7,51.7,48.8,8.6,0.0,0.0,0.0,0.0,0.0,0.0,0.0,0.0,0.0,0.0,0.0,0.0,0.0,0.0,0.0,0.0,0.0,0.0,0.0,0.0,0.0,0.0,0.0,0.0,0.0,0.0,0.0,0.0,0.0,0.0,0.0,0.0,0.0,0.0,0.0,0.0,0.0,0.0,0.0,0.0,0.0,0.0,0.0,0.0,0.0,0.0,0.0,0.0,0.0,0.0,1.68,0.0,0.0,0.0,0.0,0.0,0.0,0.0,0.0,0.0,0.0,0.0,0.0,0.0,0.0,0.0,0.0,0.0,0.0,3.75,45.59,53.6,100.0,100.0,100.0,100.0,100.0,99.82,99.8,99.8,99.8,99.8,99.8,99.8,99.8,99.38,62.72,50.6,49.33,48.67,49.9,49.9,49.9,49.9,50.2,50.2,54.9,98.6,100.0,100.0,95.7,77.9,59.62,52.04,51.6,50.9,50.9,50.9,50.9,50.9,50.9,50.9,50.9,50.9,50.9,50.9,50.9,51.44,52.92,51.3,51.2,51.2,51.2,54.63,55.4,55.4,55.4,55.4,55.4,54.7,51.3,51.3,52.1,52.3,52.3,52.3,52.3,52.3,52.3,51.2,51.2,51.2,51.2,51.2,50.6,52.3,50.22,50.6,50.6,50.6,50.6,50.6,50.7,51.29,51.3,51.3,54.56,53.01,53.1,53.1,53.1,53.1,53.1,53.1,53.1,53.1,53.1,53.1,53.1,53.1,53.1,53.1,53.1,50.8,51.53,51.4,51.4,51.5,52.4,50.9,51.7,51.7,51.7,52.4,52.0,52.4,52.4,52.4,52.0,52.4
P108,50.0,50.0,50.0,50.0,50.0,50.0,50.0,50.0,50.0,50.0,50.0,50.0,50.0,50.0,50.0,50.0,50.0,50.0,50.0,50.0,50.0,50.0,50.0,50.0,50.0,50.0,50.0,50.0,50.0,50.0,50.0,50.0,50.0,50.0,50.0,50.0,50.0,50.0,50.0,50.0,50.0,50.0,50.0,50.0,52.35,79.3,80.4,80.4,80.4,80.4,80.4,80.4,80.4,80.4,80.4,80.4,80.4,80.4,80.4,80.4,80.4,80.4,80.4,80.4,80.4,80.4,80.4,80.4,80.4,80.4,80.4,80.4,80.4,80.4,80.4,80.4,80.4,80.4,80.4,80.4,80.4,80.4,80.4,80.4,80.4,80.4,80.4,80.4,80.4,80.4,80.4,80.4,80.4,80.4,80.4,80.4,80.4,80.4,80.4,80.4,80.4,80.4,80.4,80.4,80.4,80.4,80.4,80.4,80.4,80.4,80.4,80.4,80.4,80.4,80.4,80.4,80.4,80.4,80.4,80.4,80.4,80.4,80.4,80.4,80.4,80.4,80.4,80.4,80.4,80.4,80.4,80.4,80.4,80.4,80.4,80.4,80.4,80.4,80.4,80.4,80.4,80.4,80.4,80.4,80.4,80.4,80.4,80.4,80.4,80.4,80.4,80.4,80.4,80.4,80.4,80.4,80.4,80.4,80.4,80.4,80.4,80.4,80.4,80.4,80.4,80.4,80.4,80.4,80.4,79.64,73.0,73.0,73.0,73.0,73.0,73.0,73.0,73.0,73.0,73.0,73.0,73.0,73.0,73.0,73.0,73.0,73.0,73.0,73.0,73.0,73.0,73.0,73.0,73.0,73.0,73.0,73.0,73.0,73.0,73.0,72.81,37.4,22.04,20.9,20.7,20.9,20.9,20.9,20.9,20.9,20.9,20.9,20.9,20.9,20.9,20.9,20.9,20.9,20.9,20.9,20.9,20.9,20.9,20.9,20.9,20.9,20.9,20.9,20.9,20.9,20.9,20.9,20.9,20.9,20.9,20.9,20.9,20.9,20.9,20.9,20.9,20.9,20.9,20.9,20.9,20.9,20.9,20.9,20.9,20.9,20.9,20.9,20.9,20.9,20.9,20.9,20.9,20.9,20.9,20.9,20.9,20.9,20.9,20.9,20.9,20.9,20.9,20.9,20.9,20.9,20.9,20.9,20.9,20.9,20.9,20.9,20.9,20.9,20.9,20.9,20.9,20.9,20.9,20.9,20.9,20.9,20.9,20.9,20.9,20.9,20.9,20.9,20.9,20.9,20.9,20.9,20.9,20.9,20.9,20.9,20.9,20.9,20.9,20.9,20.9,20.9,20.9,20.9,20.9,20.9,20.9,20.9,20.9,20.9,20.9,20.9,20.9,20.9,20.9,20.9,20.9,20.9,20.9,20.9,20.9,20.9,20.9,20.9,20.9,20.9,20.9,20.9,20.9,21.41,14.4,13.1,13.1,13.1,13.1,13.1,13.1,13.1,13.1,13.1,13.1,13.1,13.1,13.1,13.1,13.1,13.1,13.1,13.1,13.1,13.1,13.1,13.1,13.1,13.1,13.1,13.1,13.1,13.1,13.1,13.1,13.1,13.1,13.1,13.1,13.1,13.1,13.1,13.1,13.1,13.1,13.1,13.1,13.1,13.1,13.1,13.1,13.1,13.1,13.1,13.1,13.1,13.1,13.1,13.1,13.1,13.1,13.1,13.1,13.1,13.1,13.1,13.1,13.1,13.1,13.1,13.1,13.1,13.1,13.1,13.1,13.1,13.1,13.1,13.1,13.1,13.1,13.1,13.1,13.1,13.1,13.1,13.1,13.1,13.1,13.1,13.1,13.1,13.1,13.1,13.1,13.1,13.1,13.1,13.1,13.1,13.1,13.1,13.1,13.1,13.1,13.1,13.1,13.1,13.1,13.1,13.1,13.1,13.1,13.1,13.1,13.1,13.1,13.1,13.1,13.1,13.1,13.1,13.1,13.1,13.1,13.1,13.1,13.1,13.1,13.1,13.1,13.1,13.1,13.1,13.1,13.1,13.1,13.1,13.1,13.1,13.1,13.1,13.1,13.1,13.1,13.1,13.1,13.1,13.1,13.1,13.1,13.1,13.1,13.1,13.1,13.1,13.1,13.1,13.1,13.1,13.1,13.1,13.1,13.1,13.1,13.1,13.1,13.1,13.1,13.1,13.1,13.1,13.1,13.1,13.1,13.1,13.1,13.1,13.1,13.1,13.1,13.1,13.1,13.1,13.1,13.1,13.1,13.1,13.1,13.1,13.1,13.1,13.1,13.1,13.1,13.1,13.1,17.22,20.81,11.15,8.1,8.1,8.1,8.1,8.1,8.1,8.1,8.1,8.1,8.1,8.1,8.1,8.1,8.1,8.1,8.1,8.1,8.1,8.1,8.1,8.1,8.1,8.1,8.1,8.1,8.1,8.1,8.1,8.1,8.1,8.1,8.1,8.1,8.1,8.1,8.1,8.1,8.1,8.1,8.1,8.1,8.1,8.1,8.1,8.1,8.1,8.1,8.1,8.1,8.1,8.1,8.1,8.1,8.1,8.1,8.1,8.1,8.1,8.1,8.1,8.1,8.1,8.1,8.1,8.1,8.1,8.1,8.1,8.1,8.1,8.1,8.1,8.1,8.1,8.1,8.1,8.1,8.1,8.1,8.1,8.1,8.1,8.1,8.1,8.1,8.1,8.1,8.1,8.1,8.1,8.1,8.1,8.1,8.1,8.1,8.1,8.1,8.1,8.1,8.1,8.1,8.1,8.1,8.1,8.1,8.1,8.1,8.1,8.1,8.1,8.1,8.1,8.1,8.1,8.1,8.1,8.1,8.1,8.1,8.1,8.1,8.1,8.1,8.1,8.1,8.1,8.1,8.1,8.1,8.1,8.1,8.1,8.1,8.1,8.1,8.1,8.1,8.1,8.1,8.1,8.1,8.1,8.1,8.1,8.1,8.1,8.1,8.1,8.1,8.1,8.1,8.1,8.1,8.1,8.1,8.1,8.1,8.1,8.1,8.1,8.1,8.1,8.1,8.1,8.1,8.1,8.1,8.1,8.1,8.1,8.1,8.1,8.1,8.1,8.1,8.1,8.1,8.1,8.1,8.1,8.1,8.1,8.1,8.1,8.1,8.1,8.1,8.1,8.1,16.43,17.95,17.9,17.9,17.9,17.9,17.9,17.9,17.9,17.9,17.9,17.9,17.9,17.9,17.9,17.9,17.9,17.9,17.9,17.9,17.9,17.9,17.9,17.9,17.9,17.9,17.9,17.9,17.9,17.9,17.9,17.9,17.9,17.9,17.9,17.9,17.9,17.9,17.9,17.9,17.9,17.9,17.9,17.9,17.9,17.9,17.9,17.9,17.9,17.9,17.9,17.9,17.9,17.9,17.9,17.9,17.9,17.9,17.9,17.9,17.9,17.9,17.9,17.9,17.9,17.9,17.9,17.9,17.9,17.9,17.9,17.9,17.9,17.9,17.9,17.9,17.9,17.9,17.9,17.9,17.9,17.9,17.9,33.14,60.6,78.6,83.0,84.65,86.7
P109,60.2,60.2,60.2,60.2,60.2,60.2,60.2,60.2,60.2,60.2,60.2,60.2,60.2,60.2,60.2,60.2,60.2,60.2,60.2,60.2,60.2,60.2,60.2,60.2,60.2,60.2,60.2,60.2,60.2,60.2,60.2,60.2,60.2,60.2,60.2,60.2,60.2,60.2,60.2,60.2,60.2,60.2,60.2,60.2,60.2,60.2,60.2,60.2,60.2,60.2,60.2,60.2,60.2,60.2,60.2,57.4,56.9,56.1,56.1,56.1,56.1,56.1,56.1,56.1,56.1,56.1,56.1,56.1,56.1,56.1,56.1,56.1,56.1,56.1,56.1,56.1,56.1,56.1,56.1,56.1,56.1,56.1,56.1,65.2,65.2,65.2,65.2,65.2,65.2,65.2,65.2,65.2,65.2,65.2,65.2,65.2,65.2,65.2,65.2,65.2,65.2,65.2,65.2,65.2,65.2,65.2,65.2,65.2,65.2,65.2,65.2,65.2,65.2,65.2,65.2,65.2,65.2,65.2,65.2,65.2,65.2,65.2,65.2,65.2,65.2,65.2,65.2,65.2,65.2,65.2,58.5,57.6,57.2,56.1,56.5,56.5,56.5,56.5,56.5,56.5,56.5,56.5,56.5,56.5,56.5,56.5,56.5,56.5,56.5,56.5,56.5,56.5,56.5,56.5,56.5,56.5,56.5,56.5,56.5,56.5,56.5,56.5,56.5,56.5,56.5,56.5,56.5,56.5,56.5,56.5,56.5,56.29,54.6,53.0,53.0,53.0,53.0,53.0,53.0,53.0,53.0,53.0,53.0,53.0,53.0,53.0,53.0,53.0,53.0,53.0,53.0,53.0,53.0,53.0,53.0,53.0,53.0,53.0,53.0,53.0,53.0,53.0,53.0,53.0,53.0,53.0,53.0,53.0,53.0,53.0,53.0,53.0,53.0,53.0,53.0,53.0,53.0,53.0,53.0,53.0,53.0,53.0,53.0,53.0,53.0,53.0,53.0,53.0,53.0,53.0,53.0,53.0,52.6,50.9,50.9,50.9,50.9,50.9,50.9,50.9,50.9,50.9,50.9,50.9,50.9,50.9,50.9,50.9,50.9,50.9,50.9,50.9,50.9,50.9,50.9,50.9,50.9,50.9,50.9,50.9,50.9,50.9,50.9,50.9,48.9,50.4,50.2,50.2,50.2,50.2,50.2,50.2,50.2,50.2,50.2,50.2,50.2,50.2,50.2,50.2,50.2,50.2,50.2,50.2,50.2,50.2,50.2,50.2,50.2,50.2,50.2,50.2,48.73,51.98,55.92,58.9,58.9,58.9,58.9,58.9,58.9,58.9,58.9,58.9,58.9,58.9,58.9,58.9,58.9,58.9,58.9,58.9,58.9,58.9,58.9,58.9,58.9,58.9,54.8,54.1,54.1,54.1,54.1,54.1,54.1,54.1,54.1,54.1,54.1,54.1,54.1,54.1,54.1,54.1,54.1,54.1,54.1,54.1,52.8,52.8,52.0,54.8,54.8,54.8,54.8,54.8,54.8,54.8,54.8,54.8,54.8,54.8,54.8,54.8,54.8,54.8,54.8,54.8,54.8,54.8,54.8,54.8,54.8,54.8,54.8,54.8,54.8,54.8,54.8,54.8,54.8,54.8,54.8,54.8,54.8,54.8,54.8,54.8,54.8,52.18,47.59,42.8,42.8,42.8,42.8,42.8,42.8,42.8,42.8,42.8,42.8,42.8,42.8,42.8,42.8,42.8,42.8,42.8,42.8,42.8,42.8,42.8,42.8,42.8,42.8,42.8,42.8,42.8,42.8,42.8,42.8,42.8,42.8,42.8,42.8,42.8,42.8,42.8,42.8,42.8,42.8,42.8,42.8,42.8,42.8,42.8,42.8,42.8,42.8,42.8,42.8,42.8,42.8,42.8,42.8,42.8,42.8,42.8,42.8,42.8,42.8,42.8,42.8,42.8,42.8,42.8,42.8,42.8,42.8,42.8,42.8,42.8,42.8,42.56,28.1,28.1,27.7,25.7,25.7,25.7,25.7,25.7,25.7,25.7,25.7,25.7,25.7,25.7,25.7,25.7,25.7,25.7,25.7,25.7,25.7,25.7,25.7,25.7,25.7,25.7,25.7,25.7,25.7,25.7,25.7,25.7,25.7,25.7,25.7,25.7,25.7,25.7,25.7,25.7,25.7,25.7,25.7,25.7,25.7,25.7,25.7,25.7,25.7,25.7,25.7,25.7,25.7,25.7,25.7,25.7,25.7,25.7,25.7,25.7,25.7,25.7,25.7,25.7,25.7,25.7,25.7,25.7,25.7,25.7,25.7,25.7,25.7,25.7,25.7,25.7,25.7,25.7,25.7,23.3,22.7,22.5,22.5,22.5,22.5,22.5,22.5,22.5,22.5,22.5,22.5,22.5,22.5,22.5,22.5,22.5,22.5,22.5,22.5,22.5,22.5,22.5,22.5,22.5,22.5,22.0,21.4,21.4,21.4,21.4,21.4,21.4,21.4,21.4,21.4,21.4,21.4,21.4,21.4,21.4,21.4,21.4,21.4,21.4,21.4,21.4,21.4,21.4,21.4,21.4,21.4,20.12,16.6,16.6,16.6,16.6,16.6,16.6,16.6,16.6,16.6,16.6,16.6,16.6,16.6,16.6,16.6,16.6,16.6,16.6,16.6,16.6,16.6,16.6,16.6,16.6,16.6,16.6,16.6,16.6,16.6,16.6,16.6,16.6,16.6,16.6,16.6,16.6,16.2,12.5,11.4,11.4,11.4,11.4,11.4,11.4,11.4,11.4,11.4,11.4,11.4,11.4,11.4,11.4,11.4,11.4,11.4,11.4,11.4,11.4,11.4,11.4,11.4,11.4,11.4,11.4,11.4,11.4,11.4,11.4,11.4,11.4,11.4,11.4,11.4,11.4,11.4,11.4,11.4,11.4,11.4,11.4,11.4,11.4,11.4,11.4,11.4,11.4,11.4,11.4,11.4,11.4,11.4,11.4,11.4,11.4,11.4,11.4,11.4,11.4,11.4,11.4,11.4,11.4,11.4,11.4,11.4,11.4,11.4,11.4,11.4,11.4,11.4,11.4,11.4,11.4,11.4,15.65,41.09,48.52,49.8,50.0,50.0,50.0,50.0,50.0,50.0,50.0,50.0,50.0,50.0,50.0,50.0,50.0,51.12,53.3,60.61,65.19,66.33,66.9,66.9,66.9,66.9,66.9,66.9,66.9,68.14,70.4,70.4,70.4,70.4,70.4,70.4,70.4,70.4,70.4,70.4,70.4,70.4,70.4,70.4,70.4,70.4,70.4,70.4,70.4,70.4,70.4,70.4,70.4,70.4,70.4,70.4,70.4,70.4,70.4,70.4,70.4,70.4,70.4,70.4,70.4,70.4,70.4,70.4,70.4,70.4,70.4,70.4,70.4,70.4,70.4,70.4,70.4,70.4,70.4,70.4,70.4,70.4,70.4,70.4,70.4,73.0,69.7,69.7,69.5,69.1,68.9,68.9,68.9,68.9,68.9,70.4,71.9,71.9,71.9,71.9,71.9,71.9,71.9,71.9,71.9,71.9,71.9
P110,97.5,82.81,55.7,51.4,51.4,51.4,53.5,53.5,53.5,53.5,53.5,53.5,53.5,53.5,53.5,53.5,53.5,53.5,53.5,53.5,53.5,53.5,53.5,53.5,53.5,53.5,53.5,53.5,53.5,53.5,53.5,53.5,53.5,53.5,53.5,53.5,53.5,53.5,53.5,53.5,53.5,53.5,53.5,53.5,53.5,53.5,53.5,53.5,53.5,53.5,53.5,53.5,53.5,53.5,53.5,53.5,53.5,53.5,53.5,53.5,53.5,53.5,53.5,53.5,53.5,53.5,53.5,53.5,53.5,53.5,53.5,53.5,53.5,53.5,53.5,53.5,53.5,53.5,53.5,53.5,53.5,53.5,53.5,53.5,53.5,53.5,53.5,51.49,51.4,51.4,51.4,51.4,51.4,51.4,51.4,51.4,51.4,51.4,51.4,51.4,51.4,50.5,50.5,50.5,50.5,50.5,50.5,50.5,50.5,50.5,50.5,50.5,50.5,50.5,50.5,50.5,50.5,50.5,50.5,50.5,50.5,50.5,50.5,50.5,50.5,50.5,50.5,50.5,50.5,50.5,50.5,50.5,50.5,50.5,54.69,76.17,70.8,77.6,77.8,77.8,77.8,77.8,77.8,77.8,77.8,77.8,80.23,77.3,77.3,77.3,77.3,77.3,77.3,77.3,77.3,77.3,77.3,77.3,77.3,75.61,72.0,55.4,53.2,52.2,51.4,51.4,51.1,50.8,50.8,50.8,50.8,50.8,50.8,50.8,50.8,50.8,50.8,50.8,50.8,50.8,50.8,50.8,50.8,50.8,50.8,50.8,50.8,50.8,50.8,50.8,50.8,50.8,50.8,50.8,50.8,50.8,50.8,50.8,50.8,50.8,50.8,50.8,50.8,50.8,50.8,50.8,50.8,50.8,50.8,50.8,50.8,50.8,51.18,52.22,50.9,50.9,51.4,50.64,50.6,50.6,50.6,50.6,50.6,50.6,50.6,50.6,50.6,50.6,50.6,50.6,50.6,50.6,50.6,50.6,50.6,50.6,50.6,50.6,50.6,50.6,50.6,50.6,50.6,50.6,50.6,50.6,50.6,50.6,50.6,50.6,50.6,50.6,50.6,50.6,50.6,50.6,50.6,50.6,50.6,50.6,50.6,50.6,50.6,50.6,50.6,50.6,50.6,50.6,50.6,50.6,50.6,50.6,50.6,50.6,50.6,50.6,50.6,50.6,50.6,50.5,50.5,50.5,50.5,50.5,50.5,50.5,50.5,50.5,50.5,50.5,50.5,50.5,49.4,49.7,49.7,49.7,49.7,49.7,49.7,49.7,49.7,49.7,49.7,49.7,49.7,49.7,49.7,49.7,49.7,49.7,49.7,49.7,49.7,49.7,49.7,49.7,49.7,49.7,49.7,49.7,49.7,49.7,49.7,51.1,51.5,51.2,51.1,50.9,56.6,66.54,80.9,76.1,74.5,70.4,62.5,53.64,27.9,23.6,23.3,23.0,22.5,22.2,22.2,22.2,22.2,22.2,22.2,22.2,22.2,22.2,22.2,22.2,22.2,22.2,22.2,22.2,22.2,22.2,22.2,22.2,22.2,22.2,22.2,22.2,22.2,22.2,22.2,22.2,22.2,22.2,22.2,22.2,22.2,22.2,22.2,22.2,22.2,22.2,22.2,22.2,22.2,22.2,22.2,22.2,22.2,22.2,22.2,22.2,22.2,22.2,22.2,12.03,5.1,4.9,4.9,2.9,2.9,3.2,3.2,4.0,4.0,4.0,4.0,4.0,4.0,4.0,4.0,4.0,4.0,4.0,4.0,4.0,4.0,4.0,4.0,4.0,4.0,4.0,4.0,4.0,4.0,4.9,10.2,7.9,24.28,41.5,50.3,50.5,50.5,50.5,50.5,50.5,50.5,50.5,50.5,50.5,50.5,50.5,50.5,50.5,50.5,50.5,50.5,50.5,50.5,50.5,50.5,50.5,50.5,50.5,50.5,50.5,50.5,50.5,50.5,50.5,50.5,50.5,50.5,50.5,50.5,50.5,50.5,50.0,49.8,49.8,49.8,49.8,49.8,49.8,49.8,49.8,49.8,49.8,49.8,49.8,49.8,49.8,49.8,49.8,49.8,49.8,49.8,49.8,49.8,49.8,49.8,49.8,49.8,49.8,49.8,49.8,49.8,49.8,49.8,49.8,49.8,49.8,49.8,49.8,49.8,49.8,49.8,49.8,49.8,49.8,49.8,49.8,49.8,49.8,49.8,49.8,49.8,49.8,49.8,49.8,49.8,49.8,49.8,49.8,49.8,49.8,49.8,49.8,20.75,5.69,2.37,2.5,5.7,5.7,5.7,5.7,5.7,5.7,5.7,5.7,5.7,5.7,5.7,5.7,5.7,5.7,5.7,5.7,5.7,5.7,5.7,5.7,5.7,5.7,5.7,5.7,5.7,5.7,5.7,5.7,5.7,5.7,5.7,5.7,5.7,5.7,5.7,5.7,5.7,5.7,5.7,5.7,5.7,5.7,5.7,5.7,5.7,5.7,5.7,5.7,7.27,36.6,47.67,50.0,50.6,49.8,49.8,49.8,49.8,49.8,49.8,49.8,49.8,17.39,10.8,9.9,8.6,8.6,8.6,8.6,8.6,8.6,8.6,8.6,8.6,8.6,8.6,8.6,8.6,8.6,8.6,8.6,9.7,9.7,9.7,9.7,9.7,9.7,9.7,9.7,9.7,9.7,9.7,9.7,9.7,9.7,9.7,9.7,9.7,9.7,9.7,9.7,9.7,9.7,9.7,9.7,4.2,3.2,3.2,3.2,3.2,3.2,3.2,3.2,3.2,3.2,3.2,3.2,3.2,3.2,3.2,3.2,31.56,47.1,49.7,52.2,50.9,50.9,50.9,50.9,50.9,50.9,51.5,51.5,51.4,51.4,51.4,51.4,51.4,51.4,51.4,51.4,51.4,51.4,51.4,51.4,51.4,51.4,51.4,51.4,51.4,51.4,51.4,51.4,51.4,51.4,51.4,51.4,51.4,51.4,51.4,51.4,51.4,51.4,51.4,51.4,51.4,51.4,51.4,51.4,51.4,51.4,51.4,51.4,51.4,51.4,51.4,51.4,51.4,51.4,51.4,51.4,51.4,51.4,51.4,51.4,51.4,51.06,62.7,64.0,65.6,65.0,75.9,74.64,73.3,71.9,71.9,71.9,71.9,56.05,51.2,50.5,50.5,50.5,50.5,50.5,50.5,50.5,50.5,50.5,50.5,50.5,50.5,50.5,50.5,50.5,50.5,50.5,50.5,50.5,50.5,50.5,50.5,50.5,50.5,50.5,50.5,50.5,50.5,50.5,50.5,50.5,50.5,50.5,50.5,50.5,50.5,50.5,50.5,50.5,50.5,50.5,50.5,50.5,50.5,50.5,50.5,50.5,50.5,50.5,50.5,50.5,50.5,50.5,50.5,50.5,50.5,50.5,50.5,50.5,50.5,50.5,50.5,51.1,49.4,61.65,93.4,95.7,95.7,95.8,97.7,81.92,50.9,81.09,98.1,98.1,98.1,97.5,96.9,96.9,88.37,81.79
P111,44.4,44.4,44.4,42.0,34.9,33.0,33.0,33.0,33.0,33.0,32.65,32.1,32.1,32.1,32.1,32.1,32.1,32.1,32.1,32.1,32.1,32.1,32.1,32.1,32.1,32.1,32.1,32.1,34.4,34.4,34.4,34.4,34.4,34.4,34.4,34.4,34.4,34.4,34.4,34.4,34.4,34.4,34.4,34.4,34.4,34.4,34.4,34.4,34.4,34.4,34.4,34.4,34.4,34.4,34.4,34.4,34.4,34.4,34.4,31.7,31.0,31.0,31.0,31.0,31.0,31.0,31.0,31.0,31.0,31.0,31.0,31.0,31.0,31.0,31.0,31.0,31.0,31.0,31.0,31.0,31.0,31.0,31.0,31.0,31.0,31.0,31.0,31.0,31.0,31.0,31.0,31.0,31.0,31.0,31.0,31.0,31.0,31.0,31.0,31.0,31.0,31.0,31.0,31.0,31.0,31.0,31.0,31.0,31.0,31.0,31.0,31.0,31.0,31.0,31.0,31.0,31.0,31.0,31.0,31.0,31.0,31.0,31.0,31.0,31.0,31.0,31.0,31.0,31.0,31.0,31.0,31.0,31.0,31.0,31.0,31.0,31.0,31.0,31.0,24.8,24.1,24.1,24.1,24.1,24.1,24.1,24.1,24.1,24.1,24.1,24.1,24.1,24.1,24.1,24.1,24.1,24.1,24.1,24.1,24.1,24.1,24.1,24.1,24.1,24.1,24.1,24.1,24.1,24.1,24.1,24.1,24.1,24.1,24.1,24.1,23.1,22.5,22.5,22.5,22.5,22.5,22.5,22.5,22.5,22.5,22.5,22.5,22.5,22.5,22.5,22.5,22.5,22.5,22.5,22.5,22.5,22.5,22.5,24.8,24.2,24.2,24.2,24.2,24.2,24.2,24.2,24.2,24.2,24.2,24.2,24.2,24.2,24.2,24.2,24.2,24.2,24.2,24.2,24.2,24.2,24.2,24.2,24.2,24.2,24.2,24.2,24.2,24.2,24.2,24.2,24.2,24.2,24.2,24.2,24.2,24.2,24.2,24.2,24.2,24.2,24.2,24.2,24.2,24.2,24.2,24.2,24.2,24.2,24.2,24.2,24.2,24.2,24.2,24.2,24.2,24.2,24.2,24.2,24.2,24.2,24.2,24.2,24.2,24.2,24.2,24.2,24.2,24.2,24.2,24.2,24.2,24.2,24.2,24.2,24.2,24.2,24.2,24.2,24.2,24.2,24.2,24.2,24.2,24.2,24.2,24.2,24.2,24.2,24.2,24.2,24.2,24.2,24.2,24.2,24.2,24.2,27.1,26.9,26.9,26.9,26.9,26.9,26.9,26.9,26.9,26.9,26.9,26.9,26.9,26.9,26.9,26.9,26.9,26.9,26.9,26.9,26.9,26.9,26.9,26.9,26.9,26.9,26.9,26.9,26.9,26.9,26.9,26.9,26.9,26.9,26.9,26.9,26.9,27.21,30.3,29.5,29.5,29.5,29.5,29.5,29.5,29.5,29.5,29.5,29.5,29.5,29.5,29.5,29.5,28.71,26.1,25.9,25.9,25.9,25.9,25.9,25.9,25.9,25.9,25.9,25.9,25.9,25.9,25.9,25.9,25.9,25.9,25.9,25.9,25.9,25.9,25.9,25.9,25.9,25.9,25.9,25.9,25.9,25.9,25.9,25.9,25.9,25.9,25.9,25.9,25.9,25.9,25.9,30.2,26.4,26.2,26.2,26.2,26.2,26.2,26.2,26.2,26.2,26.2,26.2,26.2,26.2,26.2,26.2,26.2,26.2,26.2,26.2,26.2,26.2,26.2,26.2,26.2,26.2,26.2,26.2,26.2,26.2,26.2,26.2,26.2,26.2,26.2,26.2,26.2,26.2,26.2,26.2,26.2,26.2,26.2,26.2,26.2,26.2,26.2,26.2,26.2,26.2,26.2,26.2,26.2,26.2,26.2,26.2,26.2,26.2,26.2,26.2,26.2,26.2,26.2,26.2,26.2,26.2,26.2,26.2,26.2,26.2,26.2,26.2,26.2,26.2,26.2,26.2,26.2,26.2,26.2,26.2,26.2,26.2,26.2,25.9,25.9,25.9,25.9,25.9,25.9,25.9,25.9,25.9,25.9,25.9,25.9,25.9,25.9,25.9,25.9,25.9,25.9,25.9,25.9,25.9,25.9,25.9,25.9,25.9,25.9,25.9,25.9,23.9,23.9,23.9,23.9,23.9,23.9,23.9,23.9,23.9,23.9,23.9,23.9,23.9,23.9,23.9,23.9,23.9,23.9,23.9,23.9,23.9,23.9,23.9,23.9,23.9,23.9,23.9,23.9,23.9,23.9,23.9,23.9,23.9,19.9,20.5,20.5,20.5,20.5,20.5,20.5,20.5,20.8,20.8,20.8,20.8,20.8,20.8,20.8,20.8,20.8,20.8,20.8,20.8,20.8,20.8,20.8,20.8,20.8,20.8,20.8,20.8,20.8,20.8,20.8,20.8,20.8,20.8,20.8,20.8,20.8,20.8,20.8,20.8,20.8,21.5,21.5,21.5,21.5,21.5,21.5,21.5,21.5,21.5,21.5,21.5,21.5,21.5,21.5,21.5,21.5,21.5,21.5,21.5,21.5,21.5,21.5,21.5,21.5,21.5,21.5,21.5,21.5,21.5,21.5,21.5,21.5,21.5,21.5,21.5,21.5,21.5,21.5,21.5,21.5,21.5,21.5,21.5,21.5,21.5,21.5,21.5,21.5,21.5,21.5,21.5,21.5,21.5,21.5,21.5,21.5,21.5,21.5,21.5,21.5,21.5,21.5,21.5,21.5,21.5,21.5,21.5,21.5,21.5,21.5,21.5,21.5,21.5,21.5,21.5,21.5,21.5,21.5,21.5,21.5,21.5,21.5,21.5,21.5,21.5,21.5,21.5,21.5,21.5,21.5,21.5,21.5,21.5,21.5,21.5,21.5,21.5,21.5,21.5,21.5,21.5,21.5,21.5,21.5,21.5,21.5,21.5,21.5,22.4,22.4,22.4,22.4,22.4,22.4,22.4,22.4,22.4,22.4,22.4,22.4,22.4,22.4,22.4,22.4,22.4,22.4,22.4,21.8,21.8,21.8,21.8,21.8,21.8,21.8,21.8,21.8,21.8,21.8,21.5,21.5,49.73,71.1,73.6,73.6,73.6,73.6,73.6,73.6,73.6,73.6,73.6,73.6,73.6,73.6,73.6,73.6,73.6,73.6,73.6,73.6,73.6,73.6,73.6,73.6,73.6,73.6,73.6,73.6,73.6,73.6,73.6,73.6,73.6,73.6,73.6,73.6,73.6,73.6,73.6,73.6,73.6,73.6,73.6,73.6,73.6,73.6,73.6,73.6,73.6,73.6,73.6,73.6,73.6,73.6,73.6,73.6,73.56,72.5,72.5,72.5,72.2,72.2,71.9,71.9,71.9,71.3,71.3,71.3,71.3,71.3,71.3,71.3,71.3,71.3,71.3,71.3,71.3,71.3,71.3,71.3,71.3,71.3,71.3,71.3,71.3,71.3,71.3,71.3,71.3,71.3,71.3,71.3,71.3,71.3,71.3
P112,49.7,49.7,49.7,49.5,49.5,49.5,49.5,49.5,49.5,49.5,49.5,49.7,50.2,58.2,58.2,58.2,58.2,58.2,59.0,61.4,61.4,61.4,61.3,61.1,61.1,61.0,60.5,58.99,23.39,24.7,24.7,24.7,24.7,24.7,25.0,25.0,28.5,48.48,59.06,69.4,69.4,69.4,69.4,69.4,64.9,41.51,32.24,31.2,24.8,20.7,20.4,19.9,19.8,19.1,17.48,17.7,18.25,38.3,36.18,38.7,52.0,52.3,52.2,51.7,49.7,40.6,37.0,37.0,37.0,37.0,58.42,62.58,71.3,71.3,71.5,71.5,71.5,71.0,70.2,68.5,66.2,65.4,61.53,49.87,38.4,38.4,38.4,38.4,38.4,38.4,38.4,38.4,38.4,38.4,38.4,38.9,41.4,36.04,21.44,25.0,25.2,25.2,25.2,25.2,25.2,25.2,25.2,25.2,24.22,20.31,9.0,9.0,9.0,9.0,9.0,9.0,9.0,9.0,9.0,9.0,7.3,7.3,7.3,7.01,6.9,6.9,10.99,22.36,27.9,27.9,27.9,32.23,3.94,13.82,0.3,0.3,0.2,0.0,0.0,0.0,0.0,0.0,0.0,2.3,1.1,0.31,0.0,0.0,0.0,0.8,3.65,2.55,2.0,1.4,0.9,0.2,0.0,0.0,0.0,1.7,5.4,15.9,4.9,5.9,5.9,8.5,8.5,8.39,7.9,7.6,7.4,6.6,6.6,6.6,6.5,6.5,6.0,5.9,3.7,3.7,3.4,3.2,3.5,3.9,3.9,3.78,0.14,0.0,0.0,0.0,0.0,0.0,0.0,0.0,0.0,0.0,0.0,0.0,0.0,0.0,0.0,0.0,0.0,0.0,0.0,0.0,0.0,0.0,0.0,0.0,0.0,0.0,0.0,0.0,0.0,0.0,0.0,0.0,0.0,0.0,2.71,2.8,6.34,9.9,10.06,9.9,9.3,8.54,8.2,8.2,7.9,0.71,0.2,0.2,0.0,0.0,0.0,0.0,0.0,0.0,0.0,0.0,0.0,0.0,0.0,0.0,0.0,0.0,0.0,0.0,0.0,0.0,0.0,0.0,0.0,0.0,0.0,0.0,0.0,0.0,0.0,0.0,0.0,0.68,0.0,1.45,31.36,44.6,52.13,57.1,56.8,56.6,56.26,55.2,55.2,55.2,55.2,55.2,55.2,55.2,55.2,51.2,51.7,51.7,51.5,24.8,24.4,23.5,17.7,16.8,16.8,16.7,16.7,16.7,16.4,17.1,17.1,17.1,16.8,13.0,6.62,3.5,8.6,8.5,8.5,8.5,8.5,7.4,7.4,11.68,25.01,27.9,29.9,41.5,46.22,51.46,54.05,58.8,60.3,60.3,61.0,61.0,61.0,61.0,61.0,67.7,67.6,59.7,50.08,40.4,39.45,36.6,38.9,43.63,51.4,52.6,52.6,52.2,52.0,51.14,46.54,37.98,23.41,10.2,9.7,9.6,9.6,9.0,8.3,8.2,8.0,7.9,7.9,6.9,6.9,6.3,6.2,5.6,5.6,5.2,5.2,4.9,7.53,7.1,6.8,6.0,5.2,5.1,5.1,5.1,5.1,5.1,16.5,45.04,50.5,55.4,55.4,64.5,64.92,65.9,67.65,68.5,68.5,68.5,67.9,67.1,67.1,67.1,66.8,66.2,66.2,65.7,65.7,65.7,65.7,65.7,65.7,65.7,69.9,68.8,67.9,67.7,67.7,67.3,67.0,65.7,65.9,65.1,65.7,72.1,68.5,68.5,67.6,67.3,67.0,66.0,65.4,65.4,64.5,64.5,64.5,64.5,64.5,64.5,64.5,64.0,64.0,64.0,63.6,63.6,63.6,63.6,61.0,59.3,59.3,59.3,60.0,60.5,60.3,58.42,57.6,57.6,57.6,57.6,57.6,61.0,61.3,63.6,68.5,73.0,73.0,72.32,71.9,71.8,71.6,71.6,71.6,71.6,74.4,73.1,72.5,72.5,71.9,71.9,71.5,71.5,71.5,71.5,71.9,72.16,80.6,79.9,79.8,79.8,79.68,79.3,78.5,77.9,77.3,76.7,75.5,73.8,73.3,73.0,73.0,73.39,71.8,67.3,64.88,64.2,63.9,46.84,29.5,25.84,19.6,19.1,19.1,19.0,17.6,17.6,17.19,16.5,16.2,15.0,15.0,15.0,14.5,14.0,13.7,13.3,12.06,11.9,11.6,10.2,4.8,4.8,4.8,9.83,14.4,14.4,14.7,13.4,21.6,74.7,74.7,72.7,72.5,72.2,72.2,71.9,71.9,71.8,80.91,81.8,80.48,77.9,90.06,86.1,80.28,78.81,77.6,76.7,76.7,76.7,76.58,76.4,75.9,75.9,75.9,75.9,79.9,82.1,80.4,79.8,78.9,78.9,78.9,78.9,78.9,78.9,78.9,78.1,78.1,78.1,78.1,78.1,78.5,82.28,83.0,81.6,81.6,81.6,81.5,81.5,81.5,83.0,82.9,84.7,84.7,84.7,84.7,84.3,86.81,88.1,83.49,87.0,55.08,36.3,35.3,33.8,39.37,47.29,45.7,52.9,56.5,60.05,60.3,63.4,62.91,62.7,62.3,59.14,58.24,57.3,56.65,54.3,52.8,50.07,48.41,47.89,43.91,38.78,28.2,27.5,26.4,25.3,23.98,23.0,22.5,22.14,21.3,21.1,21.1,20.14,19.6,19.6,19.6,19.1,18.4,18.4,18.64,71.34,95.5,93.75,70.78,52.41,59.3,55.99,60.5,61.22,61.0,61.0,61.0,60.8,60.2,59.8,59.4,40.4,34.7,40.6,51.95,56.6,56.6,46.0,46.0,45.8,53.92,58.6,57.6,57.6,41.24,40.3,41.38,42.23,41.2,43.2,45.1,45.9,44.3,44.3,44.3,44.3,44.1,44.1,44.0,43.8,43.8,43.7,43.7,43.7,43.7,32.93,13.46,11.42,9.6,43.77,40.4,39.14,38.7,38.0,37.7,37.7,37.7,37.7,37.7,37.7,37.7,37.2,36.6,34.72,34.7,27.65,19.1,34.4,36.12,31.71,25.0,33.6,33.5,33.86,34.3,34.3,34.3,34.3,34.3,41.79,47.31,44.9,44.6,52.0,51.1,52.38,54.8,54.8,54.5,54.5,54.5,61.7,61.7,61.6,61.6,61.6,62.2,62.2,62.2,62.2,62.2,62.2,62.2,62.2,62.2,62.2,62.2,62.2,62.2,62.2,62.2,62.2,62.2,62.2,62.2,62.2,62.2,62.2,62.2,62.2,62.2,62.2,62.2,62.2,62.2,62.2,62.2,62.2,62.2,62.2,62.2,63.7,57.62,55.9,47.1,47.2,47.2,47.2,47.2,47.2,47.2,47.2,47.2,47.2,47.2,47.2,47.2,47.2,47.2,47.2,47.2,47.2,47.2,47.2,47.2,47.2,47.2,47.2,47.1,47.1,47.1,47.1,47.1,47.1,47.1,47.1,45.8,42.0,49.29,61.3,61.3,53.5
P113,76.8,76.8,72.6,72.6,72.6,72.6,72.6,72.6,72.6,72.6,72.6,72.6,72.6,72.6,72.6,72.6,72.2,72.2,72.2,72.2,72.2,72.2,72.2,72.2,72.2,72.2,72.2,72.2,72.2,72.2,59.12,14.7,14.7,14.7,14.7,14.7,14.7,14.7,14.7,14.7,14.7,14.7,19.1,20.5,20.5,20.5,20.5,20.5,20.5,20.5,20.5,20.5,20.5,20.5,20.5,20.5,20.5,20.5,20.5,20.5,20.5,20.5,20.5,20.5,20.5,20.5,20.5,23.6,29.0,27.0,27.0,27.0,27.0,27.0,27.0,27.0,27.0,27.0,27.0,27.0,27.0,28.0,28.0,28.0,28.0,28.0,28.0,28.0,28.0,28.0,28.0,28.0,28.0,28.0,28.0,28.0,28.0,28.0,28.0,28.0,28.0,28.0,28.0,28.0,28.0,28.0,28.0,28.0,28.0,28.0,21.2,19.1,18.5,28.4,28.4,28.4,28.4,28.4,28.4,28.4,28.4,28.4,28.4,28.4,28.4,28.4,28.4,28.4,28.4,28.4,28.4,28.4,28.4,28.4,28.4,28.4,28.4,28.4,28.4,28.4,28.4,28.4,28.4,28.4,28.4,29.0,29.0,29.0,29.0,29.0,29.0,29.0,29.0,29.0,29.0,29.0,29.0,29.0,29.0,29.0,29.0,29.0,29.0,29.0,29.0,29.0,29.0,29.0,29.0,29.0,29.0,29.0,29.0,29.0,29.0,29.0,29.0,29.0,29.0,29.0,29.0,29.0,29.0,29.0,29.0,29.0,29.0,29.0,29.0,29.0,29.0,29.0,29.0,29.0,29.0,26.3,26.3,26.3,26.3,26.3,26.3,26.3,26.3,26.3,26.3,27.8,30.7,30.7,30.7,30.7,30.7,30.7,30.7,23.6,23.6,23.6,23.6,23.6,23.6,23.6,23.6,23.6,25.7,25.7,25.7,25.7,25.7,25.7,25.7,25.7,25.7,25.7,25.7,25.7,25.7,25.7,25.7,25.7,25.7,25.7,32.8,29.0,29.0,29.0,29.0,29.0,29.0,29.0,29.0,22.6,22.6,24.3,24.3,24.3,24.3,24.3,24.3,24.3,24.3,24.3,24.3,24.3,24.3,24.3,24.3,24.3,24.3,24.3,24.5,25.5,25.5,25.5,25.5,25.5,25.5,25.5,25.5,25.5,25.5,25.5,25.5,25.5,25.5,25.5,25.5,25.5,25.5,21.0,21.0,21.0,21.0,21.0,21.0,21.0,21.0,21.0,21.0,21.0,21.0,21.0,21.0,21.0,21.0,21.0,21.0,21.0,21.0,21.0,21.0,21.0,21.0,21.0,21.0,21.0,25.1,25.1,25.1,25.7,25.9,25.96,23.6,22.8,22.8,22.8,22.8,22.8,22.8,22.8,22.8,22.8,22.8,22.8,22.8,22.8,22.8,22.8,22.8,22.8,22.8,22.8,22.8,22.15,24.7,28.2,28.0,28.0,28.0,28.0,28.0,28.0,28.0,28.0,28.0,28.0,28.0,28.0,28.0,28.0,28.0,28.0,28.0,28.0,28.0,28.0,28.0,28.0,28.0,28.0,28.0,28.0,28.0,28.0,28.0,28.69,16.0,16.0,16.0,16.0,16.0,16.0,16.0,16.0,16.0,16.0,16.0,16.0,16.0,16.0,16.0,16.0,16.0,16.0,16.0,16.0,16.0,16.0,16.0,16.0,16.0,16.0,16.0,16.0,16.0,16.0,16.0,16.0,16.0,16.0,16.0,16.0,16.0,16.0,16.0,16.0,16.0,16.0,16.0,16.0,16.0,16.0,16.0,16.0,16.0,16.0,16.0,16.0,16.0,16.0,16.0,16.0,16.0,16.0,16.0,16.0,16.0,16.0,16.0,16.0,16.0,16.0,16.0,16.0,16.0,16.0,16.0,16.0,16.0,16.0,16.0,16.0,16.0,16.0,18.5,18.5,18.5,18.5,18.5,18.5,18.5,18.5,18.5,18.5,18.5,18.5,18.5,18.5,18.5,18.5,18.5,18.5,18.5,18.5,18.5,18.5,18.5,18.5,20.8,20.8,20.8,20.8,20.8,20.8,20.8,20.8,20.8,20.8,20.8,20.8,20.8,20.8,20.8,20.8,20.8,20.8,20.8,20.8,20.8,20.8,20.8,20.8,20.8,20.8,20.8,20.8,20.8,20.8,20.8,20.8,24.1,24.1,24.1,24.1,24.1,24.1,24.1,24.1,24.1,24.1,24.1,21.0,21.0,21.0,21.0,21.0,21.0,21.0,21.0,21.0,21.0,21.0,21.0,21.0,21.0,21.0,21.0,21.0,21.0,21.0,21.0,21.0,21.0,21.0,21.0,21.0,21.0,21.0,21.0,21.0,21.0,21.0,21.0,21.0,21.0,21.0,21.0,21.0,21.0,21.0,21.0,21.0,21.0,21.0,21.0,21.0,21.0,21.0,21.0,21.0,21.0,21.0,21.0,21.0,21.0,21.0,21.0,21.0,21.0,14.5,14.5,14.5,14.5,14.5,14.5,14.5,21.6,21.6,21.6,21.6,21.6,21.6,19.5,19.5,19.5,19.5,19.5,19.5,19.5,19.5,20.1,18.1,18.1,18.1,18.1,18.1,18.1,18.1,18.1,18.1,18.1,18.1,18.1,18.1,18.1,18.1,18.1,18.1,18.1,18.1,18.1,18.1,18.1,18.1,18.1,18.1,20.7,20.7,20.7,20.7,20.7,20.7,20.7,20.7,18.5,18.5,18.5,18.5,18.5,18.5,18.5,18.5,18.5,18.5,18.5,18.5,18.5,18.5,18.5,18.5,18.5,18.5,18.5,18.5,18.5,18.5,18.5,18.5,18.5,18.5,18.5,18.5,18.5,18.5,18.5,18.5,18.5,18.5,18.5,18.5,18.5,18.5,18.5,18.5,18.5,18.5,16.0,16.0,16.0,16.0,16.0,16.0,16.0,16.0,16.0,16.0,16.0,16.0,16.0,16.0,16.0,16.0,16.0,16.0,16.0,16.0,16.0,16.0,16.0,16.0,16.0,16.0,16.0,16.0,16.0,16.0,16.0,16.0,16.0,16.0,16.0,16.0,16.0,16.0,16.0,16.0,16.0,16.0,10.58,19.7,19.7,19.7,19.7,19.7,19.7,21.0,21.0,21.0,21.0,21.0,21.0,21.0,21.0,23.0,23.0,23.0,24.7,32.8,32.8,32.8,32.8,32.8,32.8,32.8,32.8,32.8,32.8,32.8,32.8,32.8,32.8,32.8,32.8,32.8,32.8,32.8,32.8,32.8,32.8,32.8,32.8,32.8,32.8,32.8,31.3,31.3,31.3,31.3,31.3,31.3,31.3,31.3,24.9,24.9,27.8,27.8,27.8,27.8,27.8,27.8,27.8,27.8,27.8,27.8,27.8,27.8,27.8,27.8,27.8,27.8,27.8,27.8,27.8,27.8,27.8,27.8,27.8,27.8,27.8,27.8,27.8,27.8,27.8,27.8,27.8,27.8,27.8,27.8,27.8,27.8
P114,92.5,92.5,92.5,92.5,92.5,92.5,92.5,92.5,92.5,44.72,9.5,9.5,9.5,9.5,9.5,14.9,14.9,14.9,15.98,13.79,11.6,11.6,37.26,75.1,66.0,17.8,10.0,10.0,10.0,10.0,10.0,10.0,10.0,10.0,10.0,10.0,10.0,10.0,10.0,41.35,89.18,89.2,89.2,89.2,89.2,89.2,89.2,89.2,89.2,87.96,87.1,87.1,87.1,87.1,87.1,89.4,89.4,89.4,89.4,89.4,85.68,26.3,26.3,26.3,26.3,26.3,26.3,26.3,85.25,85.7,85.7,85.7,85.7,85.7,85.7,85.7,85.7,85.7,85.7,85.7,85.7,85.7,85.7,85.7,85.7,26.08,14.5,14.5,14.5,14.5,14.5,14.5,14.5,14.5,14.5,14.5,14.5,14.5,85.06,88.6,88.6,88.6,88.6,88.6,88.6,88.6,88.6,88.6,88.6,88.6,88.6,88.6,88.6,88.6,86.78,92.1,92.1,36.2,12.9,12.9,12.9,12.9,12.9,12.9,12.9,12.9,86.82,93.2,93.2,93.2,67.74,11.8,11.8,11.8,11.8,11.8,11.8,11.8,11.8,11.8,13.37,77.0,77.0,77.0,77.0,77.0,77.0,74.49,79.9,79.9,79.9,79.9,79.9,79.9,79.9,79.9,79.9,79.9,79.9,79.9,79.9,79.9,79.9,79.9,79.9,79.9,21.28,19.5,19.5,19.5,19.5,19.5,19.5,19.5,19.5,19.5,19.5,19.5,19.5,19.5,19.5,19.5,19.5,19.5,19.5,19.5,19.5,19.5,19.5,19.5,19.5,19.5,19.5,77.8,77.8,77.8,85.5,84.61,89.8,89.8,89.8,89.8,89.8,93.8,93.8,93.8,93.8,93.8,93.8,93.8,93.8,93.8,93.8,93.8,93.8,93.8,93.8,93.8,93.8,93.8,93.8,93.8,93.8,93.8,93.8,93.8,93.8,93.8,93.8,93.8,93.8,93.8,93.8,93.8,93.8,93.8,93.8,93.8,93.8,93.8,93.8,93.8,93.8,93.8,93.8,93.8,93.8,93.8,93.8,93.8,93.8,93.8,93.8,93.8,93.8,93.8,93.8,93.8,80.97,17.2,16.6,16.6,16.6,16.6,16.6,16.6,16.6,16.6,16.6,16.6,16.6,16.6,16.6,16.6,16.6,16.6,16.6,16.6,16.6,16.6,16.6,16.6,16.6,16.6,16.6,16.6,16.6,16.6,16.6,16.6,16.6,16.6,16.6,16.6,16.6,16.6,16.6,16.6,16.6,16.6,16.6,16.6,16.6,16.6,16.6,16.6,16.6,16.6,16.6,16.6,16.6,66.97,86.3,86.3,86.3,86.3,86.3,86.3,86.3,86.3,86.3,86.3,86.3,44.94,13.5,13.5,13.5,13.5,13.5,13.5,13.5,13.5,13.5,13.5,13.5,13.5,13.5,13.5,13.5,13.5,81.5,83.8,83.8,83.8,83.8,83.8,83.8,83.8,83.8,83.8,83.8,83.8,83.8,83.8,83.8,83.8,83.8,83.8,83.8,83.8,83.8,83.8,83.8,83.8,83.8,83.8,83.8,83.8,83.8,92.5,92.5,92.5,15.1,14.67,14.7,14.7,14.7,14.7,86.94,89.0,89.0,89.0,89.0,89.0,89.0,89.0,89.0,89.0,25.3,19.7,13.7,13.7,13.7,13.7,13.7,13.7,13.7,13.7,13.7,13.7,13.7,13.7,13.7,13.7,13.7,13.7,13.7,13.7,13.7,13.7,13.7,13.7,13.7,13.7,13.7,13.7,13.7,13.7,13.7,13.7,13.7,13.7,13.7,13.7,13.7,13.7,13.7,13.7,13.7,13.7,13.7,13.7,13.7,13.7,13.7,13.7,13.7,13.7,13.7,13.7,13.7,13.7,13.7,13.7,13.7,13.7,13.7,13.7,13.7,13.7,13.7,13.7,13.7,13.7,13.7,13.7,13.7,13.7,13.7,8.9,8.9,7.9,7.7,7.7,7.7,7.7,7.7,7.7,7.7,7.7,7.7,7.7,7.7,7.7,7.7,7.7,7.7,7.7,7.7,7.7,7.7,7.7,7.7,7.7,7.7,7.7,7.7,7.7,63.49,85.7,85.7,85.7,85.7,85.7,85.7,54.51,16.2,16.2,9.1,9.1,9.1,9.1,9.1,9.1,9.1,9.1,9.1,9.1,9.1,9.1,9.1,9.1,9.1,9.1,9.1,9.1,9.1,9.1,9.1,9.1,9.1,9.1,9.1,9.1,9.1,9.1,9.1,9.1,9.1,9.1,9.1,9.1,9.1,9.1,9.1,9.1,9.1,9.1,9.1,9.1,9.1,9.1,9.1,9.1,9.1,9.1,9.1,9.1,9.1,9.1,9.1,9.1,9.1,9.1,9.1,9.1,9.1,9.1,9.1,9.1,9.1,9.1,9.1,9.1,9.1,9.1,9.1,9.1,9.1,9.1,9.1,9.1,9.1,9.1,9.1,9.1,9.1,9.1,9.1,9.1,9.1,9.1,7.7,6.0,6.0,6.0,6.0,6.0,6.0,6.0,6.0,7.23,22.08,74.6,74.7,74.7,87.62,93.6,93.6,93.6,93.6,93.6,93.6,93.6,93.6,93.6,93.6,93.6,93.6,93.6,93.6,93.6,93.6,93.6,93.6,93.6,93.6,24.08,12.52,12.4,12.4,12.4,12.4,12.2,12.2,12.2,12.2,12.2,12.2,12.2,12.2,9.34,4.8,4.8,4.8,4.8,4.8,4.8,4.8,4.8,4.8,4.8,4.8,4.8,4.8,4.8,4.8,4.8,4.8,4.8,4.8,4.8,4.8,4.8,4.8,4.8,4.8,4.8,4.8,4.8,4.8,4.8,4.8,4.8,4.8,4.8,4.8,4.8,4.8,4.8,4.8,4.8,51.42,81.7,89.4,89.2,89.2,89.2,89.2,89.2,89.2,91.3,91.3,95.79,95.41,93.6,93.6,93.1,90.35,76.4,90.4,90.5,90.5,90.5,90.5,90.5,90.5,90.5,90.5,90.5,90.5,90.5,90.5,90.5,90.5,90.5,90.5,90.5,91.1,91.1,91.1,91.1,91.1,91.1,91.1,91.1,91.1,91.1,91.1,91.1,91.1,91.1,91.1,91.1,91.1,91.1,91.1,91.1,91.1,91.1,91.1,91.1,91.1,91.1,91.1,91.1,91.1,91.1,91.1,91.1,91.1,91.1,91.1,90.3,94.6,94.6,94.6,94.6,94.6,94.6,94.6,94.6,94.6,94.6,84.0,90.3,90.3,90.3,90.3,90.3,90.3,90.3,90.3,90.3,90.3,90.3,90.3,90.3,90.3,90.3,90.3,90.3,90.3,90.3,90.3,90.3,90.3,90.3,90.3,90.3,90.3,90.3,90.3,90.3,90.3,90.3,90.3,90.3,90.3,90.3,90.3,90.3,90.3,90.3,90.3,90.3,90.3,90.3,90.3,90.3,90.3,90.3,91.07,90.2,90.2,90.2,90.2,90.2
P115,53.5,53.5,53.5,53.5,53.5,65.6,73.44,76.69,76.7,75.6,75.6,75.6,75.6,75.6,75.6,75.6,75.6,75.6,75.6,75.6,76.5,75.6,74.2,71.9,71.9,71.9,71.9,71.9,71.9,71.9,71.9,71.9,71.9,71.9,71.9,71.9,71.9,71.9,71.9,71.9,71.9,71.9,71.9,71.9,71.0,71.0,71.0,71.0,71.0,71.0,71.0,71.0,71.0,71.0,71.0,71.0,71.0,71.0,71.0,71.0,71.0,69.4,67.7,67.7,67.3,66.7,68.7,70.4,70.6,70.6,69.41,68.5,68.5,68.3,68.1,65.6,65.6,63.8,67.9,76.0,78.8,69.8,77.1,62.7,61.9,61.9,66.5,70.21,67.5,64.4,63.1,63.1,56.53,52.31,49.2,49.8,53.1,53.1,53.1,54.41,56.9,56.9,56.9,56.9,56.9,56.9,64.6,67.7,67.7,67.7,67.7,67.7,67.7,67.7,68.91,69.2,69.2,69.2,67.3,65.8,66.0,66.0,66.2,66.5,71.0,71.0,71.0,70.8,70.8,71.9,71.9,71.9,71.9,71.9,71.9,71.9,71.9,71.9,71.9,71.9,71.9,71.9,71.9,71.9,71.9,71.9,71.9,71.9,62.27,57.9,57.9,57.9,57.9,57.9,57.9,57.9,57.9,57.9,57.9,57.9,57.9,59.8,60.2,60.2,60.2,60.2,60.2,60.2,60.2,60.2,60.2,59.8,59.02,57.9,57.5,57.5,57.5,57.5,58.5,58.5,58.5,58.5,58.5,58.5,58.5,58.5,58.5,58.5,58.5,57.3,48.53,44.8,44.8,44.0,43.5,43.5,42.1,40.59,38.3,38.3,38.3,38.3,38.3,38.3,38.3,38.3,38.3,38.3,38.3,38.3,38.3,39.0,39.0,39.0,39.0,39.0,39.6,39.8,39.8,39.8,39.8,40.2,40.2,40.2,39.8,37.9,37.5,37.5,37.5,37.5,37.5,37.5,37.5,37.5,37.5,37.5,37.5,37.5,37.5,37.5,37.5,37.5,37.5,37.5,37.5,37.5,37.5,37.5,37.5,37.5,39.35,44.19,46.5,47.3,47.7,46.2,45.2,41.5,39.8,39.8,39.8,39.8,39.2,39.0,39.4,39.4,39.4,39.4,39.4,39.4,39.4,39.4,39.4,39.4,39.4,39.4,39.4,39.4,38.7,38.7,38.1,37.7,37.7,37.5,37.7,37.3,37.3,37.3,37.3,37.3,37.3,37.3,36.9,35.2,34.8,34.8,34.2,33.3,32.9,32.7,33.1,33.1,33.1,33.1,34.58,35.56,38.5,38.5,38.5,38.5,39.38,39.4,39.8,35.61,31.2,25.4,16.7,16.2,16.2,16.2,14.7,13.3,13.3,12.5,12.5,12.5,12.5,12.5,11.9,11.9,11.9,11.9,11.9,11.9,11.9,11.9,11.9,12.89,14.8,14.8,14.6,15.2,15.2,15.2,15.2,15.2,15.4,14.2,14.2,14.2,14.2,14.4,14.59,14.8,14.8,14.8,14.8,14.2,13.3,13.3,13.3,12.3,11.7,11.2,11.2,11.2,11.2,11.2,10.8,12.5,13.7,13.7,13.7,13.5,15.6,15.6,15.8,15.8,15.8,15.8,17.7,17.7,17.7,16.7,16.5,17.3,20.8,23.67,24.6,23.1,20.8,20.43,20.8,20.8,20.8,21.0,23.7,23.7,23.7,24.0,22.51,21.2,19.6,17.5,16.9,17.7,18.7,18.7,18.7,18.7,18.7,18.5,18.1,15.0,12.7,11.7,10.4,9.2,9.2,9.0,10.0,10.4,10.8,10.8,10.8,11.2,11.2,12.1,12.1,12.9,12.9,12.9,12.9,12.9,12.9,15.8,17.9,17.9,17.7,17.3,17.1,16.9,15.2,15.2,14.8,15.6,17.9,16.0,14.8,14.8,15.6,17.3,17.3,17.3,17.3,17.3,17.3,20.4,27.7,24.01,22.9,21.7,20.6,20.6,16.92,13.5,12.7,12.7,12.7,12.7,12.7,12.7,14.17,21.0,21.0,21.0,21.2,19.0,18.5,19.0,19.0,16.9,12.7,9.6,9.6,9.2,23.7,31.5,30.24,23.7,16.9,13.11,11.5,11.2,11.0,10.6,10.6,10.6,10.6,10.6,10.6,10.0,8.5,18.5,26.2,29.4,33.66,33.7,33.7,33.7,33.7,33.7,33.7,20.96,11.15,9.2,8.5,8.3,8.3,8.3,8.3,8.3,8.3,8.3,8.3,8.3,8.3,7.9,7.9,10.0,10.6,9.8,9.0,9.0,8.71,6.5,5.6,5.6,5.6,5.6,6.2,6.9,6.9,6.9,6.9,6.9,6.9,6.9,6.9,6.5,6.5,6.5,6.5,6.5,6.5,6.5,6.5,6.5,6.5,6.5,6.5,6.5,6.5,6.5,6.5,9.27,9.8,13.1,13.1,16.0,16.0,14.0,13.7,13.7,13.7,13.7,13.7,15.2,12.36,11.03,9.0,9.0,8.3,8.5,8.5,8.73,9.0,9.0,9.56,10.6,10.6,10.6,10.6,10.6,10.6,10.6,10.6,10.2,10.2,9.8,9.8,8.1,8.1,8.1,8.29,9.0,9.0,9.0,9.0,9.0,9.0,9.0,9.0,9.0,9.0,6.9,11.89,15.8,10.4,9.8,9.8,9.8,9.8,9.44,9.38,10.0,10.0,10.0,10.0,10.0,6.55,3.5,3.5,3.5,3.5,3.5,3.5,3.5,3.5,3.5,3.5,3.5,3.5,3.5,3.5,3.5,3.5,3.3,3.3,3.96,4.8,4.8,4.8,4.8,4.8,4.8,4.8,4.8,4.8,4.8,4.4,4.4,4.4,4.4,4.0,5.2,5.2,6.0,6.0,6.0,6.0,6.0,6.0,6.91,7.7,7.7,7.7,7.1,7.9,12.7,9.2,10.2,10.2,10.2,10.2,10.2,8.13,8.1,8.1,8.1,7.7,7.5,7.5,8.1,9.41,6.9,6.9,6.9,6.9,6.9,6.9,6.9,6.9,6.5,6.5,6.5,6.5,6.5,6.5,6.5,6.9,9.59,10.6,12.7,12.5,13.3,13.5,13.7,13.1,12.7,13.1,14.4,17.68,21.7,28.96,31.96,35.8,40.2,46.5,51.2,56.9,58.1,60.38,62.1,63.5,63.5,63.5,63.5,63.5,63.5,63.5,63.5,63.5,63.5,63.5,64.4,66.9,66.9,66.9,66.9,66.9,66.9,66.9,66.9,66.9,66.9,68.7,71.5,71.5,71.5,71.2,71.2,71.2,71.2,75.58,71.0,68.1,68.1,68.1,68.1,69.0,72.09,72.3,72.3,72.3,72.3,73.1,73.1,73.1,73.1,73.1,73.1,73.1,73.1,73.1,72.5,72.5,71.49,70.2,69.4,66.89,67.5,67.5,67.5,67.5,67.5,69.8,71.0,71.2,70.8,70.8,70.8,70.6,70.6,71.2,71.5,71.5,71.5
P116,91.7,91.7,79.2,79.2,79.2,79.3,79.3,94.4,88.9,86.1,86.1,86.1,86.1,86.1,86.1,86.1,86.1,86.1,86.1,86.1,86.1,86.1,86.1,86.1,100.0,100.0,100.0,100.0,100.0,100.0,100.0,100.0,100.0,100.0,100.0,100.0,100.0,30.07,60.5,44.4,13.4,100.0,100.0,100.0,100.0,100.0,100.0,100.0,100.0,100.0,100.0,100.0,100.0,100.0,100.0,86.4,72.7,3.1,100.0,100.0,100.0,100.0,100.0,100.0,100.0,100.0,100.0,100.0,100.0,100.0,7.4,100.0,100.0,100.0,100.0,100.0,100.0,100.0,100.0,100.0,100.0,100.0,96.8,100.0,100.0,0.0,0.0,0.0,0.0,0.0,0.0,0.0,0.0,0.0,0.0,0.0,0.0,0.0,0.0,0.0,45.1,100.0,100.0,100.0,100.0,100.0,100.0,100.0,100.0,100.0,100.0,100.0,100.0,100.0,76.9,100.0,100.0,100.0,100.0,100.0,100.0,100.0,100.0,100.0,54.57,0.0,0.0,0.0,14.0,0.0,0.0,0.0,0.0,0.0,0.0,72.46,67.3,60.2,67.29,61.6,61.6,61.6,61.6,61.6,61.6,61.6,61.6,61.6,61.6,61.6,61.6,61.6,61.6,61.6,61.6,61.6,61.6,61.6,61.6,61.6,61.6,61.6,61.6,61.6,61.6,61.6,61.6,61.6,61.6,61.6,61.6,61.6,61.6,54.3,14.7,14.7,14.7,14.7,14.7,14.7,14.7,14.7,14.7,14.7,14.7,14.7,14.7,14.7,14.7,14.7,14.7,14.7,14.7,14.7,14.7,14.7,14.7,14.7,14.7,14.7,14.7,14.7,14.7,14.7,14.7,14.7,14.7,14.7,14.7,14.7,14.7,14.7,14.7,14.7,14.7,14.7,14.7,14.7,14.7,14.7,14.7,14.7,14.7,14.7,14.7,14.7,14.7,14.7,14.7,14.7,14.7,14.7,14.7,14.7,14.7,14.7,14.7,14.7,14.7,14.7,14.7,14.7,14.7,14.7,14.7,14.7,14.7,14.7,14.7,14.7,14.7,14.7,14.7,14.7,14.7,14.7,14.7,14.7,14.7,14.7,14.7,14.7,14.7,14.7,14.7,14.7,9.9,9.9,9.9,9.9,9.9,9.9,9.9,9.9,9.9,9.9,9.9,9.9,9.9,9.9,9.9,9.9,9.9,9.9,9.9,9.9,9.9,9.9,9.9,9.9,9.9,9.9,9.9,9.9,9.9,9.9,9.9,9.9,9.9,9.9,9.9,9.9,9.9,9.9,9.9,9.9,9.9,9.9,9.9,9.9,9.9,0.0,0.0,0.0,0.0,0.0,0.0,0.0,0.0,0.0,0.0,0.0,0.0,0.0,0.0,0.0,0.0,0.0,0.0,0.0,0.0,0.0,0.0,0.0,0.0,0.0,0.0,0.0,0.0,0.0,0.0,0.0,0.0,0.0,0.0,0.0,0.0,0.0,0.0,0.0,0.0,0.0,0.0,0.0,0.0,0.0,0.0,0.0,0.0,0.0,0.0,0.0,0.0,0.0,0.0,0.0,0.0,0.0,0.0,0.0,0.0,0.0,0.0,0.0,0.0,0.0,0.0,0.0,0.0,0.0,0.0,0.0,0.0,0.0,0.0,0.0,0.0,0.0,0.0,0.0,0.0,0.0,0.0,0.0,0.0,0.0,0.0,0.0,0.0,0.0,0.0,0.0,0.0,0.0,0.0,0.0,0.0,0.0,0.0,0.0,0.0,0.0,0.0,0.0,0.0,0.0,0.0,0.0,0.0,0.0,0.0,0.0,0.0,0.0,0.0,0.0,0.0,0.0,0.0,0.0,0.0,0.0,0.0,0.0,0.0,0.0,0.0,0.0,0.0,0.0,0.0,0.0,0.0,0.0,0.0,0.0,0.0,0.0,0.0,0.0,0.0,0.0,0.0,0.0,0.0,0.0,0.0,0.0,0.0,0.0,0.0,0.0,0.0,0.0,0.0,0.0,0.0,0.0,0.0,0.0,0.0,0.0,0.0,0.0,0.0,0.0,0.0,0.0,0.0,0.0,0.0,0.0,0.0,0.0,0.0,0.0,0.0,0.0,0.0,0.0,0.0,0.0,0.0,0.0,0.0,0.0,0.0,0.0,0.0,0.0,0.0,0.0,0.0,0.0,0.0,0.0,0.0,0.0,0.0,0.0,0.0,0.0,0.0,0.0,0.0,0.0,0.0,0.0,0.0,0.0,0.0,0.0,0.0,0.0,0.0,0.0,0.0,0.0,0.0,0.0,0.0,0.0,0.0,0.0,0.0,0.0,0.0,0.0,0.0,0.0,0.0,0.0,0.0,0.0,0.0,0.0,0.0,0.0,0.0,0.0,0.0,0.0,0.0,0.0,0.0,0.0,0.0,0.0,0.0,0.0,0.0,0.0,0.0,0.0,0.0,0.0,0.0,0.0,0.0,0.0,0.0,0.0,0.0,0.0,0.0,0.0,0.0,0.0,0.0,0.0,0.0,3.5,0.0,0.0,0.0,0.0,0.0,0.0,0.0,0.0,0.0,0.0,0.0,0.0,0.0,0.0,0.0,0.0,0.0,0.0,0.0,0.0,0.0,0.0,0.0,0.0,0.0,0.0,0.0,0.0,0.0,0.0,0.0,0.0,0.0,0.0,0.0,0.0,0.0,0.0,0.0,0.0,0.0,0.0,0.0,0.0,0.0,0.0,0.0,0.0,0.0,0.0,0.0,0.0,0.0,0.0,0.0,0.0,0.0,0.0,0.0,0.0,0.0,0.0,0.0,0.0,0.0,0.0,0.0,0.0,0.0,0.0,0.0,0.0,0.0,0.0,0.0,0.0,0.0,0.0,0.0,0.0,0.0,0.0,0.0,0.0,0.0,0.0,0.0,0.0,0.0,0.0,0.0,0.0,0.0,0.0,0.0,0.0,0.0,0.0,0.0,0.0,0.0,0.0,0.0,0.0,0.0,0.0,0.0,0.0,0.0,0.0,0.0,0.0,0.0,0.0,0.0,0.0,0.0,0.0,0.0,0.0,0.0,0.0,0.0,0.0,0.09,62.0,70.7,61.68,58.5,54.49,98.5,100.0,100.0,100.0,100.0,100.0,100.0,100.0,100.0,100.0,100.0,100.0,100.0,100.0,100.0,100.0,100.0,100.0,100.0,100.0,100.0,100.0,100.0,100.0,100.0,100.0,100.0,100.0,100.0,100.0,100.0,100.0,100.0,100.0,100.0,100.0,100.0,100.0,100.0,100.0,100.0,100.0,100.0,100.0,100.0,100.0,100.0,100.0,100.0,100.0,100.0,100.0,100.0,100.0,100.0,86.18,22.4,13.4,13.4,13.4,13.4,13.4,13.4,13.4,13.4,13.4,13.4,13.4,13.4,13.4,13.4,13.4,13.4,13.4,13.4,13.4,13.4,13.4,13.4,13.4,13.4,13.4,13.4,13.4,13.4,13.4,13.4,13.4,13.4,13.4,13.4,12.84,4.6,6.3,6.3,6.3
P117,49.4,47.9,47.9,47.9,52.5,51.0,49.6,49.6,49.4,48.8,49.0,48.8,52.22,52.7,52.1,52.3,52.3,52.3,52.3,47.98,45.6,45.6,45.6,38.8,54.8,52.5,51.9,51.9,51.7,52.5,52.5,52.5,51.5,51.2,51.4,52.7,52.7,67.91,71.0,71.2,71.2,71.2,72.2,71.91,59.33,54.8,54.1,52.38,51.2,61.46,69.1,69.1,69.1,69.1,71.31,77.52,79.5,79.5,79.5,81.7,86.89,90.9,90.14,71.07,54.1,53.3,51.2,51.0,51.7,48.98,50.0,50.0,50.0,67.4,68.7,68.7,68.7,68.7,70.5,72.37,73.9,73.9,73.9,73.53,68.1,69.5,71.47,74.3,75.5,75.5,74.9,74.1,74.1,73.4,73.4,72.8,71.8,71.0,71.72,75.28,77.0,78.0,74.1,73.4,75.2,76.8,75.9,72.4,72.6,72.6,72.6,72.6,72.6,72.6,72.6,66.57,55.68,55.6,55.6,55.6,55.6,55.6,55.6,55.6,55.6,55.6,56.2,54.4,27.86,18.5,18.5,18.5,18.5,18.5,0.27,0.0,0.4,0.4,0.4,0.2,5.23,7.15,3.1,5.05,0.62,0.13,0.0,0.0,13.42,36.3,49.2,49.4,47.3,49.04,50.6,50.6,50.6,50.6,50.6,50.6,47.5,48.46,44.83,40.9,33.81,28.6,28.6,30.46,51.4,50.6,50.0,51.0,51.0,51.0,51.0,51.0,51.0,51.0,51.0,52.3,52.3,52.3,52.3,52.3,52.3,52.3,52.5,52.5,52.5,52.5,52.5,52.13,52.1,52.1,52.3,55.2,55.6,60.0,66.8,66.8,66.8,66.8,66.8,74.19,74.7,74.7,74.7,74.7,80.3,79.96,79.5,71.73,57.52,51.9,51.9,51.9,52.1,49.2,50.17,50.2,50.2,50.2,50.6,62.9,68.21,69.7,69.9,71.0,71.0,71.0,71.0,71.0,71.0,71.0,67.4,55.11,54.1,52.5,51.9,51.9,51.9,51.9,51.9,51.9,51.9,51.9,51.9,51.62,50.4,50.4,50.4,50.4,50.4,50.4,50.4,50.4,50.34,50.2,50.2,50.2,51.2,50.4,50.6,50.8,50.8,50.8,50.8,50.8,50.8,50.8,51.0,51.0,51.0,51.0,51.0,51.0,51.0,51.0,51.0,51.0,51.0,51.0,51.0,51.0,51.0,51.0,51.0,51.0,51.0,53.16,71.12,86.1,100.0,100.0,100.0,100.0,96.0,90.2,90.2,90.2,90.2,91.1,91.1,89.28,100.0,100.0,44.26,24.5,21.54,21.4,21.4,26.8,28.24,31.9,31.38,0.0,0.0,1.5,2.5,2.7,3.7,0.0,0.0,0.0,0.0,0.0,0.0,0.0,2.77,32.2,35.3,38.2,62.7,7.7,21.01,29.68,12.83,2.5,2.5,68.76,100.0,100.0,100.0,100.0,100.0,100.0,99.83,99.6,99.6,99.6,99.6,99.6,99.6,99.6,99.6,99.6,99.6,99.6,99.4,99.4,99.4,99.4,99.4,99.4,99.4,100.0,99.8,40.52,0.0,4.2,9.3,9.5,0.0,0.0,0.0,3.3,3.9,0.0,0.0,0.0,0.0,0.0,0.0,0.0,0.0,0.0,9.1,0.0,0.0,0.0,3.09,3.1,5.4,5.4,5.13,0.0,0.0,0.0,0.0,0.0,0.0,0.0,0.0,0.0,0.0,0.0,0.0,0.0,0.0,0.0,0.0,0.0,0.0,0.0,0.0,0.0,0.0,0.0,0.0,0.0,0.0,0.0,0.0,0.0,0.0,0.0,0.0,0.2,0.8,8.53,11.6,12.35,1.47,48.16,52.1,30.5,29.7,25.5,20.32,14.7,14.7,22.2,45.26,46.65,21.2,58.3,0.0,0.0,0.0,0.0,0.0,0.0,0.0,0.0,1.07,0.0,0.0,0.0,0.0,0.0,0.0,0.0,3.08,25.99,50.64,60.65,63.7,64.5,64.99,67.4,67.4,67.4,67.4,67.4,67.4,67.4,73.32,84.6,82.32,68.46,48.37,44.8,36.07,0.0,0.0,0.0,0.0,0.0,0.0,0.0,0.0,0.0,0.0,0.0,0.0,0.0,0.0,0.0,0.0,0.0,0.0,3.72,23.7,23.7,54.77,72.6,72.6,15.4,14.66,0.0,0.0,0.0,5.98,59.26,66.0,67.6,70.5,70.7,80.22,88.45,66.83,16.4,20.5,18.0,18.0,18.0,18.33,15.47,20.1,0.92,0.0,12.47,28.08,0.0,0.0,0.0,0.0,0.0,0.0,0.0,0.0,0.0,0.0,0.0,3.67,43.33,52.9,33.6,33.6,33.6,33.6,33.6,33.6,33.4,33.8,45.15,56.0,56.0,56.0,56.0,56.0,56.0,56.0,56.0,56.6,54.4,53.5,53.5,53.23,54.8,53.77,73.94,74.3,65.19,70.7,40.95,18.23,12.7,12.5,12.5,12.5,0.0,0.0,0.0,0.0,0.0,0.0,0.0,0.0,0.0,0.0,0.0,0.0,0.0,0.0,16.2,16.0,24.47,25.7,34.7,73.12,74.9,76.27,85.4,91.3,91.3,63.9,59.3,59.3,59.5,48.5,47.5,47.3,47.3,47.3,47.3,53.1,41.69,19.58,18.5,8.31,0.0,0.0,0.0,0.0,0.36,5.5,12.94,0.67,0.0,0.93,0.37,3.42,0.19,0.0,6.16,8.72,0.85,1.21,4.3,0.51,10.6,26.58,0.1,0.93,3.93,1.85,6.91,0.19,36.62,74.2,86.89,93.2,93.1,13.4,6.12,1.4,26.04,77.68,84.4,84.4,84.4,84.24,98.01,99.8,99.6,99.6,88.0,88.0,88.0,88.0,32.33,79.5,79.2,79.2,69.28,70.72,73.26,73.6,73.6,53.44,14.79,31.3,62.0,42.65,51.7,36.33,18.0,50.2,100.0,100.0,99.8,44.2,46.9,49.0,91.77,94.0,94.0,94.0,94.0,94.0,94.0,94.0,94.0,94.0,94.07,90.52,90.0,93.35,92.3,92.3,100.0,99.6,93.52,93.17,93.4,93.49,92.5,90.93,90.0,87.67,85.46,85.3,86.9,85.51,81.1,81.1,81.1,81.1,81.1,81.1,81.1,81.1,81.1,81.1,81.1,81.1,91.9,95.98,72.44,55.21,54.4,54.4,54.4,54.4,54.4,28.47,28.2,28.2,28.2,28.2,24.62,23.9,23.9,23.9,23.9,23.9,48.36,48.93,48.3,48.3,47.9,47.9,47.9,49.12,48.3,46.7,48.5,47.7,46.7,45.2,43.6,43.6,43.6,43.6,43.6,45.09,48.3,47.9,53.55,70.96,72.2,71.6,70.47,74.16,77.2,70.1,68.0,67.6,67.6,67.6,92.82,97.7,100.0,100.0,99.86,99.6,100.0,100.0,100.0,100.0,100.0,100.0,100.0,100.0,99.43,99.4,100.0
P118,65.6,65.6,65.6,65.1,65.1,65.1,65.1,65.1,65.6,64.5,64.5,64.5,64.5,65.74,69.9,69.9,69.9,69.9,69.9,69.9,69.9,69.9,69.9,69.9,69.9,69.9,69.9,69.9,69.9,69.9,69.9,69.9,69.9,69.9,69.9,69.9,69.9,69.9,69.9,69.9,69.9,69.9,69.9,69.9,69.9,69.9,70.4,71.9,71.9,71.3,71.3,71.6,70.78,68.5,68.5,68.5,68.5,68.5,68.5,68.5,69.6,69.6,69.6,69.6,69.6,71.9,70.1,70.1,70.1,70.1,70.1,70.1,70.1,70.1,70.1,70.1,70.1,70.1,70.1,70.1,70.1,70.1,70.1,70.1,70.1,70.1,70.1,70.1,70.1,70.1,70.1,70.1,70.1,70.1,70.1,70.1,72.34,80.9,80.9,80.9,80.9,80.9,80.9,80.9,80.9,80.9,80.9,80.9,80.9,80.9,80.9,80.9,80.9,80.9,80.9,80.9,80.9,80.9,80.9,80.9,80.9,80.9,80.9,80.9,80.9,80.9,80.9,80.9,80.9,80.9,80.9,80.9,80.9,80.9,80.9,80.9,80.9,80.9,80.9,80.9,80.9,80.9,80.9,80.9,80.9,80.9,80.9,80.9,80.9,80.9,80.9,80.9,80.9,80.9,80.9,80.9,80.9,80.9,80.9,80.9,80.9,80.9,80.9,80.9,80.9,80.9,80.9,80.9,80.9,80.9,80.9,80.9,80.9,80.9,80.9,76.04,33.73,27.93,23.3,23.3,23.3,29.23,22.5,22.5,22.7,22.7,22.7,22.7,22.7,22.7,22.7,19.58,19.1,19.1,19.1,19.1,19.1,19.1,19.1,19.1,19.1,19.1,19.1,19.1,19.1,19.1,19.1,19.1,19.1,19.1,19.1,19.1,19.1,19.1,19.1,19.1,19.1,19.1,19.1,19.1,19.1,19.1,19.1,19.1,19.1,19.1,19.1,19.1,19.1,19.1,19.1,19.1,19.1,19.1,18.4,20.1,20.1,20.1,20.1,20.1,20.1,20.1,20.1,20.1,20.1,20.1,21.88,25.2,25.2,25.2,25.2,25.2,25.2,25.2,25.2,25.2,25.2,25.2,25.2,25.2,25.2,25.2,25.2,25.2,25.2,25.2,25.2,25.2,25.2,25.2,25.2,25.2,25.2,25.2,25.2,25.2,25.2,25.2,25.2,25.2,25.2,25.2,25.2,25.2,25.2,25.2,25.2,25.2,25.2,25.2,25.2,25.2,25.2,25.2,25.2,25.2,25.2,25.2,25.2,25.2,25.2,25.2,25.2,25.2,25.2,25.2,25.2,25.2,25.2,25.2,25.2,25.2,25.2,25.2,25.2,25.2,25.2,25.2,25.2,25.2,25.2,25.2,25.2,25.2,25.2,25.2,25.2,25.2,25.2,25.2,25.2,26.42,23.3,23.5,17.1,17.1,17.1,17.1,17.1,17.1,17.1,17.1,17.1,17.1,17.1,17.1,17.1,17.1,17.1,17.1,17.1,17.1,17.1,17.1,17.1,17.1,17.1,17.1,17.1,17.1,17.1,17.1,17.1,17.1,17.1,17.1,17.1,17.1,17.1,17.1,17.1,17.1,17.1,17.1,17.1,17.1,17.1,17.1,17.1,17.1,17.1,17.1,17.1,17.1,17.1,17.1,17.1,17.1,17.1,17.1,17.1,17.1,17.1,17.1,17.1,17.1,17.1,17.1,17.1,17.1,17.1,17.1,17.1,17.1,17.1,17.1,17.1,17.1,17.1,17.1,17.1,17.1,17.1,17.1,17.1,17.1,17.1,17.1,17.1,17.1,17.1,17.1,17.1,17.1,17.1,17.1,17.1,17.1,17.1,17.1,17.1,17.1,19.4,19.4,19.4,19.4,19.4,19.4,19.4,19.4,19.4,19.4,19.4,19.4,19.4,19.4,19.4,19.4,19.4,19.4,19.4,19.4,19.4,19.4,19.4,19.4,19.4,20.4,21.3,21.3,21.3,21.3,21.3,21.3,21.3,21.3,21.3,21.3,21.3,21.3,21.3,21.3,21.3,21.3,21.3,21.3,21.3,21.3,21.3,21.3,21.3,21.3,21.3,21.3,21.3,21.3,21.3,21.3,21.3,21.3,21.3,21.3,21.3,21.3,21.3,21.3,21.3,21.3,21.3,21.3,21.3,21.3,21.3,21.3,21.3,21.3,21.3,21.3,21.3,21.3,21.3,21.9,21.9,21.9,21.9,21.9,21.9,21.9,21.9,21.9,21.9,21.9,21.9,21.9,21.9,21.9,21.9,21.9,21.9,21.9,21.9,21.9,21.9,21.9,21.9,21.9,21.9,21.9,21.9,21.9,21.9,21.9,21.9,21.9,21.9,21.9,21.9,21.9,21.9,21.9,22.67,23.3,27.5,27.5,26.12,18.1,18.12,18.4,18.4,18.4,18.4,18.4,18.4,18.4,18.4,18.4,18.4,18.4,18.4,18.4,18.4,18.4,18.4,18.4,18.4,18.4,18.4,18.4,18.4,18.4,18.4,18.4,18.4,18.4,18.4,18.4,18.4,18.4,18.4,18.4,18.4,18.4,18.4,18.4,18.4,18.4,18.4,18.4,18.4,18.4,18.4,18.4,18.4,18.4,18.4,18.4,18.4,18.4,18.4,18.4,18.4,18.4,18.4,18.4,18.4,18.4,18.4,18.4,18.4,18.4,18.4,18.4,18.4,18.4,18.4,18.4,18.4,18.4,18.4,13.9,13.9,13.9,13.9,13.9,10.6,10.6,10.6,10.6,10.6,10.6,10.6,10.6,10.6,10.6,10.6,10.6,10.6,10.6,10.6,10.6,10.6,10.6,10.6,10.6,10.6,10.6,10.6,10.6,10.6,10.6,10.6,10.6,10.6,10.6,10.6,10.6,10.6,10.6,10.6,10.6,10.6,10.6,10.6,10.6,10.6,10.6,10.6,10.6,10.6,10.6,10.6,10.6,10.6,10.6,10.6,10.6,10.6,10.6,10.6,10.6,10.6,10.6,10.6,10.6,10.6,10.6,10.6,10.6,10.6,10.6,10.6,10.6,10.6,10.6,10.6,10.6,10.59,14.8,16.4,21.9,25.9,25.9,25.9,25.9,27.5,27.5,29.8,42.3,42.3,42.3,33.8,33.8,33.8,33.8,33.8,33.8,33.8,50.89,58.8,58.8,50.5,46.6,43.5,43.5,43.5,43.5,43.5,43.5,43.5,43.5,43.5,43.5,43.5,43.5,43.5,43.5,43.5,43.5,43.5,43.5,43.5,43.5,43.5,43.5,43.5,43.5,43.5,43.5,43.52,44.01,56.3,56.3,56.3,56.3,56.3,57.14,58.8,62.2,68.2,61.6,58.2,57.6,57.6,57.6,57.6,57.6,57.6,57.6,57.6,57.6,57.6,57.6,57.6,57.6,57.6,57.6,57.6,57.6,57.6,57.6,57.6,57.6,57.6,57.6,57.6,58.0,58.0,60.0,60.0,60.0,60.0,60.0,60.0,60.0,60.0,60.0,60.0,60.0
P119,4.0,4.0,4.0,4.0,4.0,4.2,5.2,5.2,33.79,47.3,55.4,57.9,58.1,58.1,58.1,58.1,58.1,58.1,58.1,58.1,58.1,55.72,51.5,51.5,51.5,51.5,51.5,51.5,51.5,51.5,51.5,51.5,51.5,40.26,23.83,23.8,23.8,23.8,29.14,33.5,33.5,33.5,33.5,33.5,32.7,32.7,32.7,36.9,36.9,36.9,36.9,36.9,36.9,36.9,36.9,36.9,36.9,36.9,36.9,36.0,34.0,27.7,27.7,27.7,27.7,27.7,27.7,27.7,27.7,27.7,27.7,27.7,27.7,54.03,61.2,61.2,61.2,61.2,61.2,61.2,61.2,61.2,61.2,61.2,61.2,61.2,61.2,61.2,62.1,64.0,64.0,64.0,64.0,64.0,64.0,64.0,64.0,64.0,64.0,64.0,64.0,64.0,64.0,32.1,32.1,26.11,27.9,27.9,27.9,27.9,27.9,27.9,27.9,27.9,27.9,16.2,8.3,8.3,8.3,8.3,8.3,8.3,8.3,8.3,8.3,8.3,8.3,8.3,11.49,3.1,1.5,1.5,1.5,1.49,0.0,0.0,0.0,0.0,0.0,0.0,0.0,0.0,0.0,0.0,0.0,0.0,0.0,0.0,0.0,0.0,0.0,0.0,0.0,0.0,0.0,0.0,0.0,0.0,0.0,0.0,0.0,0.0,0.6,0.0,0.0,0.0,0.0,0.0,0.0,0.0,0.0,0.0,0.0,0.0,0.0,0.0,0.0,0.0,0.0,0.0,0.0,0.0,0.0,0.0,0.0,0.0,0.0,0.0,0.0,0.0,0.0,0.0,0.0,0.0,0.0,0.0,0.0,0.0,0.0,1.63,19.2,20.82,34.8,26.08,18.7,18.7,18.7,18.7,18.7,18.7,18.7,18.7,18.7,18.7,18.7,9.6,8.1,8.1,8.1,8.1,8.1,8.1,34.99,39.6,39.6,39.6,39.6,39.6,39.6,64.0,64.0,55.8,54.2,54.2,54.2,54.2,54.2,54.21,55.4,55.4,55.4,55.4,55.4,47.7,36.3,27.7,26.7,26.7,26.7,26.7,26.7,26.7,26.7,26.7,26.7,26.7,26.7,26.7,26.7,26.7,26.7,26.7,26.7,26.7,26.7,26.7,26.7,26.7,26.7,26.7,26.7,26.7,26.7,26.7,10.53,7.3,4.2,4.2,4.2,4.2,4.2,4.2,4.2,4.2,4.2,4.2,4.2,4.2,4.2,4.2,4.2,4.2,20.16,29.73,34.6,34.6,34.6,34.6,34.6,34.6,34.6,34.6,34.6,34.6,34.6,34.6,34.6,34.6,34.6,34.6,34.6,34.6,34.6,34.6,34.6,32.9,23.8,23.8,25.4,24.2,23.8,23.8,23.8,22.13,21.9,21.9,21.9,21.9,21.9,21.9,21.9,21.9,21.9,21.9,21.9,10.0,10.0,10.0,10.0,10.0,46.66,49.6,49.6,49.6,49.6,28.5,28.5,28.5,28.5,28.5,28.5,28.5,28.5,28.5,28.5,28.5,28.5,28.5,28.5,0.0,0.0,0.0,0.0,0.0,0.0,0.0,0.0,0.0,0.0,0.0,0.0,0.0,0.0,4.8,4.8,4.8,2.3,2.3,2.3,2.3,2.3,2.3,2.3,2.3,2.3,2.3,2.3,0.8,2.1,2.1,2.1,2.1,2.1,2.1,2.1,2.1,2.1,2.1,2.1,2.1,2.1,2.1,2.1,2.1,2.1,2.1,2.1,2.1,2.1,2.1,2.1,2.1,2.1,2.1,2.1,2.1,2.1,2.1,2.1,2.1,1.7,8.79,18.04,22.1,22.1,22.1,22.1,22.1,26.2,26.2,26.2,26.2,26.2,26.2,26.2,26.2,26.2,26.2,26.2,53.7,28.3,28.3,28.3,28.3,28.3,28.3,28.3,28.3,28.3,28.3,28.3,28.3,28.3,28.3,28.3,28.3,28.3,28.3,28.3,28.3,28.3,28.3,28.3,28.3,28.3,28.3,28.3,28.3,28.3,28.3,28.3,28.3,28.3,27.1,27.1,27.1,48.01,51.2,51.2,51.2,45.04,42.9,42.9,42.9,41.7,38.7,38.7,38.7,38.7,38.7,38.7,38.7,38.7,38.7,38.7,24.1,17.9,17.9,17.9,17.9,17.9,17.9,17.9,17.9,17.9,17.9,17.9,17.9,17.9,17.9,17.9,17.9,17.9,17.9,17.9,17.9,17.9,17.9,17.9,31.69,37.1,37.1,37.1,37.1,37.1,37.1,37.1,37.1,37.1,37.1,37.1,48.3,48.3,48.3,48.3,48.3,48.3,48.3,48.3,48.3,48.3,41.9,41.9,41.9,41.9,41.9,41.9,41.9,41.9,41.9,41.9,41.9,41.9,41.9,41.9,41.9,41.5,41.2,41.2,41.2,41.2,41.2,41.2,41.2,41.2,41.2,41.2,41.2,41.2,41.2,41.2,41.2,41.0,40.8,41.19,41.9,49.16,49.2,49.2,49.2,49.2,49.2,49.2,49.2,49.2,49.2,49.2,49.2,49.2,49.2,49.2,49.2,49.2,49.2,47.1,30.18,27.1,27.1,27.1,27.1,27.1,27.1,27.1,27.1,27.1,27.1,27.1,27.1,27.1,38.3,39.4,45.0,45.0,45.0,45.0,45.0,45.0,42.75,24.4,24.2,24.2,24.2,24.2,24.2,24.2,24.2,15.85,10.8,14.6,15.0,15.0,15.0,15.0,15.0,15.0,15.0,15.0,21.7,46.0,49.4,49.4,49.4,49.4,49.4,49.4,49.4,49.4,49.4,49.4,49.4,48.01,45.6,48.1,48.5,48.5,48.5,48.5,48.5,48.5,48.5,48.5,48.5,48.5,48.5,48.5,48.5,48.5,48.5,48.5,48.5,48.5,48.5,48.5,48.5,51.7,53.79,54.4,54.2,54.2,54.2,54.2,54.2,54.2,43.79,43.8,43.8,43.8,43.8,43.8,43.8,43.8,49.14,51.7,51.7,51.7,51.7,51.7,51.7,51.7,51.7,51.7,51.7,51.7,51.7,51.7,51.7,51.7,51.7,51.7,51.7,51.7,50.0,51.68,51.7,50.8,34.59,16.53,14.2,10.8,22.7,9.8,9.8,9.8,9.8,9.8,9.8,9.8,9.8,9.8,9.8,9.8,9.8,9.8,9.8,9.8,24.56,37.89,44.8,44.8,44.8,44.8,44.8,44.8,35.67,31.96,16.3,13.1,14.0,14.0,14.0,14.0,14.0,14.0,14.0,0.0,0.0,0.0,0.0,0.0,0.0,0.0,0.0,0.0,0.0,0.0,0.0,0.0,0.0,0.0,0.0,0.0,0.0,0.0,0.0,0.0,0.0,0.0,0.0,0.0,0.0,0.0,0.0,0.0,0.0,0.0,0.0,0.0,12.3,11.3,26.3,26.3,26.3,26.3,26.3,26.3,26.3,26.3,26.3,26.3,26.3,19.4,26.0,26.0,26.0,26.0,26.0,26.0,26.0
P120,47.3,48.98,49.2,49.9,49.9,60.3,71.1,71.1,69.2,69.2,69.2,69.2,69.2,69.0,69.0,72.7,72.7,72.7,72.7,72.7,72.7,72.7,72.7,72.7,72.7,72.7,70.5,62.9,61.4,59.7,59.7,58.8,58.8,58.8,58.8,58.8,58.8,58.8,58.8,58.8,58.8,58.4,58.4,57.7,57.7,57.7,57.7,57.7,57.7,57.7,57.7,57.7,66.2,60.3,60.3,60.3,59.9,59.9,59.9,59.7,59.7,63.29,63.3,63.3,63.6,64.4,64.4,64.4,64.4,64.4,62.0,61.6,62.3,62.3,62.3,64.9,64.9,64.0,62.9,62.9,62.9,62.9,62.56,49.5,49.2,60.67,72.0,72.0,72.0,72.0,72.0,72.0,72.0,72.0,72.0,72.0,72.0,72.0,72.0,72.0,72.0,72.0,72.0,72.0,72.0,70.3,70.9,70.9,70.9,70.9,70.9,70.9,70.9,70.9,70.9,70.9,70.9,65.9,63.8,63.8,63.8,62.9,62.9,56.41,51.44,49.9,50.5,50.5,50.5,50.5,50.5,33.59,22.1,22.1,25.8,19.1,19.1,19.1,19.1,19.1,19.1,19.1,19.1,19.1,19.1,19.1,19.1,19.1,7.04,3.9,3.9,3.9,3.9,4.1,34.28,52.9,52.9,52.9,52.9,52.9,52.9,52.9,52.9,52.9,52.9,52.9,52.9,52.9,52.9,52.58,32.5,40.8,40.8,43.06,5.43,0.9,0.9,0.9,0.0,0.0,0.0,0.0,0.0,0.0,0.0,0.0,0.0,7.52,8.0,8.0,8.0,8.0,8.0,8.0,44.3,50.5,50.8,50.8,50.8,50.8,50.8,50.8,50.8,50.8,50.8,50.8,50.8,50.8,50.8,50.8,50.8,50.8,50.8,50.8,50.8,50.8,50.8,59.9,59.9,58.63,57.0,57.0,57.23,62.5,62.9,62.9,62.9,62.9,62.9,62.9,62.9,62.9,62.9,62.9,62.9,62.9,62.9,62.9,62.9,62.9,62.9,67.0,72.9,75.5,77.0,77.0,77.0,77.0,77.0,77.0,77.0,77.0,77.0,77.0,77.0,77.0,77.0,77.0,67.0,73.3,85.9,85.9,85.9,85.9,85.9,85.9,85.9,85.9,85.9,85.9,85.9,82.92,79.2,79.2,79.2,79.2,79.2,79.2,79.2,79.2,79.2,79.2,79.2,79.2,79.2,79.2,79.2,79.2,79.2,79.2,74.85,65.1,63.1,62.7,62.3,62.3,62.3,62.3,62.3,62.3,62.3,62.3,62.3,62.3,62.3,62.3,62.3,61.0,61.0,61.0,61.0,61.0,61.0,61.0,61.0,61.0,61.0,61.0,61.0,61.0,61.0,61.0,61.0,61.0,61.0,61.0,61.0,61.0,61.0,61.0,61.0,61.0,59.92,54.9,54.9,54.9,53.1,53.1,51.8,50.5,50.1,50.1,50.1,50.1,50.1,50.1,50.1,50.1,50.1,50.1,50.1,50.1,50.1,50.1,50.1,50.1,50.1,50.1,50.1,50.1,50.1,50.1,50.1,50.1,50.1,50.1,50.1,50.1,50.1,50.1,45.34,36.4,30.4,30.2,30.2,30.2,30.2,30.2,49.7,50.5,39.7,18.4,16.5,16.5,16.5,16.5,16.5,16.5,16.5,16.3,16.3,16.3,16.3,16.68,16.9,5.0,3.5,2.8,0.35,0.0,0.0,0.0,0.0,0.0,0.0,0.0,0.0,0.0,0.0,0.0,0.0,0.0,0.88,1.5,1.5,1.5,1.5,1.5,1.5,14.5,30.8,11.7,11.7,11.7,11.7,11.7,11.7,11.7,11.7,14.3,14.3,14.3,14.3,14.3,14.3,14.3,13.7,10.07,4.3,3.0,2.8,2.8,2.8,2.8,2.8,2.8,2.8,2.8,2.8,0.0,0.0,0.0,0.0,0.0,0.0,0.0,0.0,0.0,0.9,0.9,0.9,0.4,0.2,0.2,0.2,0.0,3.5,21.0,39.85,42.1,42.1,42.1,42.3,42.3,42.3,42.3,39.01,39.3,39.3,39.3,39.3,39.3,39.3,39.3,39.3,39.3,39.3,39.3,39.3,39.3,39.3,39.3,30.2,30.2,30.2,30.2,30.2,30.2,30.2,17.1,11.3,11.3,11.3,11.3,11.3,11.3,11.3,11.3,11.3,8.5,10.0,10.0,11.28,19.3,14.1,18.2,18.2,18.2,18.0,18.0,18.0,17.8,17.6,17.6,17.6,17.6,23.61,40.78,47.1,47.1,4.6,0.0,0.0,0.0,0.0,0.0,0.0,0.0,0.0,0.0,0.0,0.0,0.0,0.0,0.0,0.0,6.3,6.5,6.5,6.5,6.5,6.5,6.5,6.5,6.5,6.5,6.5,6.5,6.5,6.5,6.5,13.0,20.8,23.4,23.4,23.4,23.4,23.4,24.28,28.0,28.0,28.0,28.0,12.8,0.0,0.0,0.0,0.0,0.0,0.0,0.0,0.0,0.0,0.0,0.0,0.0,0.0,0.0,0.0,0.0,0.0,0.0,0.0,0.0,34.36,47.1,47.1,47.1,48.4,47.1,46.6,46.6,46.6,46.6,46.6,46.6,46.6,46.6,46.6,46.6,46.6,46.6,46.6,46.6,46.6,46.6,46.6,11.3,12.1,12.1,12.1,12.1,12.1,9.1,0.0,0.0,0.0,0.0,0.0,0.0,0.0,0.0,0.0,0.0,0.0,0.0,0.0,0.0,0.0,0.0,2.23,0.0,0.0,0.0,0.0,0.0,0.0,0.0,0.0,0.0,0.0,0.0,0.0,0.0,0.0,0.0,0.0,0.0,0.0,0.0,0.0,0.0,0.0,0.0,0.0,0.0,0.0,0.0,0.0,0.0,0.0,0.0,18.9,35.5,49.9,51.6,51.6,51.6,51.6,51.6,51.6,67.7,71.59,71.6,71.6,71.6,71.6,71.6,70.7,70.7,70.7,76.8,79.0,100.0,100.0,100.0,100.0,100.0,99.6,99.6,99.6,99.6,99.6,99.6,99.6,99.6,99.6,99.6,99.6,99.6,99.6,99.6,99.6,99.6,99.6,99.6,99.6,99.6,99.6,99.6,99.6,99.6,100.0,100.0,100.0,100.0,100.0,100.0,100.0,100.0,100.0,100.0,100.0,100.0,68.15,54.21,52.7,52.7,52.7,52.7,52.7,52.7,52.7,52.7,52.7,52.7,52.7,52.7,52.7,52.7,52.7,55.06,59.9,59.9,62.5,64.9,64.9,64.9,71.09,75.3,75.3,75.3,75.3,75.3,75.3,75.3,75.3,75.3,75.3,75.5,75.5,75.5,63.8,51.0,50.3,50.3,50.3,50.3,50.3,50.3,50.3,50.3,50.3,50.3,50.3,50.3,50.3,50.3,50.3,50.3,50.3,50.3,50.3,50.3,52.3,67.0,67.0,72.18,75.3,76.4,76.4,77.2,77.4,77.4,77.4,77.4,77.4,77.4
P121,52.8,43.16,44.0,37.91,64.8,72.9,29.34,22.9,25.0,38.7,32.6,35.0,34.0,38.91,49.8,50.69,68.7,68.7,68.7,68.7,67.57,58.1,58.1,58.1,55.8,55.3,55.3,54.4,51.8,65.7,66.63,67.4,67.4,67.4,67.4,67.4,67.4,69.2,69.2,69.2,76.2,76.2,76.2,76.2,76.2,76.2,76.2,76.2,76.2,76.2,76.2,76.2,76.2,76.2,76.2,76.2,76.2,76.2,76.2,76.2,76.2,76.2,76.2,76.2,76.2,76.2,76.2,76.2,76.2,76.2,76.2,76.2,76.2,76.2,76.2,76.2,76.2,76.2,76.2,76.2,76.2,76.2,76.2,76.2,76.2,76.2,76.2,76.2,76.2,76.2,72.9,72.9,72.9,72.9,72.9,72.9,72.9,72.9,72.9,72.9,72.9,72.9,72.9,72.9,72.9,72.9,72.9,72.9,72.9,72.9,72.9,72.9,72.9,72.9,72.9,72.9,72.9,72.9,72.9,72.9,72.9,72.9,72.9,72.9,72.9,72.9,72.9,72.9,72.9,72.9,72.9,72.9,72.9,72.9,72.9,72.9,72.9,72.9,72.9,72.9,72.9,72.9,72.9,72.9,72.9,72.9,72.9,72.9,72.9,72.9,72.9,72.9,72.9,72.9,72.9,72.9,72.9,72.9,72.9,80.3,75.2,75.2,75.2,72.5,72.5,72.5,72.5,72.5,72.5,72.5,72.5,72.5,72.5,72.5,72.5,72.5,75.56,73.1,73.1,73.1,73.1,73.1,73.1,73.1,73.1,73.1,73.1,73.1,73.1,73.1,73.1,73.1,73.1,73.1,73.1,73.1,73.1,73.1,73.1,73.1,73.1,73.1,73.1,73.1,73.1,73.1,73.1,73.1,73.1,73.1,73.1,73.1,73.1,73.1,73.1,73.1,73.1,73.1,73.1,73.1,73.1,73.1,73.1,73.1,73.1,73.1,73.1,73.1,73.1,73.1,73.1,73.1,73.1,73.1,73.1,73.1,73.1,73.1,73.1,73.1,73.1,73.1,73.1,73.1,73.1,73.1,73.1,73.1,73.1,73.1,73.1,73.1,73.1,73.1,73.1,73.1,73.1,73.1,73.1,73.1,73.1,73.1,73.1,73.1,73.1,73.1,73.1,73.1,73.1,73.1,73.1,73.1,73.1,73.1,73.1,73.1,73.1,73.1,73.1,73.1,73.1,73.1,73.1,73.1,73.1,73.1,73.1,73.1,73.1,73.1,73.1,73.1,73.1,73.1,73.1,73.1,73.1,73.1,73.1,73.1,73.1,73.1,73.1,73.1,73.1,73.1,73.1,73.1,73.1,73.1,73.1,73.1,73.1,73.1,73.1,73.1,73.1,73.1,73.1,73.1,73.1,73.1,73.1,73.1,73.1,73.1,73.1,73.1,73.1,73.1,73.1,73.1,73.1,73.1,73.1,73.1,73.1,73.1,73.1,73.1,73.1,73.1,73.1,73.1,73.1,73.1,73.1,73.1,73.1,73.1,73.1,73.1,73.1,73.1,73.1,73.1,73.1,73.1,73.1,73.1,73.1,73.1,73.1,73.1,73.1,73.1,73.1,73.1,73.1,73.1,73.1,73.1,73.1,73.1,73.1,73.1,73.1,73.1,73.1,73.1,73.1,73.1,73.1,73.1,73.1,73.1,73.1,73.1,73.1,73.1,73.1,73.1,73.1,73.1,73.1,73.1,73.1,73.1,73.1,73.1,73.1,73.4,73.4,73.4,73.4,73.4,73.4,73.4,73.4,73.4,73.4,73.4,73.4,73.4,73.4,73.4,73.4,73.4,73.4,73.4,73.4,73.4,73.4,73.4,73.4,73.4,73.4,73.4,73.4,73.4,73.4,73.4,73.4,73.4,73.4,73.4,73.4,73.4,73.4,73.4,73.4,73.4,73.4,73.4,73.4,73.4,73.4,73.4,73.4,73.4,73.4,73.4,73.4,73.4,73.4,73.4,73.4,73.4,73.4,73.4,73.4,73.4,73.4,73.4,73.4,73.4,73.4,73.4,73.4,73.4,73.4,73.4,73.4,73.4,73.4,73.4,73.4,73.4,73.4,73.4,73.4,73.4,73.4,73.4,73.4,73.4,73.4,73.4,73.4,73.4,73.4,73.4,73.4,73.4,73.4,73.4,73.4,73.4,73.4,73.4,73.4,73.4,73.4,73.4,73.4,73.4,73.4,73.4,73.4,73.4,73.4,73.4,73.4,73.4,73.4,73.4,73.4,73.4,73.4,73.4,73.4,73.4,73.4,73.4,73.4,73.4,73.4,73.4,73.4,73.4,73.4,73.4,73.4,73.4,73.4,73.4,73.4,73.4,73.4,73.4,73.4,73.4,73.4,73.4,73.4,73.4,73.4,73.4,73.4,73.4,73.4,73.4,73.4,73.4,73.4,73.4,73.4,73.4,73.4,73.4,73.4,73.4,73.4,73.4,73.4,73.4,73.4,73.4,73.4,73.4,73.4,73.4,73.4,73.4,73.4,73.4,73.4,73.4,73.4,73.4,73.4,73.4,73.4,73.4,73.4,73.4,73.4,73.4,73.4,73.4,73.4,73.4,73.4,73.4,73.4,73.4,73.4,73.4,73.4,73.4,73.4,73.4,73.4,73.4,73.4,73.4,73.4,73.4,73.4,73.4,73.4,73.4,73.4,73.4,73.4,73.4,73.4,73.4,73.4,73.4,73.4,73.4,73.4,73.4,73.4,73.4,73.4,73.4,73.4,73.4,73.4,73.4,73.4,73.4,73.4,73.4,73.4,73.4,73.4,73.4,73.4,73.4,73.4,73.4,73.4,73.4,73.4,73.4,73.4,73.4,73.4,73.4,73.4,75.7,28.5,28.9,28.9,45.15,79.98,81.0,81.0,81.0,81.0,81.0,81.0,81.0,81.0,81.0,81.0,81.0,81.0,81.0,81.0,81.0,81.0,81.0,81.0,81.0,81.0,81.0,81.0,81.0,81.0,81.0,81.0,81.0,81.0,81.0,81.0,81.0,81.0,81.0,81.0,81.0,81.0,75.4,77.5,77.5,77.5,77.5,77.5,77.5,77.5,77.5,77.5,77.5,77.5,77.5,77.5,77.5,77.5,77.5,77.5,77.5,77.5,77.5,77.5,77.5,77.5,77.5,77.5,77.5,77.5,77.5,77.5,77.5,77.5,77.5,77.5,77.5,77.5,77.5,77.5,77.5,77.5,77.5,77.5,77.5,77.5,77.5,77.5,77.5,77.5,77.5,77.5,77.5,77.5,77.5,77.5,77.5,77.5,77.5,77.5,77.5,77.5,77.5,77.5,77.5,77.5,77.5,77.5,77.5,77.5,77.5,77.5,77.5,77.5,77.5,77.5,77.5,77.5,77.5,77.5,77.5,77.5,77.5,77.5,77.5,77.5,77.5,77.5,77.5,77.5,77.5,77.5,77.5,77.5,77.5,77.5,77.5,77.5,77.5,77.5,77.5,77.5,77.5,77.5,77.5,77.5,77.5,77.5,77.5,77.5,77.5,77.5,77.5,77.5,77.5
P122,72.9,72.9,72.9,72.9,72.9,72.9,72.9,72.9,72.9,72.9,73.1,73.1,73.1,73.1,73.1,73.1,73.1,73.1,73.1,73.1,73.1,73.1,73.1,73.1,73.1,73.1,73.1,73.1,73.1,73.1,73.1,73.1,73.1,73.1,73.1,73.1,73.1,73.1,73.1,73.1,73.1,73.1,73.1,73.1,73.1,73.1,73.1,73.1,73.1,73.1,73.1,73.1,73.1,73.1,73.1,73.4,73.4,73.4,73.4,73.4,73.4,73.4,74.3,71.8,71.8,71.8,71.8,71.8,71.8,71.8,71.8,71.8,71.8,71.8,72.0,72.0,72.0,72.0,72.0,72.0,72.0,72.0,72.0,72.0,72.0,72.0,72.0,72.0,72.0,72.0,72.0,72.0,72.0,72.0,72.0,72.5,72.5,72.5,72.5,73.1,73.1,73.1,73.6,73.4,73.4,73.4,73.4,73.4,73.4,73.4,72.9,72.9,72.9,72.9,72.9,72.9,72.9,72.9,72.9,72.9,72.9,72.9,72.9,72.7,72.7,72.7,72.5,72.5,72.5,72.5,72.5,72.5,72.5,72.0,71.5,71.5,71.5,71.5,57.42,18.5,16.9,18.3,18.3,18.3,18.1,18.1,18.1,18.1,17.8,20.64,22.0,20.8,20.4,20.4,20.4,20.4,20.4,20.4,20.4,20.4,20.4,20.4,20.4,20.4,20.4,20.4,20.4,20.4,20.4,20.4,20.4,20.4,20.4,20.4,20.4,20.4,20.4,20.4,20.4,20.4,20.4,20.4,20.4,20.4,20.4,20.4,20.4,20.4,20.4,20.4,20.4,20.4,19.9,19.9,19.9,19.9,19.9,19.9,19.9,19.9,20.4,20.73,21.5,21.5,21.5,21.1,21.1,21.1,21.1,21.1,21.1,21.1,21.1,21.1,21.1,21.1,21.1,21.1,21.1,21.1,21.1,21.1,21.1,21.1,21.1,21.1,21.1,21.1,21.1,23.4,23.4,23.4,23.4,23.4,23.4,23.4,23.4,23.4,23.4,23.4,23.4,23.4,23.4,23.4,23.4,23.4,23.4,23.4,23.4,23.4,23.4,23.4,23.4,23.4,23.4,23.4,23.4,23.4,23.4,23.4,23.4,23.4,23.4,23.4,23.4,23.4,23.4,23.4,23.4,23.4,23.4,23.4,23.4,23.4,23.4,23.4,23.4,23.4,23.4,23.4,23.4,23.4,23.4,23.4,23.4,23.4,23.4,23.4,23.4,23.4,23.4,23.4,23.4,23.4,23.4,23.4,23.4,23.4,23.4,23.4,23.4,23.4,23.4,23.4,23.4,23.4,23.4,23.4,23.4,23.4,23.4,23.4,23.4,23.4,23.4,23.4,23.4,22.0,22.0,22.0,21.8,21.8,21.8,21.8,21.8,21.8,21.8,21.8,21.8,21.8,21.8,21.8,21.8,21.8,21.8,21.8,21.8,21.8,21.8,22.5,23.82,25.5,25.2,25.2,25.0,25.0,25.0,25.0,25.0,25.0,25.0,25.0,25.0,25.0,25.0,25.0,25.0,25.0,25.0,25.0,25.0,25.0,25.0,25.0,25.0,25.0,25.0,23.8,21.93,20.6,20.6,20.6,20.6,20.6,20.6,20.6,20.6,20.6,20.6,20.6,20.6,18.8,22.9,22.9,22.9,22.9,22.9,22.9,22.9,22.9,22.9,22.9,22.9,22.9,22.9,22.9,22.9,22.9,22.9,22.9,22.9,22.9,22.9,22.9,22.9,22.9,22.9,22.9,22.9,22.9,22.9,22.9,22.9,22.9,22.9,22.9,22.9,22.9,22.9,22.9,22.9,22.9,22.9,22.9,22.9,22.9,22.9,22.9,22.9,22.9,22.9,22.9,22.9,22.9,22.9,22.9,22.9,22.9,22.9,20.97,23.11,20.6,20.6,19.2,19.2,19.2,19.2,19.2,19.2,19.2,19.2,19.2,19.2,19.2,19.2,19.2,19.2,19.2,19.2,19.2,19.2,19.2,19.2,19.2,19.2,19.2,19.2,19.2,19.2,19.2,19.2,19.2,19.2,19.2,19.2,19.2,19.2,19.2,19.2,19.2,19.2,19.2,19.2,19.2,19.2,19.2,19.2,19.2,19.2,19.2,19.2,19.2,19.2,19.2,19.2,19.2,19.2,19.2,19.2,19.2,19.2,19.2,19.2,19.2,19.2,19.2,19.2,19.2,19.2,19.2,19.2,19.2,19.2,19.2,19.2,19.2,19.2,19.2,19.2,19.2,19.2,19.2,19.2,19.2,19.2,19.2,19.2,19.2,19.2,19.2,19.2,19.2,19.2,19.2,19.2,19.2,19.2,19.2,19.2,19.2,19.2,19.2,19.2,19.2,19.2,19.2,19.2,19.2,19.2,19.2,19.2,19.2,19.2,19.2,19.2,19.2,19.2,19.2,19.2,19.2,19.2,19.2,10.4,6.0,7.6,7.6,7.6,7.6,7.6,7.6,7.6,7.6,7.6,7.6,7.6,7.6,7.6,7.6,7.6,7.6,7.6,7.6,7.6,7.6,7.6,7.6,7.6,7.6,7.6,7.6,7.6,7.6,7.6,7.6,7.6,7.6,7.6,7.6,7.6,7.6,7.6,7.6,7.6,7.6,7.6,7.6,7.6,7.6,7.6,7.6,7.6,7.6,7.6,7.6,7.6,7.6,7.6,7.6,7.6,7.6,7.6,7.6,7.6,7.6,7.6,7.6,7.6,7.6,7.6,7.6,7.6,7.6,7.6,7.6,7.6,7.6,7.6,7.6,7.6,7.6,7.6,7.6,7.6,7.6,7.6,7.6,7.6,7.6,7.6,7.6,7.6,7.6,7.6,7.6,7.6,7.6,7.6,7.6,7.6,7.6,7.6,7.6,7.6,7.6,7.6,7.6,7.6,7.6,7.6,7.6,7.6,7.6,7.6,7.6,6.9,8.22,8.16,8.6,8.6,8.8,8.8,9.5,10.0,10.0,10.0,10.0,23.4,26.4,34.7,42.8,50.0,50.98,55.8,56.7,59.59,64.6,60.56,59.7,59.7,59.7,59.7,59.7,59.7,59.7,59.7,59.7,59.7,59.7,59.7,59.7,59.7,59.7,59.7,59.7,59.7,59.7,59.7,59.7,59.7,59.7,59.7,59.7,59.7,59.7,59.7,59.7,59.7,59.7,59.7,59.7,59.7,59.7,59.7,59.7,59.7,59.7,59.7,59.7,59.7,59.7,59.7,59.7,59.7,59.7,59.7,59.7,59.7,59.7,59.7,59.7,59.7,59.7,59.7,59.7,59.7,59.7,59.7,59.7,59.7,59.7,59.7,59.7,59.7,59.7,59.7,59.7,59.7,59.7,59.7,59.7,59.7,59.7,59.7,59.7,59.7,59.7,59.7,59.7,59.7,59.7,59.7,59.7,59.7,59.7,59.7,59.7,59.7,59.7,59.7,59.7,59.7,59.7,59.7,58.8,59.5,58.8,59.99,61.1,61.1,61.1,61.1,61.1,61.1,61.1,61.1,61.1,61.1,61.1
P123,48.5,48.5,48.5,48.5,48.5,48.5,48.5,48.5,48.5,48.5,50.97,52.9,55.0,57.5,58.8,59.94,61.85,64.6,67.9,67.9,67.9,72.47,76.18,79.37,80.4,80.2,80.2,80.4,80.8,80.8,81.2,81.5,82.1,83.46,84.0,84.0,84.17,84.2,84.2,84.2,83.7,83.7,83.5,83.5,83.3,83.3,83.1,82.9,82.9,82.7,82.7,82.7,82.3,80.4,78.15,75.0,74.0,74.0,74.0,74.0,74.0,74.0,74.0,74.0,74.0,74.0,74.0,73.7,68.11,60.7,53.85,55.91,59.6,59.6,59.6,59.6,59.6,59.6,59.6,59.6,59.6,59.6,59.78,60.0,60.0,60.8,61.0,61.0,61.0,61.3,61.3,61.5,62.1,62.1,62.1,62.3,62.3,62.3,62.7,62.7,63.5,64.2,64.2,64.4,64.2,63.8,63.8,63.8,63.8,63.8,63.8,63.5,63.5,63.3,63.3,62.9,62.9,61.7,57.91,57.1,55.63,53.3,52.9,52.9,52.7,52.7,52.7,48.75,43.73,43.3,41.9,40.2,38.3,37.9,37.9,37.9,37.9,38.12,37.5,37.1,35.4,34.6,34.2,36.2,36.2,36.2,36.2,36.2,36.2,36.2,36.2,36.2,36.2,36.2,37.5,38.3,40.4,42.9,44.6,44.6,44.6,44.6,44.6,44.6,44.6,44.6,44.6,42.9,42.9,42.9,39.64,37.12,35.4,35.4,35.4,35.4,34.8,34.8,33.3,31.7,31.7,31.7,31.7,31.7,31.7,31.7,31.7,31.7,31.7,31.7,31.7,31.7,31.7,40.98,47.9,47.5,47.1,46.7,46.7,47.08,48.1,48.7,50.4,50.6,50.6,50.6,50.6,50.6,50.6,50.6,50.6,50.6,50.6,50.6,50.6,50.6,50.6,50.6,50.6,50.6,50.6,50.6,50.6,50.6,48.7,47.91,49.21,46.5,46.5,46.2,46.2,46.2,46.2,46.2,46.2,46.2,46.2,46.2,46.2,46.2,46.2,46.2,46.2,46.2,46.2,46.2,46.2,46.2,46.2,46.2,46.2,46.2,46.2,46.2,46.2,46.2,46.2,46.2,46.2,46.2,46.2,51.71,50.8,40.8,51.9,51.0,51.9,51.2,49.61,40.81,34.6,34.2,34.2,31.2,31.7,25.0,37.5,29.2,32.5,26.9,30.2,34.2,29.6,26.5,23.7,21.0,20.2,20.0,20.0,20.0,24.38,27.7,30.19,34.2,36.16,37.1,36.7,36.7,36.7,36.2,36.2,36.2,36.2,36.2,36.2,40.2,41.7,44.79,45.8,47.1,47.9,52.1,55.8,56.0,56.0,57.81,56.9,56.5,56.5,55.8,55.8,55.8,55.8,55.0,51.72,46.25,48.1,48.45,49.0,49.0,49.0,49.0,49.0,47.15,40.25,30.89,26.31,22.5,20.41,19.6,19.6,19.6,19.6,19.6,21.44,23.7,23.3,28.7,28.7,27.9,34.32,34.43,35.78,32.94,32.9,37.08,40.78,47.75,48.5,47.9,47.9,48.3,48.3,48.3,48.3,48.3,48.3,48.3,47.5,45.8,41.86,32.09,9.4,4.0,5.4,8.23,8.3,8.3,8.3,8.3,7.1,4.6,4.6,4.6,4.8,5.0,5.0,5.0,5.0,2.9,7.9,7.9,7.1,6.7,6.21,5.6,5.4,5.4,5.21,3.5,3.5,3.5,3.5,3.7,4.0,4.2,4.2,4.2,4.2,4.2,4.2,4.2,4.2,4.2,3.3,2.5,3.99,4.6,4.6,4.6,4.6,4.6,4.6,4.6,4.6,4.6,2.7,2.7,2.7,2.7,2.7,2.7,2.7,2.7,2.16,1.7,1.7,1.0,0.8,0.8,0.8,0.8,0.8,0.8,0.8,0.8,0.8,0.8,0.8,0.8,0.8,0.8,0.8,0.8,0.8,0.8,0.8,0.8,0.8,0.6,0.2,0.2,0.2,0.0,0.0,0.0,0.0,0.0,0.0,0.0,0.0,0.0,0.0,0.0,0.0,0.0,0.0,0.0,0.0,0.0,0.0,0.0,0.0,0.0,0.0,0.0,0.0,0.0,0.0,0.0,0.0,0.0,0.0,0.0,0.0,0.0,0.0,0.0,0.0,0.0,0.0,0.0,0.0,0.0,0.0,0.0,0.0,0.0,0.0,0.0,0.0,0.0,0.0,0.0,0.0,0.0,0.0,0.0,0.0,0.0,0.0,0.0,0.0,0.0,0.0,0.0,0.0,0.0,0.0,0.0,0.0,0.0,0.0,0.0,0.0,0.0,0.0,0.0,0.0,0.0,0.0,0.0,0.0,0.0,0.0,0.0,0.0,0.0,0.0,0.0,0.0,0.0,0.0,0.0,0.0,0.0,0.0,0.0,0.0,0.0,0.0,0.0,0.0,0.0,0.0,0.0,0.0,0.0,0.0,0.0,0.0,0.0,0.0,0.0,0.0,0.0,0.0,0.0,0.0,0.0,0.0,0.0,0.0,0.0,0.0,0.0,0.0,0.0,0.0,0.0,0.0,0.0,0.0,0.0,0.0,0.0,0.0,0.0,0.0,0.0,0.0,0.0,0.0,0.0,0.0,0.0,0.0,0.0,0.0,0.0,0.0,0.0,0.0,0.0,0.0,0.0,0.0,0.0,0.0,0.0,0.0,0.0,0.0,0.0,0.0,0.0,0.0,0.0,0.0,0.0,0.0,0.0,0.0,0.0,0.0,0.0,0.0,0.0,0.0,0.0,0.0,0.0,0.0,0.0,0.0,0.0,0.0,0.0,0.0,0.0,0.0,0.0,0.0,0.0,0.0,0.0,0.0,0.0,0.0,0.0,0.0,0.0,0.0,0.0,0.0,0.0,0.0,0.0,0.0,0.0,0.0,0.0,0.0,0.0,0.0,0.0,0.0,0.0,0.0,0.0,0.0,0.0,0.0,0.0,0.0,0.0,0.0,0.0,0.0,0.0,0.0,0.0,0.0,0.0,0.0,0.0,0.0,0.0,0.0,0.0,0.0,0.0,0.0,0.0,0.0,0.0,0.0,0.0,0.0,0.0,0.0,0.0,0.0,0.0,0.0,0.0,0.0,0.0,0.0,0.0,0.0,0.0,0.0,0.0,0.0,0.0,0.0,0.0,0.0,0.0,0.0,0.0,0.0,0.0,0.0,0.0,0.0,0.0,0.0,0.0,0.0,0.0,0.0,0.0,0.0,0.0,0.0,0.0,0.0,0.0,0.0,0.0,0.0,0.0,0.0,0.0,0.0,0.0,0.0,0.0,0.0,0.0,0.0,0.0,0.0,0.69,26.96,47.3,49.6,49.6,49.6,49.6,50.6,50.6,52.08,53.8,52.3,52.3,52.3,52.3,52.3,52.3,52.3,52.3,52.3,52.3,60.0,60.0,61.69,62.1,62.7,62.7,63.77,65.0,65.0,65.0,65.0,65.0,65.0,65.0,65.0,65.0,65.0,65.0,65.0,65.0,65.0,65.0
P124,50.2,50.2,50.2,50.2,50.2,50.2,50.2,50.2,50.2,50.2,50.2,50.2,57.4,57.4,62.85,66.35,68.0,68.1,68.3,68.9,69.1,69.1,68.7,68.7,68.7,68.7,68.7,68.7,69.4,71.41,74.6,74.6,75.9,76.7,76.7,76.7,78.9,79.4,79.4,79.4,80.6,80.6,80.6,80.6,79.8,79.8,79.8,79.8,79.8,79.8,79.8,79.8,79.8,79.8,79.8,79.8,79.8,79.79,79.6,79.6,81.1,81.7,81.7,78.22,71.5,71.5,69.4,69.4,68.43,67.8,67.8,64.55,58.85,54.52,51.7,51.7,51.7,51.7,51.7,51.7,51.7,57.05,63.55,68.9,69.31,73.7,73.7,73.7,73.9,76.1,76.1,76.1,78.0,78.0,75.59,75.0,73.9,73.9,73.9,73.9,71.16,71.3,69.8,74.6,72.4,63.14,47.76,33.01,31.5,29.8,28.5,22.36,20.9,22.16,22.4,22.4,22.4,22.4,22.4,22.4,24.67,23.1,23.1,23.1,23.1,23.1,23.1,23.1,23.1,23.1,23.1,21.74,18.7,18.7,18.7,18.7,18.7,18.7,18.7,18.7,16.5,18.5,18.5,18.5,18.5,18.5,18.5,18.5,18.5,18.5,18.5,18.5,18.5,16.12,16.7,17.76,17.0,18.82,20.6,24.04,18.16,20.12,18.1,19.1,23.09,21.3,21.3,21.3,21.3,21.3,21.3,21.3,21.3,21.3,21.3,21.3,21.3,21.3,21.3,21.3,21.3,21.3,21.3,21.3,21.3,21.3,26.7,18.68,18.3,18.3,18.3,18.3,18.3,18.3,18.3,18.3,15.7,17.55,24.39,20.7,20.7,20.7,22.4,22.4,22.4,22.4,20.96,24.4,24.4,24.4,26.5,17.4,13.4,16.61,22.2,22.2,22.2,22.2,22.2,22.2,22.2,21.35,20.4,21.33,20.0,15.7,10.7,10.7,15.7,15.7,17.0,20.2,20.2,20.82,21.3,21.9,21.9,20.7,27.0,24.1,23.76,22.18,21.55,24.29,18.5,24.8,21.43,21.3,21.3,18.93,19.6,19.01,21.1,22.2,22.97,27.8,31.5,29.8,22.13,19.8,22.8,22.8,22.8,22.8,22.8,22.8,22.8,22.8,22.8,22.8,22.8,21.3,21.3,21.3,21.3,21.3,21.3,21.3,21.3,20.0,20.0,20.0,20.0,20.0,20.0,20.0,20.0,20.0,20.0,20.0,20.0,20.0,39.14,58.98,75.9,75.9,75.9,75.9,75.9,75.9,75.9,77.4,77.4,77.4,77.4,77.4,77.4,77.4,77.4,77.4,76.1,76.1,76.93,81.9,80.2,83.5,83.5,83.5,83.5,83.5,83.5,83.5,83.5,83.5,80.9,38.5,70.0,70.0,70.0,70.0,69.94,46.52,26.52,20.7,20.7,20.7,20.7,20.7,20.7,20.7,34.91,45.16,56.15,58.5,61.2,62.8,62.8,64.64,71.3,75.09,76.7,76.7,77.0,78.0,78.0,78.0,78.0,78.0,78.0,78.0,78.0,76.9,83.1,83.1,83.1,84.4,84.4,84.4,84.4,84.37,80.89,51.96,44.1,44.1,44.1,40.17,34.6,34.6,34.6,44.8,28.5,28.5,27.8,27.8,27.8,27.8,23.0,25.62,25.7,25.7,25.7,25.7,25.7,25.7,25.7,25.7,25.7,25.7,25.7,21.6,15.32,7.6,7.6,7.6,7.6,7.6,7.6,7.6,7.6,9.3,9.3,9.3,9.3,9.3,9.3,9.3,9.3,9.3,9.3,9.3,9.3,9.3,9.3,9.3,9.3,9.3,9.3,9.3,9.3,9.3,9.3,9.3,9.3,9.3,10.4,10.4,6.3,6.3,6.3,6.3,6.3,6.3,6.3,6.3,6.3,6.3,5.2,8.1,8.1,8.1,8.1,8.1,8.1,8.1,8.1,8.1,8.1,9.94,38.87,64.53,68.3,58.24,48.0,53.67,56.7,56.05,50.7,41.1,39.4,38.34,45.06,48.95,49.8,49.8,49.8,49.8,49.8,49.8,49.8,49.8,49.8,49.8,49.8,49.8,49.8,49.8,49.8,49.8,49.8,49.8,49.8,49.8,49.8,49.8,49.8,49.8,49.8,49.8,49.8,49.8,49.8,49.8,49.8,49.8,49.8,49.8,49.8,49.8,49.8,49.8,49.8,49.8,49.8,49.85,50.0,50.4,50.4,50.4,50.4,50.4,50.6,49.1,49.1,49.1,49.1,49.1,49.1,49.1,49.1,49.1,49.1,49.1,46.54,55.58,75.7,64.6,64.6,76.98,72.6,63.7,43.05,31.7,17.06,22.57,29.92,31.3,31.3,31.3,31.3,31.3,31.3,27.77,27.4,25.6,25.6,24.1,23.9,23.9,19.85,19.51,23.1,21.9,17.44,13.9,13.9,11.3,11.3,11.3,11.3,11.3,11.3,11.3,11.3,11.3,11.3,16.7,16.7,16.7,16.7,16.7,16.7,16.7,16.7,14.4,14.4,14.4,14.4,14.4,14.4,14.4,14.4,14.4,14.4,13.9,15.2,15.2,21.1,30.14,53.22,68.75,73.3,79.1,80.42,82.2,40.9,40.9,40.9,40.9,40.9,40.9,33.63,30.4,34.21,66.1,79.1,79.1,79.1,79.1,74.12,46.9,43.1,43.1,37.6,37.6,33.24,19.78,12.2,12.2,12.2,12.2,12.2,12.2,12.2,12.2,9.4,9.4,9.4,10.2,10.2,10.2,10.2,10.2,10.2,12.19,13.3,13.3,13.3,13.3,13.3,13.3,13.3,13.3,13.3,13.3,13.3,13.3,13.3,13.3,13.3,13.3,13.1,13.1,13.1,15.33,17.4,17.4,17.4,17.4,19.91,21.9,21.9,31.02,35.73,45.78,49.1,49.3,49.3,49.3,49.3,49.3,49.3,50.2,50.0,50.0,59.85,61.1,61.1,61.1,61.1,61.1,64.38,62.8,62.8,62.8,62.8,62.8,62.8,62.8,62.8,61.87,71.9,71.9,71.9,71.9,71.9,71.9,71.9,71.9,75.9,78.6,74.4,67.8,65.19,70.97,59.16,65.11,76.74,80.4,80.4,79.13,80.0,79.3,77.8,77.8,77.8,77.35,76.9,76.9,76.9,76.9,76.9,76.9,76.9,76.78,61.1,52.6,52.6,52.6,52.6,52.6,52.6,52.6,52.6,52.6,52.6,52.6,52.6,51.5,51.5,46.84,30.2,21.5,16.3,16.3,16.3,16.3,14.6,14.6,14.6,14.6,14.6,14.6,14.6,14.6,18.7,18.7,18.7,20.6,20.6,20.6,20.6,20.6,20.6,20.6,20.6,20.6,20.6,20.6,20.6,20.6,20.6,20.6,20.6,20.6,20.6,20.6,20.6,20.6,21.93,22.4,22.4,22.4,22.4,22.4,22.4,22.4,22.4,22.4,22.4,22.4,22.4,22.4,22.4,38.3,59.46,74.6,78.5,78.5
P125,50.0,50.0,50.0,50.0,34.6,26.9,22.6,22.6,44.1,47.2,47.2,51.3,51.3,37.8,47.59,47.6,47.6,47.6,47.6,47.4,47.4,47.2,43.7,42.2,42.2,41.3,35.6,32.0,31.1,31.1,30.4,30.0,43.7,48.7,48.7,48.7,48.7,48.7,48.7,48.7,48.7,48.7,48.7,50.0,50.0,50.0,50.0,50.0,50.0,50.0,50.0,50.0,49.8,49.8,49.1,49.4,43.1,43.5,43.7,43.7,44.3,45.2,45.2,45.9,48.0,48.1,48.3,48.3,47.0,47.0,54.4,53.9,53.9,53.9,53.9,53.9,54.6,54.6,54.6,54.4,52.99,48.0,45.4,43.3,43.3,43.3,42.8,42.6,42.6,42.4,43.5,43.5,53.01,54.3,54.3,54.3,54.3,54.3,54.3,54.3,52.0,50.2,50.2,48.69,48.7,48.7,49.4,49.4,49.4,49.4,49.4,54.1,56.7,61.7,61.7,61.7,61.7,65.6,66.1,66.1,66.1,63.9,63.9,63.9,62.99,61.5,61.5,48.1,41.5,41.5,41.5,41.5,43.0,27.0,26.9,26.9,26.9,22.6,20.6,20.6,20.6,20.6,20.6,20.6,20.6,20.6,20.6,20.6,20.6,22.6,23.7,24.1,24.6,24.6,24.6,24.6,24.6,25.0,22.4,21.9,24.3,47.8,48.0,49.4,49.4,52.2,52.2,52.2,49.8,49.8,49.4,49.4,50.2,47.2,46.5,46.5,47.0,47.0,46.9,46.9,46.9,46.9,43.1,43.1,43.1,43.1,43.1,43.1,34.1,34.1,34.3,34.3,34.3,34.3,35.4,35.4,35.6,37.4,38.9,41.5,42.2,43.0,43.0,43.0,43.0,43.0,42.2,42.2,42.2,42.2,42.2,42.2,42.2,43.0,43.3,43.3,43.3,43.3,43.3,43.3,43.3,43.3,43.3,43.3,43.3,43.3,43.3,43.3,43.3,43.7,44.1,44.1,44.1,44.1,44.1,44.1,44.1,43.9,41.1,41.7,41.7,48.5,49.8,51.5,51.5,50.6,51.5,51.5,51.5,43.9,41.5,41.5,41.5,35.6,35.6,35.6,35.6,31.9,31.7,31.7,31.5,31.5,31.5,31.5,31.5,30.4,30.0,30.0,30.0,31.5,37.4,37.6,37.6,37.6,37.4,37.4,37.4,37.4,37.4,37.4,37.4,37.4,37.0,37.0,37.0,37.0,37.0,37.0,37.0,37.0,37.0,37.0,37.0,37.0,37.0,37.0,37.0,37.0,37.8,37.8,37.4,37.4,37.4,37.4,37.4,37.4,37.4,37.4,37.4,45.2,47.0,50.4,50.4,51.5,53.7,61.1,61.1,61.1,61.1,61.1,61.1,62.2,62.2,62.2,45.2,36.7,27.2,24.8,24.6,24.6,24.6,24.6,21.9,17.6,18.9,33.1,35.2,35.2,35.2,35.2,34.6,35.0,35.9,36.1,35.7,40.0,40.0,40.0,40.0,40.0,40.0,40.0,40.0,38.0,38.0,38.0,38.0,38.0,37.4,37.4,37.4,37.4,37.4,37.4,29.8,29.8,29.8,26.1,25.6,25.21,27.6,27.8,31.7,31.9,31.7,31.3,31.1,31.1,31.1,31.1,31.1,30.7,30.6,30.6,30.6,30.6,30.6,30.6,30.4,30.4,30.4,30.4,30.4,30.4,30.4,30.4,30.4,30.4,30.4,30.4,30.4,30.4,19.3,18.0,18.0,23.5,23.5,20.4,22.6,20.2,20.2,20.2,22.0,15.41,13.3,13.3,8.9,8.5,8.5,8.5,8.5,8.5,7.8,7.8,7.8,7.8,10.4,10.4,10.4,10.4,18.51,28.3,23.0,27.0,25.7,25.4,14.4,14.4,14.4,12.2,11.1,11.1,11.1,11.1,11.1,11.1,11.5,13.28,21.3,24.1,24.1,26.9,28.3,28.3,28.3,28.3,26.5,20.6,23.3,22.4,22.4,22.4,22.4,22.4,22.4,22.4,22.4,17.8,17.8,17.8,15.4,15.4,13.5,13.5,13.5,13.5,15.7,18.5,18.5,18.5,14.6,19.3,19.3,20.4,20.4,20.4,20.4,24.6,24.6,23.5,24.4,24.4,22.6,25.4,25.4,25.4,25.85,23.5,25.6,25.6,26.9,22.4,23.0,23.0,26.5,27.8,25.0,25.0,25.4,25.4,25.4,38.7,42.2,40.7,41.9,42.4,42.4,42.4,42.0,42.4,42.6,42.6,42.4,30.4,21.5,7.8,4.1,8.9,7.6,8.1,13.5,13.08,9.6,9.6,9.6,9.6,9.6,9.6,9.6,9.6,8.9,11.3,19.3,19.3,23.0,25.0,25.0,25.0,25.0,25.0,26.5,34.31,45.0,49.4,49.4,49.4,50.4,50.4,50.4,50.4,50.4,50.4,50.4,50.4,50.4,50.4,50.4,51.1,51.1,51.1,51.1,51.1,51.1,51.1,51.1,51.1,51.1,51.1,51.1,51.1,51.1,51.1,51.1,51.1,50.4,50.6,51.1,51.1,51.1,51.1,51.1,51.1,51.1,51.1,51.1,51.1,50.9,50.9,50.4,53.0,53.1,53.1,53.1,53.1,50.6,50.6,56.3,54.1,54.1,43.5,43.5,43.5,43.5,43.5,43.5,43.5,43.5,43.5,35.4,34.8,34.8,34.8,34.8,11.7,4.4,4.3,3.3,3.3,3.3,3.3,3.3,3.3,3.3,3.3,3.3,2.2,2.2,2.2,2.2,2.2,2.2,2.2,2.2,2.2,5.0,6.5,6.5,6.5,6.5,4.8,6.9,6.7,6.7,7.0,7.0,7.0,7.0,7.0,7.0,7.0,6.7,6.7,6.7,6.7,6.7,6.3,5.9,5.9,5.9,5.9,5.9,5.9,8.1,8.1,10.2,10.2,10.2,10.2,10.2,10.2,10.2,10.2,9.3,12.2,12.2,12.2,12.2,12.2,12.2,12.2,13.0,13.0,13.9,15.7,11.1,7.8,15.2,15.2,21.3,24.1,26.1,26.5,26.9,26.9,32.6,37.0,44.1,45.4,46.3,45.0,45.2,45.2,44.8,44.8,44.8,44.8,44.8,44.8,44.8,44.8,45.7,45.7,45.9,54.6,56.1,57.8,57.8,59.3,59.3,60.9,60.9,60.9,60.9,60.9,60.9,61.3,63.9,64.3,63.7,59.3,55.7,53.9,53.3,53.3,53.5,53.5,53.5,53.9,53.9,53.9,53.9,53.7,53.7,53.1,53.0,50.6,50.4,49.6,49.6,49.6,49.3,49.3,49.3,49.3,49.3,49.3,49.1,49.1,49.1,48.9,49.1,49.3,49.3,49.3,49.3,49.3,49.3,49.3,49.3,49.3,49.3,49.3,49.4,49.4,49.8,50.2,50.0,49.6,50.4,51.5,55.0,66.5,69.1,69.1,70.6,74.61,80.21,83.5,84.8,84.8,84.8,84.8,85.2,85.6,87.6,89.81,93.9,93.9
P126,53.3,53.3,53.3,53.3,53.3,53.3,53.3,53.3,53.3,53.3,53.3,53.3,67.2,67.2,67.2,72.0,66.7,65.0,65.0,65.0,65.0,65.0,65.0,65.0,65.0,65.0,65.0,65.0,65.0,65.0,65.0,65.0,65.0,65.0,65.0,65.0,65.0,65.0,65.0,65.0,65.0,65.0,65.0,65.0,65.0,65.0,65.0,65.0,65.0,65.0,65.0,65.0,65.0,65.0,65.0,65.0,65.0,65.0,65.0,65.0,65.0,65.0,65.0,66.9,68.3,67.6,67.0,67.0,67.0,63.0,63.0,63.0,63.0,63.0,63.0,63.0,63.0,63.0,63.0,63.0,63.0,63.0,63.0,63.0,63.0,63.0,63.0,63.0,63.0,63.0,63.0,63.0,63.0,63.0,63.0,63.0,63.0,63.0,63.0,63.0,63.0,63.0,63.0,63.0,63.0,63.0,63.0,63.0,63.0,63.0,63.0,63.0,63.0,63.0,63.0,63.0,63.0,63.0,63.0,63.0,63.0,63.0,63.0,63.0,63.0,63.0,63.0,63.0,63.0,63.0,63.0,63.0,63.0,63.0,63.0,63.0,63.0,63.0,52.6,48.68,46.7,46.7,46.7,46.7,46.7,46.7,46.7,46.7,46.7,46.7,46.7,46.7,46.7,46.7,46.7,46.7,46.7,46.7,46.7,46.7,46.7,46.7,46.7,46.7,46.7,46.7,46.7,46.7,46.7,46.7,46.7,46.7,46.7,46.7,46.7,46.7,29.4,29.4,29.4,29.4,29.4,29.4,29.4,29.4,29.4,29.4,29.4,29.4,29.4,29.4,29.4,29.4,29.4,29.4,29.4,29.4,29.4,29.4,29.4,29.4,29.4,29.4,29.4,29.4,46.1,51.1,50.7,50.7,51.3,51.9,51.9,51.9,51.9,51.9,51.9,51.9,51.9,51.9,51.9,51.9,51.9,51.9,51.9,51.9,51.9,51.9,51.9,51.9,51.9,51.9,51.9,51.9,51.9,51.9,51.9,51.9,51.9,51.9,51.9,51.9,51.9,51.9,51.9,51.9,51.9,51.9,51.9,51.9,51.9,51.9,51.9,51.9,51.9,51.9,51.9,51.9,51.9,51.9,51.9,51.9,51.9,51.9,51.9,51.9,51.9,51.9,51.9,51.9,51.9,51.9,51.9,27.8,21.46,10.9,7.2,21.9,23.1,23.1,23.1,24.4,24.4,24.4,24.4,24.4,24.4,24.4,24.4,24.4,24.4,24.4,24.4,24.4,24.4,24.4,24.4,24.4,24.4,24.4,24.4,24.4,10.4,10.2,10.2,10.2,9.8,8.7,8.7,8.7,8.7,8.7,8.7,8.7,8.7,8.7,12.0,12.0,19.3,19.3,19.3,19.3,19.3,19.3,19.3,19.3,11.9,11.9,11.9,14.3,16.3,16.3,16.3,16.3,16.3,16.3,16.3,16.3,16.3,3.7,2.8,4.4,9.1,15.6,15.6,15.6,21.3,21.3,21.3,21.3,21.3,21.3,21.3,21.3,21.3,21.3,21.3,21.3,21.3,21.3,21.3,21.3,21.3,21.3,21.3,21.3,21.3,21.3,21.3,21.3,21.3,21.3,21.3,21.3,11.5,11.5,11.5,11.5,11.5,11.5,11.5,11.5,11.5,11.5,11.5,11.5,11.5,11.5,11.5,11.5,11.5,11.5,11.5,11.44,0.0,0.0,0.0,0.0,0.0,0.0,0.0,0.0,0.0,0.0,0.0,0.0,0.0,0.0,0.0,0.0,0.0,0.0,0.0,0.0,0.0,0.0,0.0,0.0,0.0,0.0,0.0,0.0,0.0,0.0,0.0,0.0,0.0,0.0,0.0,0.0,0.0,0.0,0.0,0.0,0.0,0.0,0.0,0.0,0.0,0.0,0.0,0.0,0.0,0.0,0.0,0.0,0.0,0.0,0.0,0.0,0.0,0.0,0.0,0.0,0.0,0.0,0.0,0.0,0.0,0.0,0.0,0.0,0.0,0.0,0.0,0.0,0.0,0.0,0.0,0.0,0.0,0.0,0.0,0.0,0.0,0.0,0.0,0.0,0.0,0.0,0.0,0.0,0.0,0.0,0.0,0.0,0.0,0.0,0.0,0.0,0.0,0.0,0.0,0.0,0.0,0.0,0.0,0.0,0.0,0.0,0.0,0.0,0.0,0.0,0.0,0.0,0.0,0.0,0.0,0.0,0.0,0.0,0.0,0.0,0.0,0.0,0.0,0.0,0.0,0.0,0.0,0.0,0.0,0.0,0.0,0.0,0.0,0.0,0.0,0.0,0.0,0.0,0.0,0.0,0.0,0.0,0.0,0.0,0.0,0.0,0.0,0.0,0.0,0.0,0.0,0.0,0.0,0.0,0.0,0.0,0.0,0.0,0.0,0.0,0.0,0.0,0.0,0.0,0.0,0.0,0.0,0.0,0.0,0.0,0.0,0.0,0.0,0.0,0.0,0.0,0.0,0.0,0.0,0.0,0.0,0.0,0.0,0.0,0.0,0.0,0.0,0.0,0.0,0.0,0.0,0.0,0.0,0.0,0.0,0.0,0.0,0.0,0.0,0.0,0.0,0.0,0.0,0.0,0.0,0.0,0.0,0.0,0.0,0.0,0.0,0.0,0.0,0.0,0.0,0.0,0.0,0.0,0.0,0.0,0.0,0.0,0.0,0.0,0.0,0.0,0.0,0.0,0.0,0.0,0.0,0.0,0.0,0.0,0.0,0.0,0.0,0.0,0.0,0.0,0.0,0.0,0.0,0.0,0.0,0.0,0.0,0.0,0.0,0.0,0.0,0.0,0.0,0.0,0.0,0.0,0.0,0.0,0.0,0.0,0.0,0.0,0.0,0.0,0.0,0.0,0.0,0.0,0.0,0.0,0.0,0.0,0.0,0.0,0.0,0.0,0.0,0.0,0.0,0.0,0.0,0.0,0.0,0.0,0.0,0.0,0.0,0.0,0.0,0.0,0.0,0.0,0.0,0.0,0.0,0.0,0.0,0.0,0.0,0.0,0.0,0.0,0.0,0.0,0.0,0.0,0.0,0.0,0.0,0.0,0.0,0.0,0.0,0.0,11.5,16.9,27.0,30.4,24.28,23.5,23.5,23.5,23.5,23.5,23.5,23.5,23.5,23.5,23.5,23.5,23.5,23.5,23.5,23.5,23.5,23.5,23.5,23.5,23.5,23.5,49.8,55.6,55.4,55.4,55.4,55.4,55.4,55.4,55.4,55.4,55.4,55.4,55.4,55.4,55.4,55.4,55.4,55.4,55.4,55.4,55.4,55.4,55.4,55.4,55.4,55.4,55.4,55.4,55.4,55.4,55.4,55.4,55.4,55.4,55.4,55.4,55.4,55.4,55.4,55.4,55.4,55.4,55.4,55.4,55.4,55.4,55.4,45.9,46.1,46.1,46.1,46.1,46.1,46.1,46.1,46.1,49.1,49.1,49.1,49.1,49.1,49.1,49.1,49.1,49.1,49.1,49.1,49.1,49.1,49.1,49.1,49.1,49.1,49.1,49.1,49.1
P127,79.2,79.2,77.69,74.3,74.41,74.5,74.5,74.5,74.5,74.5,71.4,53.87,51.4,51.4,51.4,51.4,51.4,51.4,51.4,51.4,51.4,55.2,55.2,55.2,54.6,55.2,55.6,56.4,56.0,76.8,77.4,77.4,77.4,77.4,77.4,77.4,77.4,77.4,58.29,51.4,49.8,49.8,49.8,49.8,49.8,49.8,49.8,49.8,49.8,49.8,49.8,49.8,49.8,49.8,49.8,49.8,49.8,49.8,53.9,68.29,76.3,77.2,77.2,77.2,77.2,77.2,75.7,75.7,75.7,75.9,75.9,75.9,75.9,75.9,75.9,75.9,75.9,75.9,75.9,75.9,75.9,75.9,75.9,73.0,58.84,51.4,51.4,51.4,51.4,51.4,51.4,51.4,51.4,51.4,51.4,51.4,51.4,51.4,51.4,51.4,51.4,51.4,52.5,52.5,52.5,49.8,49.6,49.6,50.8,50.8,50.8,50.8,50.8,50.8,50.8,50.8,50.8,50.8,50.8,50.8,53.73,58.3,60.44,64.9,68.0,68.0,68.0,68.0,68.0,67.76,51.5,50.6,50.6,50.6,50.6,50.6,50.6,50.6,50.6,50.6,50.6,50.6,50.6,50.6,50.6,50.6,50.6,50.6,50.6,50.6,50.6,50.6,50.6,50.6,50.6,50.6,50.6,50.6,50.6,50.6,50.6,50.6,50.6,50.6,50.6,50.6,50.6,50.6,50.6,43.96,10.67,10.84,8.7,8.7,4.36,18.3,14.57,10.4,6.0,3.5,6.9,6.9,6.9,6.9,6.9,6.9,6.9,6.9,6.9,6.9,6.9,6.9,16.4,30.76,48.24,49.6,49.6,49.6,49.6,49.6,49.6,49.6,49.6,33.43,18.1,18.1,15.8,11.8,11.8,11.8,10.4,11.4,11.4,10.67,10.6,10.6,10.6,10.6,10.6,10.6,10.6,10.6,10.6,10.6,44.8,51.4,50.4,49.8,49.8,49.8,49.8,49.8,49.8,49.8,49.8,49.8,49.8,49.8,49.8,49.8,49.8,49.8,49.8,49.8,49.8,49.8,49.8,49.8,49.8,49.8,49.8,49.8,48.3,49.2,49.2,49.2,49.2,49.94,52.5,57.36,66.4,67.0,67.0,75.17,75.5,75.5,75.5,75.5,75.5,75.5,75.5,75.5,75.5,75.5,75.3,75.3,75.3,75.3,75.3,75.3,75.3,75.3,75.3,75.3,75.3,75.3,75.3,75.3,75.3,75.3,75.3,75.3,75.3,75.3,75.3,75.3,75.3,75.3,67.6,68.3,68.3,68.3,68.3,68.3,68.3,68.3,68.3,68.1,68.0,68.0,68.0,68.0,68.55,69.5,69.5,68.1,68.1,68.1,68.1,63.17,49.0,51.7,52.7,52.7,52.7,52.5,54.1,54.1,54.1,54.8,54.8,54.35,47.78,46.7,45.2,44.0,43.4,43.4,43.4,43.4,43.4,46.01,45.2,48.57,49.0,49.0,49.0,49.0,49.0,49.0,49.0,49.0,49.0,49.0,49.0,49.0,49.0,49.0,49.0,49.0,48.1,63.5,63.5,64.3,64.9,65.3,65.3,65.3,65.3,65.3,57.75,46.21,39.2,40.0,39.48,29.3,29.3,29.3,29.3,29.3,29.2,29.0,28.0,28.0,20.1,19.1,17.4,17.4,17.4,17.4,17.4,17.4,17.4,17.4,9.5,6.6,6.6,4.32,3.9,3.9,3.3,2.9,2.9,2.9,2.9,2.9,2.9,2.9,2.9,2.9,4.6,4.6,4.6,4.6,4.6,4.6,4.6,5.0,5.0,5.0,5.0,6.2,6.2,6.2,8.9,9.1,49.04,59.3,59.3,59.3,64.19,64.7,64.7,64.7,64.7,64.7,64.7,64.7,64.7,64.7,64.7,56.4,56.4,55.19,53.9,53.9,53.9,53.9,53.9,53.9,53.3,51.77,48.6,48.1,48.1,48.1,48.1,48.1,48.2,54.1,54.1,54.1,53.3,51.5,50.08,46.3,46.1,46.3,61.6,68.3,68.3,68.3,68.3,68.5,70.3,69.5,69.5,69.5,69.5,69.5,69.5,69.5,65.6,65.6,63.9,62.0,61.6,61.6,61.6,61.6,55.46,50.8,49.2,45.9,44.93,39.7,39.2,39.2,38.01,37.8,37.8,37.8,37.8,34.92,29.3,23.78,23.2,23.2,23.2,23.2,23.2,34.43,45.7,43.6,36.38,36.1,36.1,39.38,52.3,52.5,59.8,59.8,63.9,64.7,64.7,64.7,64.5,57.55,49.1,49.0,35.75,27.86,15.97,12.9,12.9,12.9,12.9,58.69,68.0,68.0,68.0,66.6,66.0,65.8,65.8,65.8,65.1,55.08,45.91,40.0,39.6,39.6,39.6,39.6,39.6,39.6,39.6,36.9,32.06,7.9,7.9,7.9,7.9,7.9,7.9,7.9,7.9,7.9,7.9,7.9,7.9,7.9,7.9,7.78,2.3,1.9,2.3,2.3,2.3,2.3,2.3,2.3,2.3,2.3,2.3,2.3,2.3,2.3,2.3,10.0,12.21,35.5,37.1,35.5,35.5,35.5,35.5,35.5,35.5,35.5,37.56,39.0,39.0,23.6,23.6,23.6,24.3,24.3,48.8,50.2,50.2,50.2,50.2,50.2,50.2,49.94,26.45,6.2,6.2,5.4,5.4,2.7,3.3,3.3,3.3,3.3,3.3,3.3,3.3,3.3,3.3,3.3,3.3,3.3,3.3,3.3,3.3,3.3,6.2,6.2,6.4,6.4,6.4,8.1,4.4,1.7,2.9,2.9,3.1,3.3,3.3,5.0,5.8,5.8,5.8,5.8,5.8,5.8,12.4,18.9,17.47,11.8,11.8,11.8,11.8,11.8,11.8,11.8,10.8,10.6,10.6,10.6,28.6,32.65,37.3,39.02,39.2,39.2,39.93,41.1,41.3,41.3,41.3,41.3,41.3,41.3,41.3,41.3,41.3,47.3,53.84,59.1,66.84,75.64,79.3,79.3,79.3,79.3,79.3,78.6,78.6,75.5,75.5,75.5,59.35,56.9,51.7,49.8,50.2,50.2,50.2,50.2,50.2,50.2,50.2,50.2,50.2,50.2,50.2,50.2,62.2,53.85,55.0,55.8,55.8,55.8,55.8,55.8,55.8,55.8,55.2,49.47,49.0,49.0,50.0,51.4,55.6,62.58,63.1,64.1,64.1,64.1,64.1,64.1,54.8,54.8,53.5,53.5,50.51,50.0,50.0,50.0,50.0,50.0,50.0,50.0,50.0,50.0,50.0,51.58,51.9,51.9,51.9,51.9,51.9,51.9,51.9,51.9,51.9,42.3,38.2,38.2,38.2,45.51,54.73,53.1,52.3,52.3,51.7,51.7,51.7,51.7,51.7,51.7,51.7,51.7,51.7,51.7,51.7,51.7,51.7,49.67,48.7,50.2,50.2,50.2,50.2,50.2,55.2,55.2,55.2,55.2,55.2,55.2,55.2,55.2,55.2,55.2
P128,59.8,59.8,59.8,59.8,59.8,59.8,59.8,59.8,59.8,59.8,59.8,59.8,59.8,59.8,59.8,59.8,59.8,59.8,59.8,59.8,59.8,59.8,59.8,59.8,59.8,59.8,59.8,59.8,59.8,59.8,59.8,59.8,59.8,59.8,59.8,59.8,59.8,59.8,59.8,59.8,59.8,59.8,59.8,59.8,59.8,59.8,59.8,59.8,59.8,59.8,59.8,59.8,59.8,59.8,59.8,59.8,59.8,59.8,59.8,59.8,59.8,59.8,59.8,59.8,59.8,59.8,59.8,59.8,59.8,59.8,59.8,59.8,59.8,59.8,59.8,59.8,59.8,59.8,59.8,59.8,59.8,59.8,59.8,59.8,59.8,59.8,59.8,59.8,59.8,59.8,59.8,59.8,59.8,59.8,59.8,59.8,59.8,59.8,59.8,59.8,59.8,59.8,59.8,59.8,59.8,59.8,59.8,59.8,59.8,59.8,59.8,59.8,59.8,59.8,59.8,59.8,59.8,59.8,59.8,55.2,51.3,51.3,48.55,47.4,48.7,52.2,52.2,52.2,50.9,50.4,50.4,50.4,46.3,50.4,50.4,50.4,50.4,50.4,50.4,50.4,50.4,50.4,50.4,50.4,50.4,50.4,50.4,50.4,50.4,50.4,50.4,50.4,50.4,51.91,42.4,42.2,42.2,42.2,42.2,42.2,42.2,42.2,42.2,42.2,42.2,42.2,37.0,37.0,37.0,37.0,37.0,37.0,37.0,37.0,37.0,37.0,37.0,37.0,37.0,37.0,37.0,37.0,37.0,37.0,34.4,34.4,34.4,34.4,34.4,34.4,34.4,34.4,34.4,34.4,34.4,34.4,34.4,34.4,34.4,34.4,34.4,34.4,34.4,34.4,34.4,34.4,34.4,34.4,36.5,38.0,38.5,38.5,38.5,38.5,38.5,38.5,38.5,38.5,38.5,38.5,38.5,38.5,38.5,38.5,38.5,38.5,38.5,38.5,38.5,38.5,38.5,38.5,38.5,38.5,38.5,38.5,38.5,38.5,38.5,38.5,38.5,38.5,38.5,38.5,38.5,38.5,38.5,38.5,38.5,38.5,38.5,38.5,38.5,38.5,38.5,38.5,38.5,38.5,38.5,38.5,38.5,38.5,38.5,38.5,38.5,38.5,38.5,38.5,38.5,38.5,38.5,38.5,38.5,39.3,38.7,38.7,38.7,38.7,38.7,38.7,38.7,38.7,38.7,38.7,38.7,38.7,38.7,38.7,38.7,38.7,38.7,38.7,38.7,38.7,38.7,38.7,38.7,38.7,38.7,38.7,38.7,38.7,38.7,38.7,38.7,38.7,38.7,38.7,38.7,38.7,38.7,38.7,38.7,38.7,38.7,38.7,38.7,38.7,38.7,38.7,38.7,38.7,38.7,38.7,38.7,38.7,38.7,38.7,38.7,38.7,38.7,38.7,38.7,38.7,38.7,38.7,38.7,38.7,38.7,38.7,38.7,38.7,38.7,38.7,38.7,38.7,38.7,38.7,38.7,38.7,38.7,38.7,38.7,38.7,38.7,38.7,38.7,38.7,38.7,38.7,38.7,38.7,38.7,38.7,38.7,38.7,38.7,38.7,38.7,38.7,38.7,38.7,38.0,34.3,33.9,33.9,33.9,33.9,33.9,33.9,33.9,33.9,33.9,33.9,33.9,30.0,29.6,29.6,29.6,29.6,29.6,29.6,29.6,29.6,29.6,29.6,29.6,29.6,29.6,27.6,27.6,27.6,27.6,27.6,27.6,27.6,27.6,27.6,27.6,27.6,27.6,27.6,27.6,27.6,27.6,27.6,27.6,27.6,25.0,22.2,22.2,22.2,22.2,22.2,22.2,22.2,22.2,22.2,22.2,22.2,22.2,22.2,22.2,22.2,22.2,22.2,22.2,22.2,22.2,22.2,22.2,22.2,22.2,22.2,19.1,20.9,22.2,22.2,22.2,22.2,22.2,22.2,22.2,22.2,22.2,22.2,22.2,22.2,22.2,22.2,19.1,19.1,21.3,21.3,21.3,21.3,21.3,21.3,21.3,21.3,21.3,21.3,21.3,21.3,21.3,21.3,21.3,21.3,21.3,21.3,21.3,21.3,21.3,21.3,21.3,21.3,21.3,21.3,21.3,21.3,21.3,21.3,21.3,21.3,21.3,21.3,22.0,22.0,22.0,22.0,22.0,22.0,22.0,22.0,22.0,22.0,22.0,22.0,22.0,22.0,22.0,22.0,22.0,22.0,22.0,22.0,22.0,22.0,22.0,22.0,22.0,22.0,22.0,22.0,22.0,22.0,22.0,22.0,22.0,22.0,22.0,22.0,20.7,19.6,19.6,19.6,19.6,18.71,16.3,16.3,16.3,16.3,16.3,16.3,16.3,16.3,16.3,16.3,16.3,15.9,13.7,13.7,13.7,13.7,13.7,13.7,13.7,13.7,13.7,13.7,13.7,13.7,13.7,11.5,13.1,13.1,13.1,13.1,12.4,12.4,12.4,12.4,10.61,8.5,8.5,8.5,8.5,8.5,8.5,5.9,5.9,4.6,4.6,4.6,4.6,4.6,4.6,4.6,4.6,4.6,4.6,4.6,4.6,4.6,4.6,4.6,4.6,4.6,4.6,4.6,4.6,4.6,4.6,4.6,4.6,4.6,4.6,4.6,4.6,4.6,4.6,4.6,4.6,4.6,4.6,4.6,4.6,4.6,4.6,4.6,3.7,3.7,3.7,3.5,3.5,3.5,3.5,3.5,2.0,2.0,2.0,2.0,2.0,2.0,2.0,2.0,2.0,2.0,2.0,2.0,2.0,2.0,2.0,2.0,2.0,2.0,2.0,2.8,3.0,3.0,4.8,8.9,13.7,13.7,7.8,4.8,4.8,4.8,7.39,8.5,8.7,8.7,11.7,11.7,13.9,13.9,13.9,13.9,13.9,14.1,15.4,15.4,15.4,15.4,15.4,15.4,15.4,15.4,15.4,15.4,15.4,15.4,15.4,15.4,14.4,14.4,14.4,14.4,14.4,14.4,14.4,14.4,14.4,14.4,14.4,14.4,14.4,14.4,14.4,14.4,14.4,14.4,14.4,22.38,30.4,30.4,30.4,30.4,30.4,30.4,33.0,33.0,33.0,36.3,37.0,37.0,37.0,37.0,40.4,40.2,39.6,39.6,39.6,36.9,36.9,36.9,36.9,36.9,36.9,36.9,35.9,35.7,35.7,35.7,35.7,35.7,35.7,35.7,35.7,35.7,35.7,35.7,35.7,35.7,35.7,35.7,35.7,35.7,33.5,33.5,33.5,33.5,33.5,33.5,33.5,33.5,33.5,33.5,33.5,33.5,33.5,33.5,34.59,42.2,43.0,43.0,43.0,43.0,43.0,43.0,43.0,43.0,43.0,43.0,43.0,43.0,43.0,43.0,43.0,43.0,43.0,43.0,43.0,43.0,43.0,43.0,43.0,43.0,43.0,43.0,43.0,43.0,43.1,43.9,43.9,43.9,43.9,43.9,43.9,43.9,43.9,43.9,44.8,45.9,45.9,45.9,45.9,45.9
P129,80.6,80.6,80.6,80.6,80.6,80.6,80.6,80.6,80.6,80.6,80.6,80.6,80.6,80.6,80.6,80.6,80.6,80.6,80.6,80.6,78.56,80.1,80.1,80.1,80.1,80.4,80.4,80.4,80.4,80.4,80.4,80.4,80.4,80.4,80.4,80.4,80.4,80.4,80.4,80.4,80.4,80.4,80.4,80.4,80.4,80.4,80.4,80.4,80.4,80.4,80.4,80.4,80.4,80.4,80.4,80.4,80.4,80.4,80.4,70.24,48.0,48.3,59.85,64.7,64.7,64.7,64.7,64.7,64.7,63.36,29.69,29.2,37.2,46.9,64.8,64.8,64.8,64.8,64.8,64.7,64.7,64.2,64.2,64.2,64.2,64.2,64.2,63.7,63.7,63.7,63.7,63.7,63.7,63.7,63.7,63.7,63.7,63.7,63.7,63.7,63.6,63.6,63.3,63.3,63.3,63.0,63.0,63.0,63.0,63.0,63.0,63.0,63.0,69.0,69.0,73.6,73.6,73.6,73.6,73.6,74.5,74.5,74.5,74.5,74.5,74.5,74.5,74.5,74.5,74.5,74.5,74.5,74.5,74.5,74.5,74.5,74.5,74.5,74.1,73.9,73.9,73.5,73.5,73.5,73.5,73.5,73.5,73.5,73.5,73.0,73.0,72.5,72.4,72.4,72.4,72.4,72.4,72.4,72.4,72.4,72.4,72.4,72.4,72.4,72.4,72.4,72.4,71.12,42.08,36.44,33.12,35.2,36.7,46.85,57.1,60.3,60.3,62.3,62.3,62.3,62.3,62.3,62.3,62.3,62.3,62.3,62.3,62.3,62.3,62.3,62.3,62.3,62.3,62.3,58.63,30.65,30.6,55.38,70.76,69.02,30.6,19.3,16.0,15.6,15.6,15.6,15.6,15.6,15.6,15.6,15.6,15.6,15.6,15.6,22.72,72.1,72.1,72.1,72.1,82.27,82.9,82.9,82.9,82.9,81.8,81.6,81.2,80.6,80.6,80.6,80.6,80.6,80.6,80.6,80.6,80.6,80.6,80.6,80.6,80.6,80.6,80.6,80.6,80.6,80.6,80.6,80.6,80.6,80.6,80.6,80.6,80.6,80.6,80.6,80.6,80.6,80.6,80.6,80.6,80.6,80.6,80.6,80.6,80.6,80.6,80.6,80.6,80.6,80.6,80.6,80.6,80.6,80.6,80.6,80.6,80.6,80.6,80.6,80.6,80.6,80.6,79.16,70.59,56.98,62.83,76.9,76.9,76.9,76.9,76.9,76.9,76.9,76.9,76.9,76.9,76.9,76.9,76.9,76.9,76.9,76.9,76.9,76.9,76.9,76.9,76.9,76.5,76.5,76.4,76.2,76.2,76.2,75.8,75.8,75.8,75.8,75.8,75.8,75.8,75.8,75.8,75.8,75.8,75.8,75.8,75.8,75.8,75.8,75.8,75.8,75.8,75.8,75.8,75.8,75.8,75.8,75.8,75.8,75.8,75.8,75.8,75.8,75.8,75.8,75.8,75.8,75.8,75.8,75.8,75.55,70.6,67.1,67.9,67.9,68.1,67.99,83.6,35.6,24.5,24.5,24.5,24.5,24.5,60.18,72.2,72.2,71.8,71.8,71.8,71.8,71.8,71.8,71.8,71.8,71.6,71.6,71.6,71.6,71.6,71.6,71.6,71.6,71.6,71.6,71.5,71.1,71.0,70.7,70.5,70.5,70.5,70.5,70.5,70.5,70.4,69.31,69.1,69.1,69.1,69.1,69.1,69.1,69.1,69.1,69.1,69.1,69.1,69.1,69.1,69.1,69.1,69.1,69.1,69.1,69.1,69.1,69.1,69.1,69.1,69.1,69.1,69.1,69.1,69.1,69.1,69.1,69.1,69.1,69.1,69.1,69.1,69.1,69.1,69.1,69.1,69.1,69.1,69.1,69.1,69.1,69.1,69.1,69.1,69.1,69.1,69.1,69.1,69.1,69.1,69.1,69.1,69.1,69.1,69.1,69.1,69.1,69.1,69.1,69.1,69.1,69.1,69.1,69.1,69.1,69.1,69.1,69.1,69.1,69.1,69.1,69.1,69.1,69.1,69.1,69.1,69.1,69.1,69.1,69.1,69.1,69.1,69.1,69.1,69.1,69.1,69.1,69.1,69.1,69.1,69.1,69.1,69.1,69.1,69.1,69.1,69.1,69.1,69.1,69.1,69.1,69.1,69.1,69.1,69.1,69.1,69.1,69.1,69.1,69.1,69.1,69.1,69.1,69.1,69.1,69.1,69.1,69.1,69.1,69.1,69.1,69.1,69.1,69.1,69.1,69.1,69.1,69.1,69.1,69.1,69.1,69.1,69.1,69.1,69.1,69.1,69.1,69.1,69.1,69.1,69.1,69.1,69.1,69.1,69.1,69.1,69.1,69.1,69.1,69.1,69.1,69.1,69.1,69.1,69.1,69.1,69.1,69.1,69.1,69.1,69.1,69.1,69.1,69.1,69.1,69.1,69.1,69.1,69.1,69.1,62.58,62.3,62.3,71.21,92.79,92.4,92.4,92.4,92.4,92.4,91.89,91.7,91.7,91.7,91.7,91.7,91.7,91.7,91.7,91.7,91.7,91.7,91.7,91.7,91.7,91.7,91.7,91.7,91.7,91.7,91.7,91.7,91.7,91.7,91.7,91.7,91.7,91.7,91.7,91.7,91.7,91.7,91.7,91.7,91.7,91.7,91.7,91.7,91.7,86.49,27.93,15.3,44.11,65.6,65.6,65.6,65.6,65.6,65.6,65.6,65.6,65.6,65.6,65.6,65.6,65.6,65.6,65.6,65.6,65.6,65.6,65.6,65.6,65.6,65.6,65.6,65.6,65.6,65.6,65.6,65.6,65.6,65.6,65.6,65.6,65.6,65.6,65.6,65.6,65.6,65.6,65.6,65.6,65.6,70.37,79.51,79.9,79.9,79.9,79.9,79.9,81.9,81.9,81.9,81.9,81.9,81.9,81.9,81.9,81.9,81.9,81.9,81.9,81.9,81.9,81.9,81.9,81.9,81.9,81.9,81.9,81.9,81.9,81.9,81.9,81.9,81.9,81.9,81.9,81.9,81.9,81.9,81.9,81.9,81.9,81.9,81.9,81.9,81.9,81.9,81.9,81.9,81.9,81.9,81.9,81.9,81.9,81.9,81.9,81.9,81.9,81.9,81.9,81.9,81.9,81.9,81.9,81.9,81.9,81.9,81.9,81.9,81.9,81.9,81.9,81.9,81.9,81.9,81.9,81.9,81.9,81.9,81.9,81.9,81.9,94.6,90.27,76.2,67.1,53.77,45.7,70.79,74.7,74.7,74.7,80.76,88.3,88.3,84.36,85.53,91.5,91.5,91.5,91.5,91.5,91.5,91.5,91.5,91.5,91.5,91.5,91.5,91.5,91.5,91.5,91.5,91.5,91.5,91.5,91.5,91.5,91.5,91.5,91.5,91.5,91.5,91.5,91.5,91.5,91.5,91.5,91.5,91.5,91.5,91.5,91.5,91.5,91.5,91.5,91.5,91.5,91.5,91.5,91.5,91.5,91.5,91.5,91.5,91.5
P130,85.9,85.9,85.9,84.4,84.4,84.4,84.4,84.4,84.4,84.4,84.4,84.4,84.4,84.8,85.0,85.0,85.0,85.0,85.0,85.0,84.8,84.2,84.2,83.5,83.5,83.3,83.3,83.1,81.63,83.3,83.3,83.5,83.5,83.5,83.5,82.6,82.4,81.8,81.8,81.8,81.8,81.8,81.8,81.8,81.6,81.6,81.6,81.3,81.3,81.3,81.3,81.3,81.3,80.7,80.7,80.9,80.9,80.9,80.9,80.9,80.9,80.9,80.9,80.9,80.9,80.9,80.9,80.9,80.9,80.9,80.9,80.9,75.12,71.4,62.8,30.2,23.6,14.3,13.62,13.7,13.9,22.6,22.6,22.6,22.6,33.99,77.7,77.7,77.7,79.0,79.0,79.0,79.0,79.0,79.0,79.18,79.2,79.6,80.0,80.0,79.6,79.4,79.4,79.4,79.4,79.4,79.4,79.4,79.0,79.0,79.0,78.7,78.7,78.7,78.7,78.7,78.7,78.7,78.1,78.1,78.1,74.36,32.8,18.4,18.4,18.4,18.2,18.2,16.3,16.3,16.3,16.3,16.3,16.3,16.3,16.3,16.3,16.3,16.3,16.3,16.3,16.3,16.1,17.8,15.0,15.0,15.0,14.8,14.8,14.8,15.0,15.0,15.0,15.0,15.0,15.0,15.0,16.7,16.7,20.11,20.6,20.6,20.6,20.6,20.6,48.17,81.1,80.0,80.0,80.0,79.6,78.5,78.5,78.1,76.62,74.8,74.8,72.7,71.6,44.56,26.2,26.2,26.2,25.8,25.8,25.8,25.8,25.8,26.9,24.1,24.1,24.1,24.1,24.1,24.1,23.0,23.0,23.0,23.0,22.1,21.9,21.9,21.9,21.9,21.9,21.9,21.9,21.9,21.9,21.9,21.9,21.9,24.51,23.6,23.4,23.2,23.2,23.2,23.2,23.2,23.2,23.2,23.2,23.2,23.2,23.4,26.7,26.7,27.82,32.3,37.1,37.1,62.9,76.4,76.4,76.4,76.4,76.4,76.4,76.6,76.6,76.6,76.8,76.8,76.8,76.8,76.8,76.8,76.8,76.8,76.8,76.8,76.8,76.8,76.8,76.8,76.8,76.8,70.1,70.1,70.1,70.1,70.1,70.1,70.1,70.1,70.1,65.9,65.9,23.0,23.0,23.0,23.0,23.0,23.0,23.0,23.0,23.0,23.0,23.0,23.0,23.0,23.0,23.0,23.0,23.0,23.0,23.0,23.0,23.0,23.0,41.23,69.0,69.0,69.0,69.0,69.0,69.0,69.0,69.0,69.0,69.0,69.0,69.0,69.0,69.0,69.0,69.0,69.0,69.0,69.0,69.0,69.0,37.15,26.0,26.0,19.5,19.5,19.5,19.5,19.5,19.5,19.5,19.5,19.5,19.5,19.7,19.7,19.7,19.7,19.7,19.7,19.7,19.7,19.7,19.7,19.7,19.7,19.7,19.7,19.7,19.7,20.2,20.2,20.2,23.0,23.6,23.6,23.6,23.6,23.6,23.6,23.6,23.6,23.0,23.0,23.2,27.72,75.1,77.9,77.9,77.9,77.9,77.9,77.9,77.9,77.9,77.9,77.9,77.9,77.2,34.06,29.7,29.7,29.7,29.7,29.7,29.7,29.7,29.7,29.7,29.7,29.7,29.7,29.7,29.7,29.7,29.7,29.7,29.7,29.7,29.7,29.7,29.5,29.5,29.5,29.1,29.1,29.1,29.1,29.1,29.1,29.1,29.1,29.1,29.1,28.9,26.91,26.2,26.2,26.2,26.2,26.2,26.2,21.49,20.4,20.4,20.4,20.4,20.4,20.4,20.2,20.0,20.0,20.0,20.0,20.0,20.0,20.0,20.0,20.0,20.0,20.0,20.0,20.0,20.0,20.0,20.0,20.0,20.0,20.0,20.0,20.0,20.0,20.0,20.0,20.0,20.0,20.0,20.0,20.0,20.0,20.0,19.7,20.0,21.5,22.8,22.8,22.8,22.8,24.5,24.5,24.5,24.5,24.5,24.5,24.5,24.5,24.5,24.5,24.5,24.5,24.5,24.5,24.5,24.5,24.5,24.5,24.5,24.5,24.5,24.5,24.5,24.5,24.5,24.5,24.5,24.5,24.5,24.5,24.5,24.5,26.7,27.3,26.5,26.5,26.5,26.5,28.34,28.9,28.9,28.9,28.9,28.9,29.3,30.4,30.4,30.6,30.8,32.22,27.5,27.1,27.1,27.1,27.1,27.1,27.1,27.1,27.1,27.1,26.9,26.9,26.9,26.9,26.9,28.0,25.6,25.6,25.6,25.6,25.6,25.6,25.6,24.5,24.5,24.5,24.5,24.5,24.5,24.5,24.5,24.5,24.5,24.5,24.5,24.5,24.5,24.5,24.5,24.5,24.5,24.5,24.5,24.5,24.5,24.5,24.5,24.5,23.6,23.6,23.6,23.6,23.6,23.6,23.6,23.6,23.6,23.6,23.6,23.6,23.6,23.6,23.6,23.6,23.6,23.6,23.6,23.6,23.6,23.6,23.6,21.7,18.22,18.0,18.0,18.0,18.0,10.6,13.9,13.9,14.8,14.8,13.4,13.4,13.4,13.4,13.4,12.8,12.8,12.8,12.8,12.4,12.4,12.4,12.8,16.3,16.3,16.3,16.3,16.3,16.3,16.3,16.3,16.3,16.3,16.3,16.3,16.3,16.3,16.3,16.3,16.3,16.3,16.3,16.3,14.1,14.1,14.1,14.1,14.1,13.22,13.4,17.4,18.4,18.4,13.2,14.3,14.3,14.3,14.3,14.3,14.3,14.3,14.3,14.3,14.3,14.3,14.3,14.3,14.3,14.3,14.3,14.3,14.3,14.3,14.3,14.3,14.3,14.3,14.3,14.3,14.3,14.3,12.6,13.9,17.1,15.8,15.8,15.8,15.8,15.8,15.8,15.8,15.8,15.8,15.8,15.8,15.8,15.8,15.8,15.8,15.8,15.8,15.8,15.8,15.8,15.8,15.8,15.8,15.8,15.8,17.1,17.1,27.5,41.0,41.9,41.9,41.9,41.9,41.9,43.0,43.0,43.0,43.0,43.0,43.0,86.45,90.0,90.0,90.0,90.0,90.0,90.0,90.0,90.0,90.0,91.3,91.5,91.5,90.9,90.7,90.7,90.7,90.7,90.7,90.7,90.5,89.43,86.1,86.1,86.1,84.81,83.9,82.6,82.6,82.6,82.6,82.6,82.6,82.6,82.6,82.6,82.6,82.6,82.6,82.6,82.6,82.6,82.6,82.6,81.8,84.4,78.5,78.5,75.1,75.1,75.1,75.1,75.1,75.1,75.1,75.1,75.1,75.1,75.1,75.1,75.1,75.1,75.1,75.1,75.1,75.1,75.1,75.1,75.1,75.1,75.1,75.1,75.1,75.1,75.1,75.1,75.1,75.1,75.1,75.1,75.1,75.1,75.1,75.1,75.1,75.1,75.1,75.1,75.1,75.1,75.1,75.1,75.1,75.1,75.1,75.1,75.1,75.1,75.1,75.1,75.1,75.1
P131,78.6,78.6,78.6,78.6,78.6,78.6,78.3,78.6,78.6,78.7,78.6,78.4,78.4,78.4,78.21,84.2,82.6,81.5,77.09,70.3,68.52,72.6,72.2,72.8,74.3,76.1,76.1,76.8,76.8,76.8,76.8,76.8,76.8,77.79,79.9,79.9,78.4,78.4,72.87,76.58,39.78,13.3,13.3,13.3,13.3,13.3,13.3,13.3,20.4,23.2,23.2,23.2,33.6,33.6,33.6,33.6,33.6,34.1,53.51,68.7,77.0,82.2,82.2,80.26,47.7,50.74,62.3,41.83,24.1,23.49,22.0,22.0,22.0,22.0,22.0,22.0,22.0,24.59,24.7,25.1,25.1,37.3,32.0,32.0,58.9,58.9,58.9,60.71,68.16,71.0,71.0,71.0,71.0,73.65,74.5,50.69,34.0,34.0,34.0,34.0,34.0,34.0,34.0,37.97,61.4,68.3,85.3,87.8,87.8,87.8,87.8,87.8,87.8,87.8,87.8,87.8,87.8,87.8,87.8,87.8,46.99,40.59,35.2,30.0,29.9,29.9,29.9,29.9,29.9,29.9,29.2,19.1,18.3,18.3,19.5,54.14,71.2,71.2,71.2,37.3,32.29,32.2,30.5,30.5,30.5,30.5,26.6,26.6,26.6,26.6,24.67,18.9,18.9,18.9,18.9,18.9,18.9,18.9,22.42,22.6,22.6,22.6,32.89,27.8,23.9,23.9,23.9,23.9,40.18,26.8,30.69,59.8,35.54,33.6,33.1,33.2,19.7,19.7,19.7,19.7,19.7,19.7,19.7,19.7,19.7,19.7,19.7,19.7,19.7,19.7,19.7,19.7,20.63,25.1,32.4,32.41,17.2,17.2,16.38,16.6,16.6,16.6,16.6,21.41,58.3,74.61,75.5,44.61,26.07,23.2,23.2,23.2,23.2,23.2,23.43,22.2,22.2,22.2,20.8,25.57,23.38,21.0,32.4,32.4,32.4,32.4,32.4,32.4,27.4,27.4,27.4,37.67,21.0,21.0,22.6,24.3,21.2,21.0,21.0,21.0,21.0,21.0,21.78,20.31,22.8,22.8,22.8,22.8,22.8,22.8,23.2,23.2,23.2,23.2,23.2,23.2,23.2,23.2,23.2,23.2,22.0,22.0,22.0,22.0,22.0,34.7,39.8,70.87,74.7,36.73,27.46,17.8,19.3,22.4,20.5,18.9,23.92,22.2,40.37,68.04,22.2,22.2,31.57,21.2,22.64,21.2,21.2,21.2,30.5,45.9,32.8,51.63,70.7,70.7,78.8,47.84,74.3,74.3,74.41,90.7,81.1,47.18,76.14,76.8,76.8,76.8,76.1,76.1,76.1,80.05,89.4,45.23,42.24,69.3,30.9,79.63,84.0,84.0,40.02,73.0,73.0,73.0,73.0,70.17,85.04,89.0,56.09,81.9,70.26,67.89,77.42,62.5,74.3,83.51,83.4,66.4,76.6,84.2,84.2,74.18,83.4,83.29,91.1,72.78,90.3,85.37,89.6,85.0,80.3,82.46,80.1,75.29,79.7,71.77,75.3,76.8,76.8,80.5,79.0,79.61,84.2,84.2,76.72,82.2,82.2,66.88,88.8,88.8,88.8,85.79,90.2,31.3,21.04,24.24,25.9,24.58,24.1,10.43,20.99,12.2,14.08,13.91,17.55,15.1,28.4,10.2,26.82,24.19,20.3,33.34,21.6,20.37,16.0,31.34,17.8,17.6,17.6,43.51,13.19,10.0,33.28,17.4,11.8,11.8,11.8,29.55,9.8,39.0,20.1,13.7,32.2,46.51,25.1,21.4,16.2,16.2,12.54,10.4,10.4,12.0,11.2,17.4,17.4,10.8,10.8,43.01,9.89,8.5,8.5,13.47,12.5,12.69,10.8,30.0,11.0,11.0,11.0,22.01,6.2,17.9,2.64,1.99,4.66,1.97,13.59,13.5,13.1,36.87,13.7,6.1,32.38,7.5,34.9,10.8,33.33,15.71,11.2,32.98,22.02,12.5,12.5,16.27,9.1,35.23,8.7,7.1,30.24,30.7,16.2,9.6,9.32,7.9,7.9,7.9,31.53,11.71,11.6,11.6,22.61,10.6,10.6,10.6,14.42,10.8,37.23,36.3,36.3,12.5,12.7,17.91,67.19,80.46,82.4,63.1,65.49,85.1,41.58,29.3,14.1,13.3,13.7,12.0,7.9,7.9,7.9,30.7,15.1,15.1,35.3,35.3,35.3,39.6,22.75,12.2,10.49,10.8,26.8,34.4,42.3,24.1,19.28,12.7,12.11,11.6,28.89,40.0,32.88,12.99,10.4,11.51,10.6,27.9,14.5,14.5,14.5,29.41,32.4,17.2,11.4,11.4,12.9,12.9,12.9,12.9,58.7,74.7,74.7,80.03,80.1,80.1,77.86,80.5,79.2,86.9,86.9,86.9,84.4,84.4,81.1,81.1,80.3,72.4,72.4,77.2,56.37,83.4,75.65,88.31,90.3,73.23,79.2,95.59,88.8,88.8,80.65,63.9,84.4,26.35,12.2,12.2,27.79,15.4,16.2,13.3,27.22,27.8,16.51,11.6,10.2,8.5,29.5,28.18,13.3,26.6,10.6,34.23,42.78,30.64,12.2,37.6,27.55,13.3,48.3,36.9,46.7,19.85,16.4,47.43,25.78,13.3,53.29,12.7,12.7,49.22,26.6,15.1,47.28,21.47,17.4,8.9,31.1,54.16,49.43,11.74,11.4,11.4,36.7,24.2,12.7,32.96,38.2,16.45,7.1,43.35,13.43,11.2,8.9,9.3,8.9,46.5,44.19,9.5,43.73,20.42,12.7,50.29,10.4,49.4,16.07,23.41,49.61,13.5,42.75,50.38,15.1,47.1,30.51,14.3,49.26,21.15,11.2,47.05,28.65,12.7,44.17,51.11,18.79,13.5,53.89,19.07,10.8,27.59,18.0,40.22,25.85,19.7,19.7,52.17,51.2,83.8,87.8,81.3,51.7,76.73,79.7,57.3,43.1,20.5,49.0,28.65,13.1,49.72,24.68,16.2,47.22,23.18,10.4,42.53,48.28,19.24,13.1,44.73,24.62,15.1,9.8,43.03,51.9,15.21,15.1,48.3,39.41,17.4,45.4,18.19,6.8,46.8,20.7,9.1,9.1,47.8,20.37,14.1,48.44,27.4,15.1,42.32,32.92,10.4,20.58,50.31,13.93,27.98,49.36,12.45,9.8,49.71,19.48,13.1,59.7,51.9,29.1,11.0,39.75,62.62,78.2,53.3,84.9,63.12,52.9,84.02,82.45,53.91,85.5,58.45,36.54,49.8,80.27,84.6,53.5,75.7,77.4,47.5,67.37,85.9,68.99,52.7,78.9,82.2,54.48,50.6,64.36,84.9,63.3,28.0,12.7,45.07,47.26,12.7,45.6,61.03,86.9,59.76,52.19,88.4,88.4,50.7,50.89,87.02,67.52,52.01,89.2,89.2,78.33,54.3,74.01,86.1,86.1,86.1,45.71,69.36,88.8,60.2,83.97,79.06,67.4,89.4,89.4,89.4
P132,49.4,49.4,49.4,49.4,49.4,49.4,49.6,49.6,49.6,49.6,49.6,49.6,49.6,52.84,53.1,53.1,53.1,53.1,53.1,53.1,53.1,53.1,53.1,53.1,53.1,53.1,50.62,51.0,48.8,48.8,48.8,48.8,52.57,54.8,54.8,54.8,54.8,54.8,54.8,58.9,58.9,58.9,58.9,58.9,58.9,52.95,51.2,51.2,51.2,56.6,56.6,56.6,56.6,56.6,56.6,56.6,56.6,56.6,56.6,56.6,56.6,56.6,55.2,50.8,50.8,50.8,50.8,50.8,50.8,50.8,50.8,50.8,50.8,50.8,50.8,50.8,50.8,50.8,50.8,50.8,50.8,50.8,50.8,50.8,50.8,50.8,50.8,50.8,50.8,50.8,50.8,50.8,50.8,50.8,50.8,50.8,51.5,51.5,51.5,51.5,51.5,51.5,51.5,51.5,51.5,51.5,51.5,51.5,51.5,51.5,51.5,51.5,51.5,51.5,51.5,51.5,51.5,51.5,51.5,51.5,51.5,51.5,51.5,51.5,51.5,51.5,51.5,51.5,51.5,51.5,51.5,50.8,48.3,48.3,48.3,48.3,48.3,48.3,48.3,54.4,54.8,54.8,54.8,54.8,54.8,54.8,54.8,54.8,54.8,54.8,54.8,54.8,51.0,50.6,50.6,44.68,37.6,37.6,37.6,37.6,37.6,37.6,37.6,37.6,37.6,37.6,37.6,37.6,37.6,37.6,37.6,37.6,37.6,37.6,37.6,37.6,37.6,37.6,37.6,37.6,37.6,37.6,37.6,37.6,37.6,37.6,29.9,29.9,29.9,29.9,29.9,29.9,29.9,33.94,36.3,36.3,36.3,38.8,44.8,47.7,47.7,47.7,47.7,47.7,47.7,47.7,47.7,47.7,47.7,47.7,47.7,47.7,47.7,47.7,47.7,47.7,47.7,47.7,47.7,47.7,47.7,47.7,47.7,47.7,47.7,47.7,47.7,47.7,47.7,47.7,47.7,47.7,47.7,47.7,47.7,47.7,47.7,47.7,47.7,47.7,47.7,47.7,47.7,47.7,47.7,47.7,47.7,47.7,47.7,47.7,47.7,47.7,47.7,47.7,47.7,47.7,47.7,47.7,47.7,47.7,47.7,47.7,47.7,47.7,47.7,47.7,47.7,47.7,47.7,47.7,47.7,47.7,47.7,47.7,47.7,47.7,47.7,47.7,47.7,47.7,47.7,47.7,47.7,47.7,47.7,47.7,47.7,47.7,47.7,47.7,52.23,50.4,50.8,50.8,50.8,50.8,50.8,50.8,50.8,50.8,50.8,50.8,50.8,50.8,50.8,50.8,50.8,50.8,50.8,50.8,50.8,50.8,50.0,50.0,50.0,50.0,50.0,50.0,50.0,50.0,50.0,50.0,50.0,50.0,50.0,50.34,49.6,49.6,49.6,49.6,49.6,49.6,49.4,49.94,50.4,50.4,50.4,50.4,50.6,50.6,50.0,50.0,50.0,50.0,50.0,50.0,50.0,50.0,50.0,50.32,50.4,49.89,49.4,49.4,49.4,49.4,49.4,49.4,49.4,49.4,49.4,49.4,49.4,49.4,49.4,49.4,49.4,49.4,52.3,53.1,54.86,55.46,51.0,53.76,54.53,55.2,55.2,56.41,59.23,60.0,62.0,63.22,63.3,63.3,63.3,63.3,63.5,63.5,63.5,63.5,63.5,63.5,63.5,63.5,62.2,62.0,61.6,58.23,52.77,46.5,46.3,46.3,40.55,39.6,39.6,39.6,38.0,38.0,38.0,38.0,38.0,38.0,38.0,38.0,38.0,38.0,38.0,36.7,34.9,34.9,34.9,34.9,34.9,34.9,34.9,33.47,25.7,25.7,25.7,25.7,25.7,25.7,25.7,21.67,17.2,17.2,17.2,17.2,17.2,17.2,17.2,17.2,17.2,17.2,17.2,17.2,17.2,13.43,11.8,11.8,11.8,11.8,11.8,11.8,11.8,11.8,11.8,11.8,11.8,11.19,8.7,8.7,8.7,8.7,8.7,8.7,8.7,8.7,8.7,8.7,8.7,8.7,8.7,8.7,8.7,8.7,8.7,8.7,5.4,5.4,5.4,5.4,5.4,5.4,5.4,5.4,5.4,5.4,3.9,5.74,12.08,12.9,12.9,12.9,12.9,12.9,12.9,12.9,12.9,12.9,12.9,12.9,12.9,12.9,12.9,12.9,12.9,12.9,12.9,12.9,12.9,12.9,12.9,12.9,12.9,12.9,12.9,12.9,12.9,12.9,12.9,12.9,12.9,7.3,7.3,7.3,7.3,7.3,7.3,7.3,7.3,7.3,12.12,14.1,14.1,13.56,8.7,8.7,8.7,8.7,8.7,8.7,8.7,8.7,8.7,8.7,8.7,8.7,8.7,8.7,8.7,8.7,8.7,8.7,8.7,8.7,8.7,8.7,8.7,8.7,8.7,8.7,8.7,8.7,8.7,8.7,8.7,8.7,8.7,8.7,8.7,8.7,8.7,8.7,5.8,2.77,0.0,0.0,0.0,0.0,0.0,0.0,0.0,0.0,0.0,0.0,0.0,0.0,0.0,0.0,0.0,0.0,0.0,0.0,0.0,0.0,0.0,0.0,0.0,0.0,0.0,0.0,0.0,0.0,0.0,0.0,0.0,0.0,0.0,0.0,0.0,0.0,0.0,0.0,0.0,0.0,0.0,0.0,0.0,0.0,0.0,0.0,0.0,0.0,0.0,0.0,0.0,0.0,0.0,0.0,0.0,0.0,0.0,0.0,0.0,0.0,0.0,0.0,0.0,0.0,0.0,0.0,0.0,0.0,0.0,0.0,0.0,0.0,0.0,0.0,0.0,0.0,0.0,0.0,0.0,0.0,0.0,0.0,0.0,0.0,0.0,0.0,0.0,0.0,0.0,0.0,0.0,0.0,0.0,0.0,0.0,0.0,0.0,4.2,5.8,6.9,7.5,7.5,7.5,7.5,7.5,7.5,10.4,10.4,10.4,10.4,10.4,10.4,10.4,11.2,11.8,11.8,11.8,11.8,11.8,13.3,13.42,15.23,16.07,30.23,32.26,38.13,36.9,36.9,36.9,45.2,45.2,45.2,47.9,49.2,49.2,49.2,49.2,49.2,49.2,49.2,49.2,49.2,49.2,49.2,49.2,49.2,49.2,49.2,49.2,49.2,49.2,49.2,49.2,49.2,49.2,49.2,49.2,49.2,49.2,49.2,49.2,49.2,49.2,49.2,49.2,49.2,49.2,49.2,49.2,49.2,49.2,49.2,49.2,49.2,49.2,49.2,49.2,49.2,49.2,49.2,49.2,49.2,49.2,49.2,49.2,49.2,49.2,49.2,49.2,49.2,49.2,49.2,49.2,49.2,49.2,49.2,49.2,49.2,49.2,49.2,49.2,49.2,49.2,49.2,49.2,49.2,49.2,49.2,49.2,49.2,49.2,49.2,49.2,49.2,49.2,49.2,49.2,49.2,49.2,49.2,49.2,49.2,49.2,49.2,49.2,49.2,50.33,55.3,57.7,57.7,57.7,57.7
P133,50.8,50.8,50.8,50.8,50.8,50.8,50.8,50.8,52.0,52.0,52.0,52.0,50.24,50.0,50.0,50.15,53.5,53.5,53.5,53.5,53.5,65.3,64.4,64.4,64.7,65.3,65.3,65.37,65.4,65.4,65.4,65.4,65.4,66.5,67.4,67.4,67.4,68.1,68.7,68.8,68.8,68.8,68.8,68.8,68.8,68.8,68.8,68.8,68.8,68.8,67.7,67.6,67.6,67.6,67.6,67.6,67.6,67.6,67.6,67.6,66.13,65.9,65.9,65.9,65.6,65.4,65.4,65.4,65.4,65.4,61.7,59.3,59.3,59.3,59.3,59.3,59.3,59.3,59.3,59.3,59.3,59.3,59.3,59.3,60.1,69.1,69.1,68.4,68.4,68.4,68.4,68.4,68.4,68.4,68.4,68.4,68.4,68.4,68.4,68.4,68.4,68.4,68.4,68.4,68.4,68.4,68.4,68.4,69.3,69.4,69.4,67.39,66.0,66.0,66.0,66.0,66.0,66.0,66.0,66.0,59.14,58.0,56.8,56.8,56.8,52.5,52.5,52.5,52.5,52.5,52.5,52.5,52.5,52.5,52.5,52.5,52.5,52.5,52.5,52.5,52.5,52.5,52.5,52.5,52.5,52.5,52.5,52.5,52.5,52.5,52.5,52.5,52.5,52.5,49.5,44.8,45.7,38.7,38.7,44.1,44.1,44.1,44.1,44.1,44.1,44.1,44.1,44.1,44.1,44.1,44.1,44.1,44.1,44.9,44.9,44.9,44.6,44.6,44.6,44.6,44.6,44.6,44.6,44.6,44.6,44.6,44.6,44.6,44.8,45.4,45.4,35.0,36.9,36.9,36.9,36.9,36.9,37.0,37.2,37.2,37.2,37.2,38.3,38.4,38.4,38.4,42.0,43.8,43.8,43.8,44.0,44.1,49.1,49.4,49.4,49.4,49.4,49.4,49.4,49.4,49.4,49.4,49.4,49.4,49.4,49.4,49.4,49.4,49.4,49.4,49.4,49.4,49.4,49.4,49.4,49.4,49.4,49.4,49.26,49.2,49.2,48.95,47.4,47.4,47.4,47.4,47.4,47.4,47.4,47.4,47.4,47.4,47.4,47.4,47.4,47.4,47.4,47.4,47.4,48.3,49.1,49.2,49.2,49.2,49.2,49.2,49.2,49.2,49.2,49.2,49.2,49.2,49.2,49.2,49.2,49.2,49.2,43.9,40.1,40.1,40.4,40.4,40.4,40.4,40.6,40.7,41.4,41.8,42.1,42.1,42.3,42.3,42.3,42.4,42.4,42.4,42.4,42.4,42.4,42.4,37.86,42.4,40.7,40.7,40.7,40.7,40.7,40.7,40.7,40.7,40.7,40.7,40.7,40.7,40.7,34.9,27.3,26.5,26.5,26.5,26.5,26.5,26.5,26.21,25.6,21.68,24.5,24.5,24.7,24.7,24.7,25.0,25.0,25.0,25.0,25.2,30.63,26.1,25.3,25.5,26.5,31.2,33.44,45.21,47.5,48.0,49.2,49.2,49.2,49.2,49.2,49.2,49.2,49.2,49.2,49.2,49.2,49.2,49.2,49.2,49.2,49.2,49.2,49.2,49.2,49.2,49.24,49.7,52.2,46.88,45.7,42.1,41.4,33.31,32.7,32.7,32.7,32.7,32.7,32.7,32.9,32.9,32.9,32.9,32.9,32.9,32.9,32.9,32.9,29.0,29.5,29.6,29.6,29.87,28.07,21.97,21.5,13.7,12.7,13.9,12.87,13.1,13.1,13.1,13.1,13.1,13.1,13.3,13.3,13.3,13.3,13.3,13.4,13.4,13.4,13.4,13.4,13.47,13.6,13.6,8.5,8.8,7.3,7.9,7.9,7.9,7.9,7.9,7.9,7.9,7.9,8.18,4.15,13.3,10.0,10.0,10.0,10.0,10.0,10.0,10.0,10.0,10.0,10.0,10.0,10.0,10.0,4.04,2.5,1.5,0.6,0.6,0.6,0.6,0.6,0.0,0.0,0.0,0.0,0.0,0.0,0.0,0.0,0.0,0.0,0.0,0.0,0.2,2.5,3.9,5.2,6.3,6.3,7.1,8.5,9.4,9.6,9.9,9.9,9.9,9.9,9.9,11.3,12.5,13.3,14.72,14.7,15.0,15.3,15.3,15.3,15.4,15.4,15.3,15.3,15.3,15.6,15.6,15.6,15.6,15.6,15.6,15.6,15.6,15.6,15.6,16.8,17.6,17.6,17.6,17.48,16.8,16.8,16.8,16.8,16.8,16.8,11.6,11.9,11.9,13.38,14.0,14.0,14.0,14.0,13.0,11.1,11.4,11.4,11.4,11.4,11.4,11.4,11.4,11.4,10.77,3.4,2.3,3.1,3.1,3.2,0.0,0.6,0.9,7.66,9.48,10.8,10.8,10.8,10.8,10.8,10.8,10.8,10.8,10.8,10.8,10.8,10.8,10.8,10.8,10.8,10.8,10.8,10.8,10.8,10.6,10.6,10.6,10.6,10.6,10.6,10.6,10.6,10.6,4.25,0.0,0.0,0.0,0.0,0.0,0.0,0.0,0.0,0.0,0.0,0.0,0.0,0.0,0.2,0.2,0.2,0.3,0.0,0.2,0.0,0.0,0.0,0.0,0.0,0.17,0.53,0.6,0.6,0.8,0.8,0.8,0.9,0.9,3.58,5.75,10.2,10.2,10.2,10.2,10.2,10.2,9.4,7.93,0.0,0.8,0.8,0.0,0.0,0.0,0.2,0.2,0.2,0.2,0.2,0.59,0.8,0.9,0.0,0.2,0.0,3.43,0.0,0.0,0.0,2.8,0.0,0.0,0.0,0.0,0.0,0.0,0.0,0.0,0.0,0.2,0.0,0.0,0.0,0.0,0.0,0.0,0.0,0.0,0.0,0.0,2.9,7.37,9.0,11.0,13.83,14.0,15.9,21.5,20.8,20.8,20.8,20.8,20.8,20.8,20.8,20.8,20.8,21.8,22.4,22.5,22.5,22.5,22.5,22.5,22.5,22.5,22.4,22.4,22.4,22.4,22.4,22.4,22.4,22.4,22.4,22.4,22.4,22.4,22.4,24.4,26.1,29.11,31.2,31.2,34.0,36.4,36.4,36.4,36.4,36.4,36.4,36.4,36.4,36.4,36.6,40.6,44.85,45.1,45.1,44.6,44.6,44.6,23.49,24.1,32.74,48.55,49.88,50.0,50.0,52.3,54.9,54.9,55.7,55.7,55.7,55.7,55.7,51.12,61.7,60.5,60.5,60.5,60.5,60.5,60.5,60.5,60.5,60.5,59.3,58.6,58.6,58.6,58.6,58.6,58.6,58.6,58.6,58.6,57.63,57.7,57.7,57.7,57.7,57.7,57.7,57.7,57.7,57.7,57.7,57.7,63.4,63.4,63.4,63.4,63.4,63.4,63.4,63.4,63.4,63.4,63.4,63.4,63.4,63.4,63.4,63.4,63.4,66.96,62.8,66.0,66.0,64.4,75.9,75.0,74.8,74.8,74.8,74.8,74.8,79.3,79.3,79.3,79.3,79.3,79.3,79.3,79.3,79.3
P134,50.0,50.0,50.0,50.0,50.0,50.0,50.0,50.0,50.0,50.0,50.0,50.0,50.0,50.0,54.02,50.6,50.0,50.0,54.2,51.96,63.14,60.0,60.0,60.0,60.0,60.0,60.0,60.0,60.0,60.0,60.0,60.0,60.0,60.0,60.0,60.0,60.0,60.0,60.0,60.0,60.0,60.0,60.0,60.0,60.0,60.0,60.0,60.0,60.0,60.0,60.0,60.0,60.0,60.0,60.0,60.0,60.0,60.0,60.0,60.0,60.0,60.0,60.0,60.0,60.0,60.0,60.0,60.0,60.0,60.0,60.0,60.0,60.0,60.0,60.0,60.0,60.0,60.0,60.0,60.0,60.0,60.0,60.0,60.0,60.0,60.0,60.0,60.0,60.0,60.0,60.0,64.28,67.8,67.8,67.8,69.7,69.7,69.7,69.7,69.7,69.7,69.7,69.7,69.7,69.7,69.7,69.7,69.7,69.7,69.7,69.7,69.7,69.7,69.7,69.7,69.7,69.7,69.7,69.7,69.7,69.7,69.7,69.7,69.7,69.7,69.7,69.7,69.7,69.7,55.03,23.7,21.0,21.0,21.0,21.0,21.0,21.0,21.0,21.0,21.0,21.0,21.0,21.0,21.0,21.0,21.0,21.0,21.0,21.0,21.0,21.0,21.0,21.0,21.0,21.0,21.0,21.0,21.0,21.0,21.0,21.0,21.0,21.0,21.0,21.0,21.0,21.0,21.0,21.0,21.0,21.0,21.0,21.0,21.0,21.0,21.0,21.0,21.0,21.0,21.0,21.0,21.0,21.0,21.0,21.0,21.0,21.0,21.0,21.0,21.0,21.0,21.0,21.0,21.0,21.0,21.0,21.0,21.0,21.0,21.0,21.0,21.0,21.0,21.0,21.0,21.0,21.0,21.0,21.0,21.0,21.0,21.0,21.0,21.0,21.0,21.0,21.0,21.0,21.0,21.0,21.0,21.0,21.0,21.0,21.0,21.0,21.0,21.0,21.0,21.0,21.0,21.0,21.0,21.0,21.0,21.0,21.0,21.0,21.0,21.0,21.0,21.0,21.0,21.0,21.0,21.0,21.0,21.0,21.0,21.0,21.0,21.0,21.0,21.0,21.0,21.0,21.0,21.0,21.0,21.0,21.0,21.0,21.0,21.0,21.0,21.0,21.0,21.0,21.0,21.0,21.0,21.0,21.0,21.0,21.0,21.0,21.0,21.0,21.0,21.0,21.0,21.0,21.0,21.0,21.0,21.0,21.0,21.0,21.0,21.0,21.0,21.0,21.0,21.0,21.0,21.0,21.0,21.0,21.0,21.0,21.0,21.0,21.0,21.0,21.0,21.0,21.0,21.0,21.0,21.0,21.0,21.0,21.0,21.0,21.0,21.0,21.0,21.0,21.0,21.0,21.0,21.0,21.0,21.0,21.0,21.0,21.0,21.0,21.0,21.0,21.0,21.0,21.0,21.0,21.0,21.0,21.0,21.0,21.0,21.0,21.0,21.0,21.0,21.0,21.0,21.0,21.0,21.0,21.0,21.0,21.0,21.0,21.0,21.0,21.0,21.0,21.0,21.0,21.0,21.0,21.0,21.0,21.0,21.0,21.0,21.0,21.0,21.0,21.0,21.0,21.0,21.0,21.0,21.0,21.0,21.0,21.0,21.0,21.0,21.0,21.0,21.0,21.0,21.0,21.0,21.0,21.0,21.0,21.0,21.0,21.0,21.0,21.0,21.0,21.0,21.0,21.0,21.0,21.0,21.0,21.0,21.0,21.0,21.0,21.0,21.0,21.0,21.0,21.0,21.0,21.0,21.0,21.0,21.0,21.0,21.0,21.0,21.0,21.0,21.0,21.0,21.0,21.0,21.0,21.0,21.0,21.0,21.0,21.0,21.0,21.6,19.9,14.51,1.7,0.0,18.1,18.1,30.1,22.6,22.2,22.2,22.2,33.17,68.0,68.0,68.0,68.0,68.0,68.0,68.0,68.0,68.0,68.0,68.0,68.0,68.0,68.0,68.0,68.0,68.0,68.0,68.0,68.0,68.0,68.0,68.0,68.0,68.0,68.0,68.0,68.0,68.0,68.0,68.0,68.0,68.0,68.0,68.0,68.0,68.0,68.0,68.0,68.0,68.0,68.0,68.0,68.0,68.0,68.0,68.0,68.0,68.0,68.0,68.0,68.0,68.0,68.0,68.0,68.0,68.0,68.0,68.0,68.0,68.0,68.0,68.0,68.0,68.0,68.0,68.0,68.0,68.0,68.0,68.0,68.0,68.0,68.0,68.0,68.0,68.0,68.0,68.0,68.0,68.0,68.0,68.0,68.0,68.0,68.0,68.0,68.0,68.0,68.0,68.0,68.0,68.0,68.0,68.0,68.0,68.0,68.0,68.0,68.0,68.0,68.0,68.0,68.0,68.0,68.0,68.0,68.0,68.0,68.0,68.0,68.0,67.4,79.01,70.81,17.4,7.1,0.0,5.55,6.9,6.9,6.9,6.9,6.9,6.9,6.9,6.9,6.9,6.9,6.9,6.9,6.9,6.9,6.9,6.9,6.9,6.9,6.9,6.9,6.9,6.9,6.9,6.9,6.9,6.9,6.9,6.9,6.9,6.9,6.9,6.9,6.9,6.9,6.9,6.9,6.9,6.9,6.9,6.9,6.9,6.9,6.9,6.9,6.9,6.9,6.9,6.9,6.9,6.9,6.9,6.9,6.9,6.9,6.9,6.9,6.9,6.9,6.9,6.9,6.9,6.9,6.9,6.9,6.9,6.9,6.9,6.9,6.9,6.9,6.9,6.9,6.9,6.9,6.9,6.9,6.9,6.9,6.9,6.9,6.9,6.9,6.9,6.9,6.9,6.9,6.9,6.9,6.9,6.9,6.9,6.9,6.9,6.9,6.9,6.9,6.9,6.9,6.9,6.9,6.9,6.9,6.9,6.9,6.9,6.9,6.9,6.9,6.9,6.9,6.9,6.9,6.9,6.9,6.9,6.9,6.9,6.9,6.9,6.9,6.9,6.9,6.9,6.9,6.9,6.9,6.9,6.9,6.9,6.9,6.9,6.9,6.9,6.9,6.9,6.9,6.9,6.9,6.9,6.9,6.9,6.9,6.9,6.9,6.9,6.9,6.9,6.9,6.9,6.9,6.9,6.9,6.9,6.9,6.9,6.9,6.9,6.9,6.9,6.9,6.9,6.9,6.9,6.9,6.9,6.9,6.9,6.9,6.9,6.9,6.9,6.9,6.9,6.9,6.9,6.9,6.9,6.9,6.9,6.9,6.9,6.9,6.9,6.9,6.9,6.9,6.9,6.9,6.9,6.9,6.9,6.9,6.9,6.9,6.9,6.9,6.9,6.9,6.9,6.9,6.9,6.9,6.9,6.9,6.9,6.9,6.9,6.9,6.9,6.9,6.9,6.9,6.9,6.9,6.9,6.9,6.9,6.9,6.9,6.9,6.9,6.9,6.9,6.9,6.9,6.9,6.9,6.9,6.9,6.9,6.9,6.9,6.9,6.9,6.9,6.9,6.9,6.9,6.9,6.9,6.9,6.9,6.9,6.9,6.9,6.9
P135,46.9,46.3,46.6,46.6,46.5,46.3,46.3,46.3,46.3,46.3,46.3,46.3,46.3,46.3,46.3,46.3,46.3,46.3,46.3,46.3,46.3,46.3,46.3,46.3,46.3,46.3,46.3,46.3,46.3,46.3,46.3,46.3,46.3,46.3,46.3,46.3,46.3,46.3,46.3,46.3,46.3,46.3,46.3,46.3,46.3,46.3,46.3,46.3,46.3,46.3,46.3,46.3,46.3,46.3,46.3,46.3,46.3,46.3,46.3,46.3,46.3,46.3,46.3,46.3,46.3,46.3,46.3,46.3,46.3,46.3,46.3,46.3,46.3,46.3,46.3,46.3,46.3,46.3,46.3,46.3,46.3,46.3,46.3,47.1,47.1,47.1,47.1,47.1,47.1,47.1,47.1,47.1,47.1,47.1,47.1,47.1,47.1,47.1,47.1,47.1,46.51,44.6,44.6,44.6,44.6,44.6,44.6,44.6,44.6,44.6,44.6,44.6,44.6,44.6,44.6,44.6,44.6,44.6,44.6,44.6,44.6,44.6,44.6,44.6,44.6,44.6,44.6,44.6,44.6,44.6,44.6,44.6,44.6,44.6,44.6,44.6,44.6,44.6,44.6,44.6,44.6,44.6,44.6,44.6,44.6,44.6,44.6,44.6,44.6,44.4,44.4,44.4,44.4,44.4,44.4,44.4,44.4,44.4,44.4,44.4,44.4,44.4,44.4,44.4,44.4,44.4,44.4,44.4,44.4,44.4,44.4,44.4,44.4,44.4,44.4,44.4,44.4,44.4,44.4,44.4,44.4,44.4,44.4,44.4,44.4,44.4,44.29,43.1,43.2,42.62,42.9,42.9,42.9,42.9,42.9,42.9,42.9,42.9,42.9,42.9,42.9,42.9,42.9,42.9,42.9,42.9,42.9,42.9,42.9,42.9,42.9,42.9,42.9,42.9,42.9,42.9,42.9,42.9,42.9,42.9,42.9,42.9,42.9,42.9,42.9,42.9,42.9,42.9,42.9,42.9,42.9,42.9,42.9,42.9,42.9,42.9,42.9,42.9,42.9,42.9,42.9,42.9,42.9,42.9,42.9,42.9,42.9,42.9,42.9,42.9,42.9,42.9,42.9,42.9,42.9,42.9,42.9,42.9,42.9,42.9,42.9,42.9,42.9,42.9,42.9,42.9,42.9,42.9,42.9,42.9,42.9,41.42,42.4,42.35,40.69,40.0,40.0,40.0,40.0,40.0,40.0,40.0,40.0,40.0,40.0,40.0,40.0,40.0,40.0,40.0,40.0,40.0,40.0,40.0,40.0,40.0,40.0,40.1,40.1,40.1,40.1,40.1,40.1,40.1,40.1,40.1,40.1,40.1,40.1,40.1,40.1,40.1,40.1,40.1,40.1,40.1,40.1,40.1,40.1,40.1,40.1,40.1,40.1,40.1,40.1,40.1,40.1,40.06,39.7,39.4,39.4,39.4,39.4,39.4,39.4,39.4,39.4,39.4,39.4,39.4,39.4,39.4,39.4,39.4,38.99,40.7,40.7,40.7,40.7,40.7,40.7,40.7,40.7,40.7,40.7,40.7,40.7,40.7,40.7,40.7,40.7,40.7,40.7,40.7,40.7,40.7,40.7,40.7,40.7,40.7,40.7,40.7,40.7,40.7,40.7,40.7,40.7,40.7,40.7,40.7,40.7,40.7,40.7,40.7,40.7,40.7,40.7,40.7,40.7,40.7,40.7,40.7,40.7,40.7,40.7,40.7,40.7,40.7,40.7,40.7,40.7,40.7,40.7,40.7,40.7,40.7,40.7,40.7,40.7,40.7,30.7,33.3,33.3,33.3,33.3,33.3,33.3,33.3,33.3,33.3,33.3,33.3,33.3,33.3,33.3,33.3,33.3,33.3,33.3,33.3,33.3,33.3,33.26,29.24,30.7,30.7,30.7,30.7,30.7,30.7,30.7,30.7,30.7,30.7,30.7,30.7,30.7,30.7,30.7,34.0,34.0,36.7,36.7,36.7,36.7,36.7,36.7,36.7,36.7,36.7,36.7,36.7,36.7,36.7,36.7,36.7,36.7,36.7,36.7,36.7,36.7,36.7,36.7,36.7,36.7,36.7,36.7,36.7,37.05,39.7,39.7,39.7,39.7,39.7,39.7,39.7,39.7,39.7,39.7,39.7,39.7,39.7,39.7,39.7,39.7,39.7,39.7,39.7,39.7,39.7,42.32,42.4,42.4,42.4,42.4,42.4,42.4,42.4,42.4,42.4,42.4,42.4,42.4,42.4,42.4,42.4,42.4,42.4,42.4,42.4,42.4,42.4,42.4,42.4,42.4,42.4,42.4,42.4,42.4,42.4,42.4,42.4,42.4,42.4,42.4,42.4,42.4,42.4,42.4,42.4,42.4,42.4,42.4,42.4,42.4,42.4,42.4,42.4,42.4,42.4,42.4,42.4,42.4,42.4,42.4,42.4,42.4,42.4,42.4,42.4,42.4,42.4,40.3,40.3,40.3,40.3,40.3,37.0,37.0,37.0,37.0,37.0,37.0,37.0,37.0,37.0,37.0,37.0,37.0,37.0,37.0,37.0,37.0,37.0,37.0,37.0,37.0,37.0,37.0,37.0,37.0,37.0,34.54,32.7,32.3,30.4,30.4,30.4,30.4,30.4,30.4,30.4,30.4,30.4,30.4,30.4,30.4,30.4,30.4,30.4,30.4,30.4,30.4,30.4,30.4,30.4,30.4,30.4,30.4,30.4,30.4,30.4,21.17,18.4,18.4,18.4,18.4,18.4,18.4,18.4,18.4,18.4,18.4,18.4,18.4,18.4,18.4,18.4,18.4,19.3,17.4,17.4,17.4,17.4,17.4,17.4,17.4,17.4,17.4,17.4,17.4,17.4,17.4,17.4,17.4,17.4,17.4,17.4,17.4,17.4,17.4,17.4,17.4,17.4,17.4,17.4,17.4,17.4,17.4,17.4,17.4,31.3,39.0,41.0,41.4,41.4,42.54,39.7,39.7,39.7,39.7,39.7,39.7,39.7,39.7,39.7,39.7,39.7,39.7,39.7,39.7,39.7,39.7,39.7,39.7,39.7,39.7,39.7,39.7,39.7,39.7,43.24,47.08,48.3,48.3,48.3,48.3,48.3,48.3,48.3,48.3,48.3,48.3,48.3,48.3,48.3,48.3,48.3,48.3,48.3,48.3,48.3,48.3,48.3,48.3,48.3,48.3,48.3,48.3,48.3,48.3,48.3,48.3,48.3,48.3,48.3,48.3,48.3,48.3,48.3,48.3,48.3,48.3,48.3,48.3,48.3,48.3,48.3,48.3,48.3,48.3,48.3,48.3,48.3,48.3,48.3,48.3,48.3,48.3,48.3,48.3,48.3,48.3,48.3,48.3,48.3,48.3,48.3,49.83,49.5,53.2,53.24,54.2,54.2,54.2,54.2,54.2,54.2,54.2,54.2,54.2,54.2,54.2,54.2,54.2,54.2,54.2,54.2,54.2,54.2,54.2,54.2,54.2,54.2,54.2,54.2,54.2,54.2,54.2,54.2,54.2,54.2,54.2,54.2,54.2,54.2,54.2,54.2
P136,70.1,70.1,70.1,70.1,70.1,69.5,69.5,69.5,69.5,69.5,69.5,69.5,69.5,69.5,69.5,69.5,69.5,69.5,69.5,69.5,69.5,69.5,69.5,69.5,69.5,69.5,69.5,69.5,69.5,69.5,69.5,69.5,69.5,69.5,69.5,69.5,69.5,69.5,69.5,69.5,69.5,69.5,69.5,69.5,69.5,69.5,69.5,69.5,69.5,69.5,69.5,69.5,69.5,69.5,69.5,69.5,69.5,69.5,69.5,69.5,69.5,69.5,69.5,69.5,69.5,69.5,69.5,69.5,69.5,69.5,69.5,69.5,69.5,69.5,69.5,69.5,69.5,69.5,69.5,69.5,69.5,69.5,69.5,69.5,69.5,69.5,69.5,69.5,69.5,69.5,69.5,69.5,69.5,69.5,69.5,69.5,69.5,69.5,69.5,69.5,69.5,69.5,69.5,69.5,69.5,69.5,69.5,69.5,69.5,69.5,69.5,69.5,69.5,69.5,69.5,69.5,69.5,69.5,69.5,69.5,69.5,69.5,69.5,69.5,69.5,69.5,69.5,69.5,69.5,69.5,69.5,69.5,69.5,69.5,69.5,69.5,69.5,69.5,69.5,69.5,69.5,69.5,69.5,69.5,69.5,69.5,69.5,69.5,69.5,69.5,69.5,69.5,69.5,69.5,69.5,69.5,69.5,69.5,69.5,69.5,69.5,69.5,69.5,69.5,69.5,69.5,69.5,69.5,69.5,69.5,69.5,69.5,69.5,69.5,69.5,69.5,69.5,69.5,69.5,69.5,69.5,69.5,69.5,69.5,69.5,69.5,69.5,69.5,69.5,69.5,69.5,69.5,69.5,69.5,69.5,69.5,69.5,69.5,69.5,69.5,69.5,69.5,69.5,69.5,69.5,69.5,69.5,69.5,69.5,69.5,69.5,69.5,69.5,69.5,69.5,69.5,69.5,69.5,69.5,69.5,69.5,69.5,69.5,69.5,69.5,69.5,69.5,69.5,69.5,69.5,69.5,69.5,69.5,69.5,69.5,69.5,69.5,69.5,69.5,69.5,69.5,66.64,65.12,54.1,53.5,51.71,45.6,40.65,40.2,35.1,35.1,35.1,35.1,35.1,35.1,35.1,35.1,35.1,35.1,35.1,35.1,35.1,35.1,35.1,35.1,35.1,35.1,35.1,35.1,35.1,35.1,35.1,35.1,35.1,35.1,35.1,35.1,35.1,35.1,35.1,30.9,30.9,31.1,31.1,31.1,31.1,31.1,31.1,31.1,31.1,31.7,31.7,34.7,34.7,49.2,49.2,50.56,62.5,62.5,62.5,62.5,62.5,62.5,62.5,62.5,62.5,62.5,62.5,62.5,62.5,62.5,62.5,62.5,62.5,62.5,62.5,62.5,62.5,62.5,62.5,62.5,62.5,62.5,62.5,62.5,62.5,62.5,62.5,62.5,62.5,62.5,62.5,62.5,64.58,64.9,64.9,64.9,64.9,64.9,64.9,64.9,64.9,64.7,64.7,64.7,64.9,64.9,65.09,65.6,65.6,65.6,65.6,65.6,65.6,65.6,62.0,62.0,50.34,36.5,35.5,32.4,32.4,32.4,32.4,32.4,32.4,32.4,32.4,32.4,32.4,32.4,32.4,32.4,32.4,32.4,32.4,32.4,32.4,32.4,32.4,33.2,33.2,32.4,32.4,32.4,32.4,32.4,32.4,32.4,32.22,30.88,16.4,16.4,20.37,20.56,20.8,23.9,28.0,25.5,25.5,25.5,25.9,25.9,25.9,25.9,25.9,25.9,25.9,25.9,25.9,25.9,25.9,25.9,25.9,25.9,25.9,25.9,29.0,29.0,29.0,29.0,29.0,29.0,29.0,29.0,29.0,29.0,29.0,29.0,29.0,29.0,29.0,29.0,29.0,29.0,29.0,29.0,29.0,29.0,29.0,29.0,29.0,29.0,29.0,29.0,29.0,29.0,29.0,29.0,29.0,29.0,25.3,25.3,25.3,25.3,25.3,25.3,25.3,25.3,25.3,25.3,25.3,25.3,25.3,25.3,25.3,23.2,22.6,22.8,23.6,23.6,23.6,23.6,23.6,23.6,23.6,23.6,23.6,23.6,23.4,26.1,26.1,26.3,25.01,23.11,23.0,23.6,23.9,23.9,23.9,23.9,23.9,26.8,26.8,26.8,26.8,26.6,26.6,26.6,26.6,26.6,26.6,26.6,26.6,26.6,26.6,26.6,26.1,26.1,26.1,26.1,26.1,26.1,26.1,26.1,26.1,26.1,26.1,26.1,26.1,26.1,26.1,26.1,25.1,24.3,25.99,28.25,28.2,28.2,28.11,27.0,26.71,25.5,25.5,25.5,25.5,25.5,25.5,25.5,25.5,25.5,25.5,25.5,25.5,25.5,25.5,25.5,25.5,25.5,25.5,25.5,24.5,23.0,23.0,23.0,23.0,23.0,23.0,23.0,23.0,23.0,23.0,23.0,23.0,23.0,23.0,23.0,23.0,23.0,23.0,23.0,23.0,23.0,23.0,23.0,23.0,23.0,23.0,23.0,23.0,23.0,23.0,23.0,23.0,23.0,23.0,23.0,21.8,21.8,21.8,21.8,21.8,21.8,21.8,21.8,21.8,21.8,22.4,23.2,23.2,24.09,37.1,37.1,37.1,36.3,36.39,52.17,65.4,74.7,74.7,74.7,74.7,74.7,74.7,74.7,74.7,74.7,71.8,71.8,65.8,65.8,65.8,65.8,62.9,50.2,50.2,35.38,21.02,17.6,17.6,17.6,17.6,17.6,17.6,17.6,17.6,17.6,17.6,17.6,17.6,17.8,17.8,17.8,17.8,17.8,17.8,17.8,17.8,17.8,17.8,17.8,18.0,18.0,18.0,18.0,18.0,18.0,18.0,18.0,18.0,18.0,18.0,18.0,18.0,20.7,23.7,25.5,26.42,30.3,33.6,33.6,33.6,35.1,43.21,50.2,50.2,50.2,50.2,50.2,50.2,50.2,61.8,62.5,62.5,62.5,62.5,62.5,61.8,61.8,60.6,62.98,64.1,65.1,65.1,65.1,65.4,65.4,65.4,67.4,68.9,68.9,68.9,69.5,71.6,71.6,67.6,62.9,62.9,62.9,62.9,62.9,62.38,59.7,55.8,55.8,55.8,55.0,53.5,53.5,53.5,56.9,56.9,56.65,59.5,59.5,59.5,62.2,62.5,62.5,62.5,62.5,62.5,62.5,62.5,62.5,62.4,62.4,62.4,62.4,62.5,61.8,61.2,61.0,61.0,62.5,63.3,62.9,62.9,62.9,62.9,62.9,62.9,62.9,62.7,62.5,62.5,62.5,62.5,62.5,62.5,62.5,62.5,62.5,62.5,62.5,62.5,62.5,62.5,62.5,62.5,62.5,62.5,62.5,62.5,62.5,61.0,61.0,58.86,44.09,34.6,34.6,34.6,34.6,34.0,34.0,34.0,34.0,34.0,35.1,35.1,38.0,54.4,56.6,59.7,59.5,59.8,59.8,59.8,59.8,60.2,60.2,60.2,60.2,60.2,60.2,60.2,60.2,60.2
P137,77.0,77.0,77.0,77.0,77.0,77.0,77.0,77.0,77.0,77.0,77.0,77.0,77.0,77.0,77.0,77.0,77.0,77.0,77.0,77.0,77.0,77.0,77.0,77.0,77.0,63.2,52.31,43.71,42.3,42.3,42.3,42.3,42.3,39.22,36.2,36.2,36.2,36.2,36.2,36.2,36.2,36.2,36.2,36.2,44.3,51.6,51.6,51.6,51.6,51.6,51.6,49.7,49.7,50.2,50.0,50.0,50.0,50.0,50.0,50.0,50.0,50.0,50.0,50.0,50.0,50.0,48.3,49.0,49.0,49.0,49.0,49.0,46.21,43.7,40.8,39.42,32.8,29.6,29.3,29.3,29.3,29.3,29.3,29.3,29.3,29.3,29.3,29.3,29.3,29.3,29.3,29.3,29.3,29.3,29.3,29.3,29.3,29.3,29.3,29.3,29.3,29.3,29.3,29.3,29.3,29.3,29.3,29.3,29.3,29.3,29.3,29.3,29.3,29.3,29.8,28.6,27.01,22.0,22.0,22.0,22.0,22.0,22.0,22.0,22.0,22.0,22.0,22.0,22.0,22.0,22.0,22.0,22.0,22.0,22.0,22.0,22.0,22.0,22.0,22.0,22.0,22.0,22.0,22.0,19.7,16.2,14.31,13.9,13.9,13.9,13.9,13.9,13.9,13.9,13.9,13.9,13.9,13.9,13.9,13.9,13.9,13.4,13.2,13.6,13.6,13.6,18.99,20.9,20.9,20.9,20.9,20.9,20.9,20.9,20.9,20.9,20.9,20.9,20.9,20.9,20.9,20.9,20.9,20.9,20.9,20.9,20.9,20.9,20.9,20.9,20.9,20.41,20.01,19.0,19.2,19.2,19.2,19.2,19.3,19.3,19.5,21.8,21.8,21.8,21.8,21.8,21.8,21.8,23.9,27.2,27.7,28.2,28.2,28.0,28.0,28.0,28.0,28.0,28.0,28.0,28.0,28.0,28.0,28.0,28.0,27.5,27.4,27.4,27.2,26.8,26.3,26.3,26.3,26.3,27.5,28.7,28.7,28.7,28.7,28.7,28.7,28.7,28.7,28.7,28.7,28.7,28.7,28.7,28.7,28.7,28.7,28.7,28.7,28.7,28.7,28.7,28.7,28.7,28.7,28.7,28.6,27.0,23.7,22.61,21.8,20.6,20.0,20.0,20.0,20.0,20.0,19.3,19.3,18.6,18.3,18.3,18.3,18.3,18.3,18.3,18.3,18.3,18.1,17.4,17.1,17.1,16.6,16.6,17.6,17.6,17.6,17.6,17.6,17.6,17.6,17.6,17.6,16.7,16.2,16.2,16.4,16.4,16.4,16.4,16.4,16.7,17.6,17.6,17.6,17.6,17.6,17.6,17.6,17.6,17.6,17.6,16.01,15.5,15.5,15.3,15.2,15.2,15.2,15.2,15.2,15.2,15.3,15.9,17.9,20.6,22.5,25.3,25.8,27.2,24.6,24.2,24.9,26.3,24.2,23.9,23.9,25.1,26.99,28.7,28.2,27.0,28.7,28.7,28.7,28.7,28.7,28.7,28.7,28.7,28.7,28.7,28.7,28.7,28.7,28.7,28.7,28.7,28.7,28.7,28.7,28.7,28.7,28.7,28.7,28.7,28.7,28.6,28.6,28.6,28.6,28.4,27.2,24.41,19.2,17.1,17.1,17.1,15.3,15.0,14.6,14.6,14.6,14.6,14.5,12.5,12.2,12.2,12.2,12.2,12.2,12.2,12.2,12.2,11.8,9.9,9.9,12.0,16.0,16.0,16.0,16.0,16.0,16.0,16.0,16.2,17.9,19.0,19.0,18.3,17.4,19.9,19.2,19.2,19.2,19.2,19.2,20.0,19.9,19.7,19.0,20.7,21.8,21.8,21.8,21.8,21.8,21.8,21.8,21.8,22.6,17.6,11.1,10.6,12.89,9.9,9.2,9.2,9.2,9.2,9.2,9.2,9.2,9.2,9.2,8.5,8.4,8.4,8.2,8.2,8.2,8.2,8.2,8.2,8.2,8.2,8.2,8.2,8.2,8.2,8.2,8.2,8.2,8.2,8.2,8.2,8.2,8.2,8.4,11.8,12.7,14.5,14.1,13.1,13.4,15.7,16.4,16.4,16.4,16.4,16.4,16.4,16.4,16.4,16.4,16.4,16.4,16.4,16.4,16.4,16.4,16.4,16.4,16.4,16.4,16.4,16.4,16.4,16.4,17.1,17.2,17.2,17.2,17.2,17.2,17.2,12.2,5.9,2.1,2.1,2.1,2.1,2.6,2.6,2.6,2.6,2.6,2.6,2.6,2.6,2.6,2.6,2.6,2.4,2.4,2.4,2.4,2.4,2.6,3.0,3.0,2.1,2.3,2.6,3.5,3.5,2.3,4.0,6.4,5.9,4.7,4.5,4.5,4.5,4.5,4.5,4.5,4.5,4.5,4.5,4.5,4.5,4.5,4.5,4.5,4.5,4.5,4.5,4.5,4.5,4.5,4.5,4.5,4.5,4.5,4.5,4.5,4.5,4.5,4.5,4.5,4.5,4.5,4.5,4.5,4.5,4.5,3.8,1.6,1.0,1.0,1.0,1.0,1.0,1.0,1.0,1.0,1.0,1.0,1.0,1.0,1.0,1.0,1.0,1.0,1.0,1.0,1.0,1.0,1.0,1.0,1.0,1.0,1.0,1.0,1.0,1.0,1.0,1.0,1.0,1.0,0.0,0.0,0.0,0.0,0.0,0.0,0.0,0.0,0.0,0.0,0.0,0.0,0.0,0.0,0.0,0.0,0.0,0.0,0.0,0.0,0.0,0.0,0.0,0.0,0.5,0.7,0.7,0.7,0.7,0.7,0.7,0.7,0.7,0.7,0.7,0.7,0.7,0.7,0.7,0.7,0.7,0.7,0.7,0.7,0.7,0.7,0.7,0.7,0.7,0.7,0.7,0.7,0.7,0.7,0.7,0.7,0.7,0.7,0.7,0.7,0.7,0.7,0.7,0.7,0.7,0.7,0.7,0.7,0.7,0.7,0.7,0.7,0.7,0.7,0.7,0.7,0.7,0.7,0.7,0.7,0.7,0.7,0.7,0.7,0.7,0.0,0.2,0.9,0.9,2.1,4.2,4.5,4.7,4.9,5.9,11.79,15.5,17.6,21.3,26.0,28.6,28.9,33.3,33.3,33.3,33.3,33.3,33.3,33.3,33.3,33.3,33.3,33.3,33.3,33.3,33.3,33.3,33.3,33.3,33.3,33.3,33.4,35.2,35.2,35.2,35.2,35.2,35.2,35.2,35.2,35.2,35.2,35.2,35.2,35.2,35.2,35.2,35.2,35.2,35.2,35.2,35.2,35.2,35.2,35.2,35.2,35.2,35.2,35.2,38.49,44.59,49.3,56.1,58.9,59.6,61.1,61.7,61.7,61.7,61.7,61.7,62.19,68.5,69.2,69.2,69.2,69.2,69.2,69.2,69.2,69.2,69.2,69.2,69.2,69.2,69.2,69.2,69.2,69.2,69.2,69.2,69.2,69.2,71.4,76.0,76.1,76.7,76.7,76.7,78.6,78.9,78.9,78.9
P138,56.9,56.9,56.9,57.1,60.2,59.5,59.63,60.6,56.05,56.06,42.9,54.98,53.3,46.53,53.07,48.78,48.6,50.6,51.0,48.82,59.0,58.03,59.7,60.6,61.13,62.5,62.5,62.2,63.22,64.56,45.69,45.23,39.74,43.96,48.02,58.26,61.63,63.62,66.3,71.34,59.83,66.2,62.67,63.54,67.07,65.12,62.93,67.77,69.06,67.77,53.74,42.67,48.7,49.0,50.29,50.08,47.9,52.4,49.18,49.75,50.2,50.2,65.09,53.07,53.23,54.2,56.68,64.19,65.1,64.9,64.3,64.72,56.4,42.79,60.75,47.12,53.6,52.9,52.1,51.9,48.39,47.5,46.14,47.22,48.3,47.31,49.85,48.8,50.43,51.4,51.0,48.96,50.6,50.6,51.0,51.04,51.66,58.99,59.2,57.99,46.28,54.21,57.77,55.8,55.6,56.6,56.2,38.2,57.23,55.2,56.8,64.3,74.08,61.07,63.54,67.97,66.0,61.75,73.54,77.71,71.34,77.6,69.23,63.15,66.68,76.8,73.77,72.9,69.07,67.17,65.64,56.2,57.39,56.55,66.67,71.0,56.8,49.84,71.93,65.08,69.95,68.08,57.21,55.72,37.75,45.82,51.53,42.95,53.7,27.14,31.85,31.83,30.09,30.7,30.5,35.5,41.92,45.79,49.55,51.2,56.08,54.87,47.76,42.73,43.41,43.27,40.06,49.63,52.13,35.4,54.4,66.0,70.22,70.14,66.85,63.42,63.01,53.69,68.68,72.44,25.99,62.11,63.9,62.95,59.84,67.47,69.45,62.32,61.8,62.7,65.1,68.0,68.0,59.92,62.9,62.4,55.0,53.9,55.4,52.7,51.46,52.3,53.7,55.78,51.41,50.33,49.94,52.3,52.3,52.3,51.5,53.5,52.48,52.7,51.62,52.64,49.8,54.12,56.8,54.09,54.1,54.1,51.5,51.95,49.2,49.2,50.0,52.4,56.6,59.89,53.78,52.5,50.8,47.42,57.29,57.58,57.62,56.9,57.5,56.52,56.82,59.7,59.3,58.7,58.5,58.3,59.3,59.3,55.15,54.6,54.6,54.6,53.5,53.74,56.27,55.0,55.0,54.4,59.8,53.75,54.13,53.1,57.26,57.1,56.9,56.2,55.4,64.1,43.1,49.31,51.2,51.2,49.59,49.2,49.63,53.5,52.5,52.5,52.55,50.19,61.0,59.5,59.1,59.54,59.3,62.03,59.5,57.68,64.42,65.58,70.07,68.3,69.5,68.78,63.9,62.4,65.6,66.2,67.8,64.7,71.38,69.15,68.08,68.71,62.4,68.7,71.4,71.4,73.7,70.24,69.24,67.44,66.27,67.93,69.64,64.07,64.7,68.42,68.5,66.04,70.71,75.81,53.52,58.72,57.29,57.99,59.94,62.55,62.81,62.5,63.3,62.08,65.8,66.92,64.55,66.73,67.52,68.1,67.0,68.63,67.8,73.18,68.5,61.77,64.78,62.44,60.63,61.75,62.92,65.3,65.4,63.56,67.0,68.1,69.9,68.99,68.41,67.4,66.2,65.4,69.86,70.3,70.5,73.4,70.97,65.4,66.2,71.22,73.7,73.9,73.9,75.42,72.4,70.58,67.86,70.8,67.0,67.8,66.38,63.9,72.28,75.5,75.83,76.21,73.9,74.57,74.3,78.94,65.68,59.98,70.76,69.71,74.94,51.47,38.8,31.08,29.17,30.72,22.35,18.5,15.51,16.8,14.94,18.1,24.32,34.4,42.93,50.8,56.77,54.99,54.69,54.1,53.23,50.4,53.61,51.08,48.82,53.9,57.7,59.59,54.74,58.47,63.98,58.99,54.27,44.37,49.6,49.9,52.76,48.29,46.9,51.2,49.2,58.25,59.77,62.99,58.84,60.0,55.45,55.77,50.8,59.03,44.4,49.13,52.9,35.08,53.04,56.7,50.17,52.3,56.38,55.93,62.37,61.08,62.4,58.01,59.66,52.3,54.4,54.39,57.09,58.58,52.62,52.5,52.5,50.96,48.6,45.4,40.0,31.9,35.7,35.7,35.7,32.9,65.4,66.47,48.73,48.77,48.01,61.52,62.5,62.7,63.9,66.98,70.1,71.8,67.6,66.0,64.31,61.2,65.16,65.13,61.36,61.8,64.9,59.09,58.25,60.0,61.6,62.4,61.6,61.6,61.6,57.62,49.05,60.03,45.06,41.61,35.01,60.33,68.75,60.82,22.4,23.15,38.33,38.4,42.9,42.9,43.4,44.15,46.1,42.5,43.2,38.76,38.53,35.15,30.27,24.7,26.36,29.5,40.95,16.09,8.93,23.59,21.41,34.55,26.36,29.52,29.6,32.71,23.4,21.39,21.11,30.28,36.0,33.43,38.74,35.27,37.6,37.6,22.91,21.4,19.7,19.3,19.3,18.7,21.8,22.85,23.33,19.5,18.5,20.1,20.5,0.09,13.46,20.3,23.35,23.0,23.37,24.1,21.25,21.2,18.0,10.11,4.76,0.0,0.0,0.0,0.0,0.0,0.0,0.0,0.0,0.0,0.0,0.0,0.0,0.0,1.2,0.0,0.02,10.0,9.53,12.4,12.4,20.5,28.71,24.51,20.87,20.7,23.0,24.3,23.7,21.0,21.2,21.53,20.53,34.4,47.98,65.49,68.01,65.67,67.0,68.0,71.8,72.2,63.27,38.8,31.31,27.0,23.4,22.85,23.4,23.7,18.59,0.0,0.0,0.0,0.0,0.0,0.0,1.15,0.0,0.0,0.0,0.0,0.0,0.0,0.0,0.0,0.0,0.0,0.0,0.0,0.0,0.0,0.0,0.0,0.0,0.0,6.27,11.67,11.36,18.34,0.0,0.0,0.0,0.0,0.0,0.6,0.8,0.8,0.8,1.4,1.4,0.6,0.0,0.0,2.5,0.69,6.42,0.0,0.0,0.0,0.0,0.0,0.0,0.0,0.0,0.83,0.0,6.2,6.29,13.3,9.65,4.26,4.57,0.0,0.0,2.49,4.98,13.87,13.67,22.27,11.65,1.35,22.2,3.57,0.0,0.0,0.51,14.1,15.42,12.1,0.06,0.0,0.6,0.6,0.6,7.13,13.5,15.32,8.89,17.67,4.24,3.9,12.32,13.5,15.4,12.7,3.46,0.73,0.8,0.8,14.7,3.96,6.49,4.38,1.06,5.2,0.2,0.0,4.18,6.69,7.3,20.1,2.5,2.5,8.7,4.03,5.2,15.34,4.58,15.4,19.86,7.3,8.09,13.45,9.64,8.9,12.4,0.0,0.0,0.0,0.0,0.06,0.0,0.0,0.0,0.0,0.0,0.0,0.0,0.0,0.3,0.0,0.0,3.3,11.31,0.0,7.7,8.91,0.0,0.0,5.2,5.0,5.0,0.0,10.4,8.9,6.9,0.0,4.04,14.98,20.67,22.6,0.0,6.28,3.04,16.2,2.41,0.0,22.48,0.52,0.0,4.6,5.82,1.1,20.29,0.0,17.2,4.11,1.75,4.2,7.03,16.1,0.0,3.86
P139,68.1,68.1,68.1,68.1,69.47,73.3,73.5,73.5,73.5,73.5,72.5,72.2,72.2,72.2,72.2,72.2,72.1,72.1,72.1,71.8,71.68,70.8,70.8,65.39,64.2,64.0,63.1,63.64,65.7,65.9,65.6,65.6,65.4,65.4,65.4,64.65,65.4,65.4,65.4,65.4,65.44,69.3,67.7,67.6,67.6,67.6,67.7,67.7,67.7,69.6,69.6,69.6,69.6,69.6,69.6,69.6,69.6,72.4,75.92,76.0,76.1,75.0,75.0,75.0,75.0,75.0,75.0,75.0,74.8,74.8,73.0,73.0,73.0,71.6,69.71,69.6,69.6,69.6,69.6,69.0,69.0,69.0,69.0,68.8,68.8,68.8,68.8,68.8,68.8,68.8,68.8,68.8,68.8,68.8,68.8,68.8,68.8,68.8,68.8,68.8,68.8,68.5,68.5,68.5,68.5,68.4,68.4,68.1,68.1,68.1,68.1,68.1,68.1,68.1,68.1,68.1,68.1,68.1,68.1,68.1,68.1,68.1,68.1,68.1,68.1,68.1,68.1,68.1,68.1,68.1,68.1,67.34,66.12,64.0,64.2,64.5,64.8,19.6,19.6,19.6,19.6,19.6,19.6,19.6,19.6,19.6,19.6,19.6,19.6,19.6,19.6,19.6,20.58,22.26,47.1,69.23,72.7,72.7,72.7,72.7,72.5,72.5,72.5,72.5,72.1,72.1,71.5,69.3,68.1,68.1,67.9,67.3,67.1,67.1,67.1,67.1,67.1,67.1,67.1,67.1,67.1,67.1,67.1,67.1,65.6,65.6,70.57,71.5,71.5,71.5,71.8,66.0,62.5,48.6,47.83,53.6,52.8,50.5,50.5,50.5,50.5,50.5,50.5,50.5,50.5,50.5,50.5,50.5,50.5,50.5,50.5,50.5,50.5,50.5,50.5,50.5,50.5,50.5,50.5,50.5,50.5,50.5,42.0,30.5,20.24,7.33,4.0,4.0,4.0,4.0,4.0,4.0,4.0,4.0,4.0,4.0,4.0,4.0,4.0,4.0,4.0,4.0,4.0,4.0,4.0,4.0,3.7,4.35,6.6,6.6,6.6,6.6,6.6,6.6,6.6,6.6,6.6,6.6,6.6,6.43,5.9,5.9,6.0,6.6,6.6,6.6,6.6,6.6,6.6,6.6,6.6,6.6,6.9,12.96,9.4,9.4,9.4,10.0,10.0,10.0,10.0,11.1,11.1,11.1,11.1,11.1,11.1,11.1,11.1,11.1,11.1,11.1,11.1,11.1,11.1,11.1,11.1,11.1,11.1,11.1,11.1,11.1,11.1,11.1,11.1,11.1,12.0,16.7,16.7,18.7,19.0,19.1,19.0,18.8,18.4,18.4,17.9,17.9,16.5,16.32,13.51,12.11,8.28,5.1,6.8,6.8,6.8,11.63,22.2,22.2,22.2,22.4,22.4,22.4,22.4,22.4,22.1,21.9,21.8,21.21,20.05,18.7,18.7,18.4,18.2,17.9,17.9,17.9,17.4,17.4,16.33,15.9,15.4,15.4,14.2,13.6,13.4,13.1,11.7,11.7,11.36,10.2,9.9,9.22,6.0,3.5,3.5,2.6,1.7,1.5,0.6,0.0,0.0,0.0,4.23,18.5,21.1,23.3,23.3,23.6,23.6,23.6,24.7,24.2,24.2,24.2,24.2,24.2,24.2,24.64,25.6,25.6,24.79,20.7,20.7,20.7,20.7,20.7,20.7,20.7,20.7,20.7,20.7,19.84,19.8,19.3,19.3,19.3,19.3,19.3,19.3,19.3,19.3,19.0,19.0,18.7,18.7,18.7,18.5,18.5,18.5,18.2,18.2,18.1,17.9,17.9,17.6,17.6,17.1,16.78,16.7,16.5,22.2,11.48,4.5,4.6,4.95,5.2,5.64,7.7,7.7,7.7,7.7,7.7,7.6,7.6,7.6,7.4,6.9,6.9,0.0,11.4,11.3,11.3,9.98,10.8,10.8,10.8,11.1,11.1,11.1,11.06,11.3,11.3,0.0,35.16,24.95,100.0,1.83,44.34,2.04,4.6,4.6,4.6,4.64,4.9,7.67,8.3,8.3,8.3,8.3,8.3,8.3,0.0,95.71,13.3,13.4,37.75,17.02,9.3,11.52,5.4,5.4,0.92,7.6,8.2,8.2,8.2,8.2,8.2,8.2,8.2,8.2,8.2,8.2,8.2,8.2,8.2,8.2,8.2,8.2,8.2,8.2,8.2,8.2,8.2,8.2,8.2,8.2,8.2,8.2,8.2,8.2,8.2,8.2,8.2,8.2,8.2,8.2,8.2,8.2,8.2,8.2,8.2,8.2,10.0,10.0,10.3,10.3,12.5,10.65,17.4,19.6,20.5,22.4,22.4,22.4,22.4,22.4,22.4,22.4,22.4,22.4,22.4,22.4,22.4,22.4,22.4,22.4,22.4,22.4,22.4,22.4,22.4,22.4,22.4,22.4,22.4,22.4,22.4,22.4,22.4,22.4,22.4,22.4,22.4,55.2,51.38,8.25,11.56,11.9,7.3,8.3,8.8,9.1,9.1,9.1,9.1,9.1,9.1,9.1,9.1,9.1,9.3,14.74,99.86,98.0,100.0,36.54,12.7,12.7,12.7,12.7,12.7,12.7,12.8,12.8,12.8,12.8,12.8,12.8,12.8,59.85,11.6,9.4,8.96,8.3,8.3,8.3,8.3,8.3,8.3,8.2,8.2,8.0,7.88,7.6,7.6,7.4,7.4,7.4,7.4,7.3,7.1,6.9,6.9,6.9,8.55,6.8,6.8,6.8,6.8,6.8,6.8,6.8,6.8,6.8,6.8,6.8,6.8,9.0,6.84,6.9,7.09,6.9,6.9,6.9,6.9,6.9,6.9,6.9,6.9,6.9,6.9,6.9,6.9,6.9,6.9,6.9,6.9,6.9,6.9,6.9,6.9,6.9,7.1,7.1,7.1,7.1,7.1,7.1,7.1,7.1,7.1,7.1,7.1,7.1,7.1,7.1,7.3,7.3,7.4,7.3,5.9,5.9,10.3,9.97,7.4,7.3,10.8,15.6,20.88,49.65,80.57,84.9,90.6,92.6,93.1,93.5,93.5,94.3,95.2,95.2,95.2,95.2,95.2,95.1,94.9,94.1,94.0,94.0,93.8,93.8,93.5,90.6,90.6,90.6,90.6,90.6,90.6,90.6,90.6,90.6,90.6,90.6,90.6,90.6,90.6,90.6,90.6,90.6,90.6,90.6,90.6,90.6,90.6,90.6,90.6,90.6,90.6,90.6,90.6,90.6,90.6,90.6,90.6,90.6,90.6,90.6,90.6,90.3,90.3,89.2,89.2,89.2,89.2,89.2,89.2,88.68,86.3,86.3,86.3,85.5,85.5,85.5,85.5,85.5,85.5,85.5,85.2,82.59,82.1,80.6,80.6,82.33,89.02,90.1,91.0,90.69,90.0,90.0,90.0,90.0,90.0,90.0,90.0,90.0,90.0,90.0,90.0,90.0,90.0,90.0,90.0,88.91,88.9,87.72,87.2
P140,68.1,68.1,68.1,68.1,68.1,68.1,68.1,68.1,68.1,68.1,68.1,68.1,68.1,68.1,68.1,68.1,68.1,68.1,68.1,68.1,68.1,68.1,68.1,68.1,68.1,68.1,68.0,68.0,68.0,68.0,68.0,68.0,68.0,68.0,68.0,68.0,68.0,68.0,68.0,68.0,68.0,68.0,68.0,68.0,68.0,68.0,68.0,68.0,68.0,68.0,68.0,68.0,68.0,68.0,68.0,68.0,68.0,68.0,68.0,68.0,68.0,67.8,67.8,67.8,68.56,69.1,65.9,64.5,64.5,64.5,64.13,62.4,62.4,62.4,62.4,62.4,61.0,61.0,61.0,61.0,61.0,61.0,61.0,61.0,61.0,61.0,61.0,61.0,61.0,61.0,61.0,61.0,61.0,61.0,61.0,61.0,61.0,61.0,61.0,61.0,61.0,61.0,59.5,59.5,59.5,59.5,59.5,59.5,59.5,59.5,59.5,59.5,59.5,59.5,59.5,59.5,59.5,59.5,59.5,59.5,59.5,59.5,59.5,59.5,59.5,59.5,59.5,59.5,59.5,59.5,59.5,59.5,59.5,59.5,59.5,59.5,59.5,59.5,59.5,59.5,59.5,59.5,59.5,59.45,62.4,63.55,63.62,62.4,62.4,62.4,62.4,62.4,62.4,62.4,62.4,62.4,62.4,62.4,62.4,62.4,62.4,62.4,62.4,62.4,62.4,62.4,62.4,62.4,62.4,62.4,62.4,62.4,62.4,62.4,62.4,62.4,62.4,54.31,47.3,47.3,47.3,47.3,47.3,47.3,47.3,47.3,47.3,47.3,47.3,47.3,47.3,47.3,47.3,47.3,47.3,47.3,47.3,47.3,49.4,49.6,49.6,49.6,50.86,50.86,51.4,51.4,51.4,51.4,51.4,51.4,51.4,51.4,51.4,51.5,51.5,51.5,51.5,51.5,51.5,51.5,51.5,51.5,51.5,51.5,51.5,51.5,51.5,51.5,51.5,51.5,51.5,51.5,51.5,51.5,51.5,51.5,51.5,51.5,51.5,51.5,51.5,51.5,51.5,51.5,51.5,51.5,50.14,49.2,49.2,49.6,49.4,49.4,49.4,41.74,42.3,42.3,42.3,42.3,42.3,42.3,43.4,46.1,46.1,46.1,46.1,46.1,46.1,46.1,46.1,46.1,46.37,48.1,48.1,53.7,53.7,56.9,56.9,56.9,56.9,56.9,56.9,56.9,56.9,56.9,56.9,56.9,56.9,56.9,56.9,56.9,56.9,56.9,56.9,56.9,56.9,56.9,56.9,56.9,56.9,56.9,56.9,56.9,56.9,56.9,56.9,56.9,56.9,56.9,56.9,56.9,55.6,55.6,55.6,55.6,55.6,55.6,54.6,54.6,54.6,54.6,54.6,54.6,54.6,54.6,54.6,49.8,49.8,49.8,49.8,49.8,49.8,49.8,48.5,48.5,48.5,48.5,48.5,44.6,44.6,44.6,50.8,50.8,49.6,51.9,56.2,56.2,56.94,59.5,59.5,59.5,59.5,59.5,59.5,59.5,59.5,59.5,59.5,59.5,59.5,59.5,59.5,59.5,59.5,59.5,59.5,59.5,59.5,59.5,56.09,45.0,45.15,42.43,41.08,36.1,36.1,36.1,36.1,36.1,36.1,36.1,36.1,36.1,36.1,36.1,36.1,36.1,36.1,36.1,36.1,36.1,36.1,29.14,28.8,28.8,28.8,28.8,28.8,28.8,28.8,28.8,28.8,25.7,25.7,25.7,25.7,25.7,25.7,25.7,25.7,25.7,25.7,25.7,25.7,25.7,25.7,25.5,25.5,25.24,24.9,24.5,24.5,25.9,25.9,32.37,33.0,33.0,33.0,33.0,33.0,21.0,21.0,21.0,21.0,19.1,19.1,19.1,18.9,18.77,20.85,34.12,34.6,34.6,34.6,34.6,34.6,34.6,34.6,34.6,18.0,18.0,16.8,16.8,16.8,16.8,16.8,16.8,16.8,16.8,12.22,11.4,11.4,11.4,11.4,11.4,11.4,11.4,11.4,11.4,17.2,18.7,27.4,27.4,27.4,27.4,29.6,30.3,30.3,30.3,30.3,30.3,30.3,30.3,24.4,22.4,22.4,22.4,22.4,22.4,22.4,22.4,22.4,22.4,22.4,22.4,22.4,22.4,22.4,22.4,22.4,22.4,22.4,18.3,18.3,18.3,18.3,18.3,18.3,18.3,18.3,18.3,18.3,18.3,18.3,18.3,16.33,13.1,13.1,9.1,9.1,9.1,26.3,25.3,26.3,26.3,26.3,26.3,26.3,26.3,34.46,36.3,36.3,36.24,36.3,36.3,36.3,36.3,36.3,36.3,31.44,29.5,20.8,20.8,20.8,20.8,20.8,20.8,20.8,20.8,20.8,20.8,20.8,20.8,20.8,20.8,17.47,12.2,10.4,10.4,10.4,10.4,10.4,10.4,10.4,10.4,10.4,10.4,10.4,10.4,10.4,10.4,10.4,10.4,10.4,10.4,1.42,0.0,0.0,0.0,0.0,0.0,0.0,0.0,0.0,0.0,0.0,0.0,0.0,0.0,0.0,0.0,0.0,0.29,7.76,11.8,11.8,11.8,11.8,11.8,11.8,12.5,12.5,20.3,20.3,20.48,23.6,23.6,23.6,23.6,23.6,23.6,23.6,23.6,23.6,23.6,23.6,23.6,25.17,25.9,25.9,25.9,24.87,21.8,21.0,21.0,21.0,18.99,11.68,0.0,0.0,0.0,0.0,0.0,0.0,0.0,0.0,0.0,0.0,0.0,0.0,0.0,0.0,0.0,0.0,0.0,0.0,0.0,0.0,0.0,0.0,0.0,0.0,0.1,4.33,23.47,21.87,6.9,6.9,28.91,29.7,29.7,29.7,29.7,29.92,32.53,29.7,29.7,29.7,29.7,29.7,29.7,29.7,29.7,29.7,29.7,29.7,29.7,29.7,29.7,30.9,31.9,31.9,31.9,31.9,26.1,26.1,26.1,26.1,26.1,26.1,26.1,26.1,26.1,26.1,26.1,26.1,26.1,26.1,29.7,33.4,39.94,44.78,47.5,47.5,50.5,51.0,51.0,51.0,51.0,51.0,51.0,51.0,51.0,51.0,51.0,51.0,56.8,59.7,59.7,59.7,59.7,58.77,62.2,64.5,64.5,64.5,64.5,64.5,64.5,64.5,64.5,64.5,64.5,64.5,64.5,64.5,64.5,64.5,64.5,64.5,64.5,66.6,66.6,66.6,66.6,66.6,66.6,66.6,66.6,66.6,66.6,66.6,66.6,66.6,66.6,66.6,66.6,66.6,66.6,66.6,69.1,67.91,66.0,66.0,66.0,66.0,66.0,66.0,66.0,66.0,66.0,66.0,66.0,66.0,66.0,66.0,66.0,66.0,66.0,66.0,66.0,66.0,66.0,66.0,66.0,66.0,66.0,66.0,66.0,66.0,66.0,66.0,66.0,66.0,66.0,66.0,66.0,66.0,66.0,67.47,69.3,61.93,61.8,61.8,61.8,61.8,61.8,61.8,61.8
P141,70.5,70.5,70.5,70.5,70.5,70.5,70.5,70.5,70.5,70.5,70.5,70.5,70.5,70.5,70.5,52.54,36.93,36.4,36.4,36.4,29.6,29.6,29.6,29.6,29.6,29.6,29.6,29.6,29.6,29.6,29.6,29.6,29.6,29.6,29.6,29.6,29.6,29.6,29.6,29.6,42.75,49.2,49.2,49.2,49.2,49.2,49.2,49.2,49.2,49.2,49.2,49.2,49.2,49.2,49.2,49.2,49.2,49.2,49.2,49.2,49.2,49.2,49.2,49.2,49.2,30.94,24.8,24.8,24.8,24.8,29.3,26.7,26.7,26.7,25.0,25.0,25.0,25.0,25.0,25.0,25.0,25.0,25.0,25.0,25.0,25.0,25.0,25.0,25.0,25.0,25.0,25.0,25.0,17.14,16.7,16.7,16.7,16.7,16.7,31.04,31.5,31.5,31.5,31.5,31.5,31.5,20.7,22.5,22.5,22.5,22.5,22.5,22.5,22.5,22.5,22.5,22.5,22.5,22.5,22.5,22.5,21.5,21.5,21.5,21.5,21.5,21.5,21.5,21.5,21.5,21.5,21.5,21.5,21.5,21.5,21.5,21.5,21.5,21.5,21.5,21.5,21.5,21.5,20.64,18.1,18.1,18.1,18.1,18.1,18.1,18.1,18.1,18.1,18.1,18.1,18.1,18.1,18.1,18.1,18.1,18.1,18.1,18.1,18.1,18.1,18.1,18.1,18.1,18.1,18.1,18.1,18.1,18.1,18.1,18.1,18.1,23.1,19.64,17.4,17.4,13.11,13.4,13.4,13.4,13.4,13.4,13.4,13.4,13.6,12.3,15.44,15.7,15.7,21.1,24.21,25.5,25.5,25.5,25.5,25.5,25.5,25.5,25.5,25.5,25.5,25.5,25.5,25.5,25.5,25.5,25.5,25.5,25.5,14.13,9.0,9.0,9.0,9.0,9.0,9.0,9.0,9.0,9.0,9.0,9.0,9.0,9.0,9.0,9.0,9.0,9.0,9.0,9.0,9.0,9.0,9.0,9.0,9.0,21.9,21.9,21.9,21.9,21.9,21.9,21.9,21.9,21.9,21.9,21.9,21.9,21.9,21.9,21.9,21.9,21.9,21.9,21.9,21.9,23.5,22.7,23.31,23.5,23.5,23.5,23.5,23.5,23.5,23.5,23.5,23.5,23.9,23.8,23.8,23.8,23.8,23.8,23.8,23.6,23.6,24.2,24.2,24.2,24.2,24.2,24.2,24.2,24.2,24.2,24.2,24.2,24.2,24.2,24.2,24.2,24.2,24.2,24.1,24.1,24.1,24.1,24.1,24.1,24.1,24.1,24.1,24.1,24.1,24.1,24.1,24.1,24.2,24.5,25.0,25.0,25.0,25.2,24.5,24.5,24.5,24.7,24.5,24.5,24.5,24.5,24.5,24.7,24.7,24.4,23.6,23.6,23.6,23.6,24.1,24.1,23.0,22.4,23.8,23.8,38.0,44.1,46.5,46.6,46.6,46.6,43.11,43.2,43.2,43.2,43.2,43.2,43.2,43.2,43.2,43.2,43.2,43.2,43.2,43.2,43.2,43.2,43.2,43.2,43.2,43.2,43.2,43.2,43.2,43.12,39.37,48.04,51.5,43.07,35.5,35.5,31.47,30.7,30.7,30.7,30.7,32.7,32.73,33.8,33.6,33.6,33.6,33.6,33.6,33.6,33.6,33.6,33.6,33.6,33.64,33.8,33.5,33.0,33.0,33.0,33.0,33.0,33.0,33.0,33.0,33.0,33.0,33.0,33.0,33.34,33.5,33.5,33.5,33.5,33.5,33.5,33.5,33.5,33.5,33.5,33.3,33.3,33.3,32.3,19.1,19.6,19.6,19.6,19.8,21.9,21.9,21.5,21.5,21.5,21.5,21.5,21.5,21.5,20.5,20.5,20.5,20.5,20.5,20.5,20.5,20.5,20.5,20.5,20.5,20.5,20.5,20.4,20.4,20.4,20.4,20.4,20.4,20.4,19.9,20.1,20.1,19.8,19.4,19.4,19.4,19.4,19.4,19.4,19.4,19.4,19.89,21.52,22.4,22.4,23.1,23.1,23.1,23.1,23.1,23.1,23.1,23.1,23.1,23.1,23.1,24.8,23.3,23.1,23.1,23.1,23.1,23.1,22.8,21.5,21.5,21.5,21.5,21.5,21.5,21.6,21.6,21.6,21.9,22.1,22.1,22.1,22.1,22.1,22.1,22.1,22.1,22.1,22.1,22.1,22.2,22.2,22.2,22.2,22.2,22.2,22.8,22.7,22.7,22.7,22.7,22.7,22.7,22.7,22.7,22.7,22.5,22.2,22.2,23.0,23.3,23.3,23.3,23.3,23.3,23.3,23.3,23.3,23.3,23.3,23.3,23.3,23.3,23.3,23.3,23.3,23.3,23.3,21.0,21.1,21.1,21.1,21.1,21.1,21.1,21.1,21.1,21.1,21.1,21.1,21.1,3.1,3.1,3.1,3.1,3.1,3.1,3.1,3.1,3.1,3.1,3.1,3.1,3.1,3.1,3.1,3.1,3.1,3.1,3.1,3.1,3.1,3.1,3.1,3.1,3.1,3.1,3.1,3.1,6.9,6.88,6.8,6.8,6.8,19.35,21.45,5.69,26.24,45.1,7.77,3.2,3.4,3.5,49.48,50.2,47.7,48.3,47.65,47.36,46.6,46.6,46.6,46.6,43.31,14.66,12.8,9.0,3.1,0.5,0.6,0.6,0.6,0.6,0.6,0.6,0.6,0.6,0.6,1.9,1.9,1.9,1.9,1.9,1.9,1.9,1.9,1.9,1.9,1.9,1.9,1.9,1.9,1.9,1.9,1.9,1.9,1.9,1.9,1.9,2.64,10.2,2.8,2.8,2.8,2.8,2.8,2.8,2.8,2.8,2.8,2.8,2.8,2.8,2.8,9.53,21.8,21.0,21.0,20.8,20.4,20.4,20.4,20.4,20.4,20.4,20.4,20.4,20.4,20.4,20.4,20.4,20.4,18.5,18.48,17.6,17.6,17.6,17.6,33.25,44.82,47.05,52.57,54.3,54.3,54.3,53.7,53.7,53.7,53.7,50.2,47.93,49.45,53.7,52.16,50.3,47.69,36.9,55.2,53.9,52.0,48.6,45.12,59.0,59.0,59.0,59.0,59.0,59.0,59.0,59.0,58.59,53.2,56.3,56.8,56.0,56.0,53.34,53.85,52.6,52.6,52.6,52.53,51.4,51.4,51.4,51.4,51.4,51.4,51.4,55.2,54.9,49.8,49.8,49.7,49.7,49.7,49.7,49.7,49.7,49.7,49.7,49.7,49.7,49.7,49.7,49.72,56.23,55.2,57.33,57.4,57.4,58.64,66.0,66.0,66.0,66.0,66.0,66.0,66.0,66.0,66.0,66.0,66.0,66.0,66.0,66.0,66.0,66.0,66.0,66.0,66.0,66.0,66.0,66.0,66.0,66.0,66.0,66.0,66.0,66.0,66.0,66.0,66.0,66.0,66.0,66.0,66.0,66.0,66.0,66.0,66.0,65.82,66.91,45.7,47.22,52.5
P142,75.9,75.9,75.9,75.9,75.9,75.9,75.9,75.9,75.9,53.47,49.4,49.4,49.4,50.9,50.9,50.9,50.9,50.9,50.9,50.9,50.9,50.9,50.9,50.9,50.9,50.9,50.9,50.9,50.9,50.9,50.9,50.9,50.9,50.9,50.9,50.9,50.9,50.9,50.9,50.9,50.9,50.9,50.9,50.9,50.9,50.9,50.9,50.9,50.9,50.9,50.9,50.9,50.9,50.9,50.9,50.9,50.9,50.9,50.9,50.9,50.9,50.9,50.9,50.9,50.9,50.9,50.9,50.9,50.9,40.7,38.0,38.0,38.0,38.0,38.0,38.0,38.0,38.0,38.0,38.0,38.0,38.0,38.0,38.0,38.0,38.0,38.0,38.0,38.0,38.0,38.0,38.0,38.0,38.3,38.7,38.7,38.7,38.7,38.7,38.47,35.4,36.2,36.2,36.2,36.2,36.2,36.2,36.2,36.2,36.2,36.2,36.2,36.2,36.2,36.2,36.2,36.2,36.2,36.2,36.2,36.2,36.2,36.2,29.2,29.2,29.2,29.2,29.2,29.2,29.2,29.2,29.2,29.2,29.2,29.2,29.2,29.2,29.2,29.2,29.2,29.2,29.2,29.2,29.2,29.2,29.2,29.2,29.2,29.2,29.2,29.2,29.2,29.2,29.2,29.2,29.2,29.2,29.2,29.2,29.56,25.2,26.27,33.13,35.1,35.1,35.0,35.0,35.0,35.0,35.0,35.0,35.0,35.0,35.0,35.0,35.0,35.0,35.0,35.0,35.0,35.0,35.0,35.0,35.0,35.0,35.0,35.0,35.0,35.0,35.0,35.0,35.0,35.0,35.0,35.0,35.0,35.0,35.0,35.0,35.0,35.0,35.0,35.0,35.0,35.0,35.0,35.0,35.0,35.0,35.0,35.0,35.0,35.0,35.0,35.0,35.0,35.0,35.0,35.0,35.0,35.0,35.0,35.0,35.0,34.6,34.3,33.9,34.0,34.0,34.0,34.0,34.0,34.0,34.0,34.0,34.0,34.0,34.0,34.0,34.0,34.0,34.0,34.0,34.0,34.0,34.0,34.0,34.0,34.0,34.0,34.0,34.0,34.0,34.0,34.0,34.0,34.0,34.0,34.0,34.0,34.0,34.0,34.0,34.0,34.0,34.0,34.0,34.0,34.0,34.0,34.0,34.0,34.0,34.0,34.0,34.0,34.0,34.0,34.0,34.0,34.0,33.8,33.28,32.5,32.8,33.32,35.0,34.8,29.1,29.1,29.1,29.1,29.1,29.1,29.1,29.6,30.95,34.3,34.3,34.3,34.3,34.3,34.3,34.3,34.3,34.3,34.3,34.3,34.3,34.3,34.3,34.3,34.3,34.3,34.3,34.3,34.3,34.3,34.3,34.3,34.3,34.3,34.3,34.3,34.3,33.26,32.9,32.9,36.5,36.9,36.9,36.9,36.9,36.9,36.9,36.9,36.9,36.9,36.9,36.9,36.9,36.9,36.9,36.9,36.9,36.9,36.9,36.9,36.9,36.9,36.9,36.9,36.9,36.9,36.9,36.9,36.9,36.9,36.9,36.9,36.9,36.9,36.9,36.9,36.91,38.0,38.0,38.0,38.0,38.0,38.0,38.0,38.0,38.0,38.0,38.0,38.0,38.0,38.0,38.21,38.4,38.4,38.4,38.4,38.4,38.4,38.4,38.4,38.4,38.4,38.4,39.0,37.2,37.2,37.2,37.2,37.2,37.2,37.2,30.8,30.8,30.8,30.8,30.8,30.8,30.8,30.8,30.8,30.8,30.8,30.8,30.8,30.8,30.8,30.8,25.29,22.3,22.3,22.3,22.3,22.3,22.3,22.3,22.3,22.3,21.5,22.21,22.7,22.7,25.79,21.73,18.4,18.5,18.5,18.5,18.5,18.5,18.5,18.5,15.19,11.1,11.1,11.1,11.1,11.1,11.1,11.1,11.1,7.1,8.0,7.6,7.6,7.6,7.6,5.9,5.9,5.9,5.9,5.9,5.9,5.9,5.9,5.9,5.9,5.9,5.9,5.9,5.9,5.9,5.9,5.9,5.9,5.9,5.9,5.9,5.9,5.9,5.9,5.9,5.9,5.9,5.9,5.9,5.9,5.9,5.57,1.6,0.0,0.0,0.0,0.0,0.0,0.0,0.0,0.0,0.0,0.0,0.0,0.0,0.0,0.0,0.0,0.0,0.0,0.0,0.0,0.0,0.0,0.0,0.0,0.0,0.6,0.6,0.6,0.6,0.6,0.6,0.6,0.6,0.6,0.6,0.6,0.6,0.6,0.6,0.6,0.6,0.6,0.6,0.6,0.6,0.6,0.6,0.6,0.6,0.0,0.0,0.0,0.0,0.0,0.0,0.0,0.0,0.0,0.0,0.0,0.0,0.0,0.0,0.0,0.0,0.0,0.0,0.0,0.0,0.0,0.0,0.0,0.0,0.0,0.0,0.0,0.0,0.0,0.0,0.0,0.0,0.0,0.0,0.0,0.0,0.0,0.0,0.0,0.0,0.0,0.0,0.0,0.0,0.0,0.0,0.0,0.0,0.0,0.0,0.0,0.0,0.0,0.0,0.0,0.0,1.6,1.6,2.0,2.0,2.0,1.7,1.7,1.3,1.3,1.3,1.3,1.3,1.3,1.3,0.5,0.5,0.5,1.06,1.4,1.4,1.4,1.4,1.4,1.4,1.4,1.4,1.4,1.4,0.0,0.0,0.0,0.0,0.0,0.0,0.0,0.0,0.0,0.0,0.0,0.0,0.0,0.0,0.0,0.0,0.0,0.0,0.0,0.0,0.0,0.0,0.0,0.0,0.0,0.0,0.0,0.0,0.0,0.0,0.0,0.0,0.0,0.0,0.0,0.0,0.0,0.0,0.0,0.0,0.0,0.0,0.0,0.0,0.0,0.0,0.0,0.0,0.0,0.0,0.0,0.0,0.0,0.0,0.0,0.0,0.0,0.0,0.0,0.0,0.0,0.0,0.0,0.0,0.0,0.0,0.0,0.0,0.0,0.0,0.0,0.0,0.0,0.0,0.0,0.0,0.0,0.0,0.0,0.0,0.0,0.0,0.0,0.0,0.0,0.0,0.0,0.0,0.0,0.0,0.0,0.0,0.0,0.0,0.0,0.0,0.0,0.0,0.0,0.0,0.0,0.0,0.0,0.0,0.0,0.0,0.0,0.0,0.0,0.0,0.0,0.0,0.0,0.0,0.0,0.0,0.0,0.0,0.0,0.0,0.0,0.0,0.0,0.0,0.0,0.0,0.0,0.0,0.0,0.0,0.0,0.0,0.0,0.0,0.0,0.0,0.0,0.0,0.0,0.0,0.0,1.0,15.5,19.81,21.53,24.4,24.4,22.3,34.1,29.7,29.7,29.7,29.7,28.1,24.5,24.5,24.5,24.5,24.5,24.5,24.5,24.5,13.12,8.6,8.6,8.6,8.6,8.6,8.6,8.6,8.6,8.6,8.6,8.6,7.33,18.3,17.37,20.84,23.6,20.8,20.8,22.2,22.2,22.2,22.2,22.2,22.2,22.2,22.2
P143,39.8,39.8,39.8,39.8,39.8,39.8,39.8,39.8,39.8,39.8,39.8,39.8,39.8,40.0,40.0,40.0,47.1,47.5,47.2,54.2,52.6,57.1,64.4,63.9,68.1,57.41,45.1,49.79,49.7,49.7,49.5,49.5,49.5,49.5,49.2,50.3,50.0,50.0,50.0,50.0,48.13,46.9,45.4,45.4,39.4,38.7,38.6,33.6,32.9,32.9,27.3,26.9,26.5,26.5,25.3,25.3,24.2,24.2,24.2,24.1,24.1,28.4,26.2,26.2,26.2,25.9,25.9,25.9,32.05,31.8,32.1,33.0,33.0,35.5,35.5,34.81,33.0,33.0,31.6,29.66,28.5,24.7,24.7,24.7,25.68,23.33,25.0,24.81,23.8,23.5,17.0,16.7,16.7,16.5,16.2,14.8,14.8,14.7,14.7,15.33,18.57,30.98,35.6,35.6,37.92,38.6,38.6,38.6,38.6,38.6,39.5,39.5,40.0,41.2,39.4,40.3,38.9,39.44,32.53,22.8,22.7,22.1,22.1,22.1,22.1,22.1,22.1,21.3,23.63,32.9,32.7,24.75,15.3,12.8,12.8,13.4,12.05,10.2,5.7,16.01,15.4,13.7,24.5,24.2,24.2,25.5,27.9,21.0,21.0,16.5,14.5,14.5,15.9,31.3,34.86,37.0,40.7,40.7,40.3,43.5,43.5,41.49,36.6,17.11,11.93,10.6,11.65,24.2,24.2,24.2,4.2,13.6,25.17,25.3,27.6,27.5,27.5,29.36,37.8,36.3,36.3,36.3,36.3,35.8,35.8,35.8,35.8,35.2,26.2,26.2,26.2,26.2,26.1,25.9,25.9,25.9,25.9,22.5,20.4,28.84,30.1,30.2,30.6,33.6,38.3,38.3,41.49,41.5,41.5,41.5,41.5,41.5,40.3,36.4,43.99,48.6,48.6,48.6,48.6,48.8,48.8,48.8,48.8,48.8,48.8,48.8,35.63,28.61,28.1,28.1,27.5,23.12,17.94,13.03,4.5,4.9,4.9,2.9,1.1,1.92,23.8,27.0,33.2,15.7,13.4,11.9,11.9,10.5,10.5,5.7,3.51,3.2,3.2,3.2,3.2,3.2,10.8,13.0,8.0,4.6,4.5,3.5,3.5,3.5,3.1,3.1,0.0,0.0,0.0,0.0,0.0,0.0,0.0,0.0,0.2,0.2,0.2,0.2,0.2,0.0,0.0,0.0,0.0,0.0,0.0,0.0,0.0,0.0,0.0,0.0,0.0,0.0,0.0,0.0,0.0,12.5,28.9,38.9,45.7,45.7,48.6,48.6,48.6,48.6,52.78,56.6,58.0,60.3,65.6,65.3,65.3,65.3,65.3,65.3,65.3,65.3,64.04,59.81,52.8,52.0,50.6,50.6,50.6,50.6,50.6,51.2,51.2,51.1,51.1,51.1,51.7,51.4,50.38,50.6,50.6,50.6,50.6,50.6,50.6,50.6,49.24,47.47,49.1,49.2,49.39,51.37,50.24,53.1,48.6,57.3,47.51,40.31,34.1,34.1,34.1,34.1,32.4,47.98,47.4,47.4,47.4,61.1,60.3,50.9,52.74,52.58,58.49,59.1,59.0,58.53,57.1,52.97,46.5,48.9,52.9,44.91,40.6,40.6,40.6,40.6,40.6,40.6,39.55,39.0,36.9,36.6,28.4,21.8,1.22,0.0,0.0,0.0,0.0,0.0,0.0,0.0,0.0,0.0,0.0,0.0,0.0,0.0,0.0,0.0,0.0,0.0,0.0,0.0,0.0,0.0,0.0,0.0,0.0,0.0,0.0,0.0,0.0,0.0,0.0,0.0,0.0,0.0,0.0,0.0,0.0,0.0,0.0,0.0,0.0,0.0,0.0,0.0,0.0,0.0,0.0,0.0,0.0,0.0,0.0,0.0,0.0,0.0,0.0,0.0,6.86,6.2,6.3,6.5,10.5,0.0,0.0,0.0,0.0,21.0,0.0,0.0,0.0,0.0,0.0,0.0,0.0,0.0,0.0,0.0,0.0,0.0,0.0,0.0,0.0,0.0,0.0,0.0,0.0,0.0,0.0,0.0,0.0,0.0,0.0,0.0,0.0,0.0,0.0,0.0,0.0,0.0,0.0,0.0,0.0,0.0,0.0,1.4,0.0,0.0,0.0,0.0,0.0,0.0,0.0,0.0,0.0,0.0,0.0,0.0,0.0,2.6,6.5,8.3,3.79,0.2,0.3,6.0,6.9,6.9,7.7,10.5,0.0,0.0,0.0,3.5,9.38,15.1,16.24,0.0,0.0,0.0,0.0,7.3,0.0,0.0,9.0,0.0,0.0,0.0,0.0,0.0,0.0,0.0,0.0,0.0,0.0,0.0,0.0,0.0,0.0,0.0,0.0,0.0,0.0,0.0,0.0,0.0,0.0,0.0,0.0,0.0,0.0,0.0,0.0,0.0,0.0,0.0,0.0,0.0,0.0,0.0,0.0,0.0,0.0,0.0,0.0,0.0,0.0,0.0,0.0,0.0,0.0,0.0,0.0,0.0,0.0,0.0,0.0,0.0,0.0,0.0,0.0,0.0,0.0,0.0,0.0,0.0,0.0,0.0,0.0,0.0,0.0,0.0,0.0,0.0,0.0,0.0,0.0,0.0,16.2,0.9,0.0,0.0,0.0,0.0,0.0,0.0,0.0,0.0,0.0,0.0,0.0,0.0,0.0,0.0,0.0,0.0,0.0,0.0,0.0,0.0,0.0,0.0,0.0,0.0,0.0,0.0,0.0,0.0,0.0,0.0,0.0,0.0,0.0,0.0,0.0,0.0,0.0,0.0,0.0,0.0,0.0,0.0,0.0,0.0,0.0,0.0,0.0,0.0,0.0,0.0,0.0,0.0,0.0,0.0,0.0,0.0,0.0,0.0,0.0,0.0,0.0,0.0,0.0,0.0,0.0,0.0,0.0,0.3,0.8,0.0,0.0,0.0,0.0,0.0,0.0,0.0,0.0,0.0,0.0,0.0,0.0,0.0,0.0,0.0,0.0,0.0,0.0,0.0,0.0,0.0,0.6,9.9,21.6,27.5,39.49,48.5,57.61,100.0,100.0,100.0,100.0,100.0,100.0,100.0,100.0,100.0,100.0,100.0,100.0,100.0,100.0,100.0,100.0,100.0,100.0,97.8,98.5,99.2,99.2,99.2,99.2,100.0,100.0,100.0,100.0,100.0,100.0,100.0,100.0,100.0,100.0,96.84,96.5,98.6,94.42,92.1,86.3,86.1,86.1,78.1,78.1,87.2,85.39,70.55,66.4,73.3,73.3,73.3,73.3,73.3,73.3,73.3,73.3,73.3,73.3,75.4,75.3,80.09,86.26,92.6,95.02,100.0,100.0,100.0,100.0,100.0,100.0,100.0,100.0,100.0,100.0,100.0,100.0,100.0,100.0,100.0,100.0,100.0,100.0,100.0,93.74,81.8,79.31,77.8,76.4,76.4,77.08,72.11,68.5,68.5,68.5,68.5,69.6,69.6,69.6,69.6,69.6,68.4,67.0,66.2,65.14,61.0
P144,87.5,87.5,84.5,84.5,84.5,84.5,84.5,84.5,84.5,84.5,85.9,88.8,88.0,88.0,88.0,88.0,88.0,88.0,88.0,88.0,88.0,88.0,88.0,88.0,88.0,88.0,88.0,88.0,88.0,88.0,88.0,88.0,88.0,88.3,88.3,88.3,88.3,88.3,88.3,88.3,93.37,96.2,90.99,94.2,94.2,94.2,94.2,94.2,94.2,94.2,95.5,95.1,95.1,95.1,95.1,93.1,92.1,92.1,91.9,91.9,91.9,91.9,91.9,91.9,91.9,95.3,95.3,95.3,95.3,95.3,95.3,95.3,95.3,95.3,95.3,95.3,95.3,95.3,95.3,95.3,95.3,95.3,95.3,95.3,95.3,95.3,95.3,95.3,95.3,95.3,95.3,95.3,95.3,95.3,95.3,95.3,95.3,95.3,95.3,91.2,92.42,82.6,82.6,82.6,82.6,82.6,82.6,82.6,82.6,82.6,82.6,77.1,76.6,76.5,76.5,76.5,76.5,76.5,76.5,76.5,76.5,76.5,76.5,76.5,76.5,76.5,76.5,76.5,76.5,76.5,76.5,76.5,76.5,76.5,76.5,76.5,76.5,76.5,76.5,76.5,76.5,76.5,76.5,76.5,76.5,76.5,76.5,76.5,76.5,76.5,76.5,76.5,76.5,76.5,76.5,76.5,76.5,76.5,76.5,76.5,76.5,76.5,76.5,76.5,76.5,76.2,73.1,73.4,72.7,77.0,77.0,77.0,77.0,77.0,77.0,77.0,77.0,77.0,77.0,77.0,77.0,77.0,77.0,77.0,77.0,77.0,77.0,77.0,77.0,77.0,77.0,77.0,77.0,77.0,77.0,77.0,77.0,77.0,77.0,77.0,77.0,77.0,77.0,77.0,77.0,77.0,77.0,77.0,74.8,75.66,82.9,82.9,82.9,82.9,82.9,82.9,82.9,82.9,82.9,82.9,82.9,82.9,82.9,82.9,82.9,82.9,82.9,82.9,82.9,82.9,82.9,82.9,82.9,82.9,82.9,82.9,82.9,79.1,79.1,75.33,74.4,74.2,74.2,73.3,70.5,70.8,70.8,70.8,70.8,70.8,70.8,70.8,70.8,70.8,70.8,70.8,70.8,70.8,70.8,70.8,70.8,70.8,70.8,70.8,70.8,70.8,70.8,70.8,70.8,70.8,70.8,70.8,70.8,70.8,70.8,70.8,70.8,70.8,70.8,70.8,70.8,70.8,70.8,70.8,70.8,69.6,69.6,69.6,72.7,72.7,72.7,72.7,72.7,72.3,72.3,72.3,72.3,72.3,72.3,72.3,72.3,72.3,72.3,72.3,72.3,72.3,72.3,72.3,72.3,72.3,72.3,72.3,72.3,72.3,72.3,72.3,52.54,52.1,52.1,52.1,51.7,51.7,51.7,51.7,51.7,51.2,52.0,45.72,41.9,41.9,41.7,41.7,41.7,41.7,44.4,44.4,44.9,44.9,44.9,44.9,44.9,44.9,44.9,44.9,47.9,49.8,49.8,49.8,49.8,49.8,49.8,49.8,49.8,49.8,49.8,49.8,49.8,49.8,49.8,49.8,49.8,49.8,49.8,49.8,49.8,49.8,49.8,49.8,49.8,49.8,49.8,49.8,49.8,46.98,34.5,34.5,34.5,34.5,34.5,34.5,34.5,34.5,34.5,34.5,34.5,34.5,34.5,34.5,32.91,25.2,24.8,24.8,24.8,24.8,24.8,24.8,24.8,24.8,24.8,24.8,24.8,24.8,24.8,24.8,24.8,24.8,24.8,24.8,24.8,24.8,24.8,24.3,11.8,11.8,11.8,11.8,11.8,11.8,11.8,11.8,11.8,11.8,11.8,11.8,11.8,11.8,11.8,11.8,11.8,11.8,11.8,11.8,11.8,11.8,0.3,0.0,0.0,0.1,0.0,0.0,0.0,0.0,0.0,0.0,0.0,0.0,0.0,0.0,0.0,0.0,0.0,0.0,0.0,0.0,0.0,0.0,0.0,0.0,0.0,0.0,0.0,0.0,0.0,0.0,0.0,0.0,0.0,0.0,0.0,0.0,0.0,0.0,0.0,0.0,0.0,0.0,0.0,0.0,0.0,0.0,0.0,0.0,0.0,0.0,0.0,0.0,0.0,0.0,0.0,0.0,0.0,0.0,0.0,0.0,0.0,0.0,0.0,0.0,0.0,0.0,0.0,0.0,0.0,0.0,0.0,0.0,0.0,0.0,0.0,0.0,0.0,0.7,1.2,5.37,8.81,8.7,8.99,0.0,6.5,6.5,11.8,11.8,11.6,11.6,11.6,11.6,11.6,11.6,11.6,11.5,0.0,1.03,0.0,0.0,0.0,0.0,0.0,0.0,0.0,0.0,0.0,0.0,0.0,0.0,12.3,0.21,0.0,0.0,0.0,0.0,0.0,0.0,0.0,0.0,0.0,0.0,0.0,0.0,0.0,0.0,0.1,0.1,3.0,3.0,3.0,3.0,3.0,3.0,3.0,3.0,3.0,3.0,3.0,3.0,3.0,3.0,3.0,3.0,3.0,3.0,3.0,3.0,3.0,3.0,3.0,3.0,3.0,3.0,3.0,3.0,3.0,3.0,3.0,3.0,3.0,3.0,3.0,3.0,3.0,3.0,3.0,3.0,3.0,3.0,3.0,3.0,0.0,0.0,0.0,0.0,0.0,0.0,0.0,0.0,0.0,0.0,0.0,0.0,0.0,0.0,0.0,0.0,0.0,0.0,0.0,0.0,0.0,0.0,0.0,0.0,0.0,0.0,0.0,0.0,0.0,0.0,0.0,0.0,0.0,0.0,0.0,0.0,0.0,0.0,0.0,0.0,0.0,0.0,0.0,0.0,0.0,0.0,0.0,0.0,0.0,0.0,0.0,0.0,0.0,0.0,0.0,0.0,0.0,0.0,0.0,0.0,0.0,0.0,0.0,0.0,0.0,0.0,0.0,0.0,0.0,0.0,0.0,0.0,0.0,0.0,0.0,0.0,0.0,0.0,0.0,0.0,0.0,0.0,0.0,0.0,0.0,0.0,0.0,0.0,0.0,14.28,18.17,39.06,52.5,61.6,72.47,74.1,74.1,76.3,76.3,76.3,76.3,76.3,76.3,76.3,76.3,76.3,76.3,76.3,76.3,76.3,76.3,76.3,76.3,76.3,76.3,74.9,67.6,76.6,76.6,76.6,76.6,76.6,76.6,76.6,76.6,76.6,76.6,76.6,76.6,76.6,76.6,76.6,76.6,76.6,76.6,76.6,76.6,76.6,76.6,76.6,76.6,76.6,76.6,76.6,76.6,76.6,76.6,76.6,76.6,76.6,76.6,76.6,76.6,76.6,76.6,76.6,96.96,99.7,95.32,82.44,83.0,86.6,89.1,89.1,89.1,88.7,88.7,88.7,88.7,88.7,88.7,88.7,88.7,88.7,88.7,88.7,88.7,88.7,88.7,88.7,88.7,88.7,88.7,88.7,88.7,88.7,88.7,88.7,88.7,88.7,88.7,88.7,88.7,88.7,88.7,88.7,88.7,88.7,88.7,88.7,88.7,88.7
P145,80.6,80.6,80.6,80.6,80.6,80.6,80.6,80.6,80.6,80.6,80.6,80.6,80.6,80.6,77.8,77.8,77.8,73.35,38.0,66.65,70.8,70.8,70.8,70.8,70.8,70.8,70.8,70.8,70.8,70.8,70.8,71.3,71.3,71.3,71.3,71.3,71.3,82.0,88.4,88.4,88.4,88.4,88.4,88.4,88.4,88.4,88.4,88.4,88.4,88.4,88.4,88.4,88.4,88.4,88.4,88.4,88.4,88.4,88.4,88.4,88.4,88.4,88.4,88.4,88.4,88.4,88.4,83.98,82.9,82.9,82.9,80.55,78.23,76.9,76.9,76.9,76.9,76.9,76.9,76.9,76.9,76.9,76.9,76.9,76.9,76.9,76.9,76.9,76.9,76.9,77.8,74.33,68.5,78.2,78.7,78.7,78.7,78.7,62.0,48.8,38.0,37.7,37.7,37.7,37.7,37.7,37.7,41.7,66.4,66.4,66.4,66.4,66.4,66.4,66.4,66.4,66.4,31.63,24.1,24.1,24.1,28.14,22.95,15.7,15.7,15.7,15.7,13.06,10.4,10.4,10.2,10.9,9.3,9.3,11.1,11.1,11.1,11.6,11.6,11.6,11.6,11.6,11.6,11.6,11.6,11.6,11.6,11.6,11.6,11.6,11.6,11.6,11.6,11.6,11.6,11.6,11.6,17.42,8.8,7.6,7.6,7.6,5.1,4.2,0.0,0.0,0.0,0.0,0.0,0.0,0.0,0.0,0.0,2.87,7.4,7.9,7.4,7.4,7.4,7.4,7.4,7.4,7.4,7.4,7.4,7.4,7.4,7.4,7.4,7.4,7.4,7.4,7.4,7.4,7.4,7.4,7.4,7.4,7.4,7.4,7.4,7.4,7.4,7.4,7.57,11.1,11.1,11.1,11.1,11.1,11.1,11.1,11.1,11.1,11.1,11.1,11.1,21.77,29.35,32.4,32.4,33.07,37.0,41.9,42.8,42.8,42.8,42.8,42.8,42.8,42.8,42.8,42.8,42.8,42.8,42.8,42.8,42.8,42.8,42.8,42.8,42.8,42.8,42.8,42.8,42.8,42.8,42.8,42.8,42.8,42.8,42.8,42.8,42.8,42.8,42.8,42.8,42.8,42.8,42.8,42.8,34.72,30.6,27.5,18.42,14.4,14.4,20.57,28.7,28.7,28.7,36.6,34.5,24.56,24.1,18.3,13.4,13.4,13.4,13.4,13.4,13.4,13.4,13.4,13.4,13.4,13.4,13.4,13.4,13.4,13.4,13.4,13.4,13.4,13.4,13.4,13.4,13.4,13.4,13.4,13.4,13.4,13.4,13.4,13.4,13.4,13.4,15.7,19.2,19.2,11.8,8.8,8.8,8.8,8.8,8.8,8.8,8.8,8.8,8.8,8.8,8.8,13.33,22.11,46.8,57.84,61.6,61.6,61.6,61.6,61.6,61.6,61.1,31.63,28.5,28.5,28.5,28.5,52.69,58.3,62.3,63.2,64.8,65.5,65.5,65.5,65.5,65.5,65.5,65.5,65.5,65.5,65.5,65.5,65.5,65.5,65.5,68.95,81.82,83.8,77.3,77.3,81.5,89.39,92.8,92.8,92.8,92.8,92.8,92.8,92.8,92.8,92.8,92.8,92.8,92.8,92.8,92.8,92.8,92.8,92.8,92.8,92.8,92.8,92.8,92.8,92.8,92.8,92.8,92.8,92.8,92.8,92.8,92.8,92.8,92.8,92.8,92.8,92.8,92.8,92.8,92.8,92.8,92.8,92.8,92.8,92.8,92.8,92.8,92.8,92.8,92.8,92.8,92.8,92.8,92.8,92.8,92.8,92.8,92.8,92.8,92.8,92.8,92.8,92.8,92.8,92.8,92.8,92.8,92.8,92.8,92.8,92.8,92.8,92.8,92.8,92.8,92.8,92.8,92.8,92.8,92.8,84.75,83.8,69.4,64.17,51.01,48.21,45.12,40.7,40.7,40.7,40.7,40.7,40.7,40.7,40.7,40.7,40.7,40.7,40.7,40.7,40.7,40.7,40.7,40.7,40.7,40.7,40.7,40.7,40.7,40.7,40.7,40.7,40.7,40.7,40.7,40.7,40.7,40.7,40.7,40.7,55.09,64.6,64.6,64.6,64.6,64.6,64.6,64.6,64.6,64.6,64.6,64.6,64.6,64.6,64.6,64.6,64.6,64.6,64.6,64.6,64.6,64.6,64.6,64.6,64.6,64.6,64.6,64.6,64.6,64.6,64.6,64.6,64.6,64.6,64.6,64.6,64.6,64.6,64.6,60.6,50.83,44.01,43.8,43.8,43.8,43.8,43.8,43.8,43.8,43.8,43.8,43.8,43.8,43.8,43.8,43.8,43.8,43.8,43.8,43.8,43.8,43.8,43.8,43.8,43.8,43.8,43.8,43.8,43.8,43.8,43.8,43.8,43.8,67.8,68.1,66.4,64.4,59.71,59.7,54.31,51.01,35.61,31.3,25.91,23.4,23.4,23.4,23.4,23.4,23.4,23.4,23.4,23.4,23.4,23.4,23.4,23.4,23.4,23.4,23.4,23.4,23.4,23.4,23.4,23.4,23.4,23.4,23.4,23.4,23.4,23.4,23.4,23.4,23.4,23.4,23.4,23.4,23.4,24.35,35.0,35.0,35.0,35.0,35.0,35.0,35.0,35.0,35.0,35.0,35.0,35.0,35.0,35.0,35.0,35.0,35.0,35.0,41.47,18.12,18.1,10.4,9.3,9.3,9.3,9.3,9.3,9.3,9.3,9.3,9.3,9.3,9.3,9.3,9.3,9.3,9.3,9.3,9.3,9.3,9.3,9.3,9.3,9.3,9.3,9.3,9.3,9.3,9.3,9.3,9.3,9.3,9.3,9.3,9.3,9.3,9.3,9.3,9.3,9.3,9.3,9.3,9.3,9.3,9.3,9.3,9.3,9.3,9.3,9.3,9.3,9.3,9.3,9.3,9.3,9.3,9.3,9.3,9.3,9.3,29.65,33.6,33.6,33.6,33.6,33.6,33.6,33.6,33.6,38.7,42.36,44.66,46.8,46.8,46.8,46.8,46.8,46.8,46.8,46.8,46.8,46.8,46.8,46.8,46.8,46.8,46.8,46.8,46.8,67.1,71.8,74.8,75.2,75.2,75.2,75.2,75.2,75.2,75.2,75.2,75.2,75.2,75.2,75.2,75.2,75.2,75.2,75.2,75.2,82.4,82.92,86.6,86.6,86.6,86.6,86.6,86.6,86.6,86.8,87.3,87.5,87.5,87.5,86.3,86.3,86.3,86.3,86.3,86.3,86.3,86.3,86.3,86.3,86.3,86.3,86.3,86.3,86.3,86.3,86.3,86.3,86.3,86.3,86.3,86.3,86.3,86.3,86.3,87.0,91.0,91.2,93.5,95.8,95.4,95.4,95.4,95.4,95.4,95.4,95.4,95.4,95.4,95.4,95.4,95.4,95.4,95.4,95.4,95.4,95.4,95.4,94.9,94.4,94.9,94.9,94.9,94.9,94.9,94.9,94.9,94.9,94.9,94.9,94.4,93.5,93.1,93.1
P146,43.8,43.1,43.1,43.1,43.1,43.1,43.1,43.1,43.1,43.1,43.1,43.1,43.1,43.1,43.1,43.1,43.1,43.1,43.1,43.1,43.1,43.1,43.1,42.5,38.8,38.8,38.8,38.8,38.8,38.8,38.8,38.8,38.8,38.8,38.8,38.8,38.8,38.8,38.8,38.8,40.2,42.1,42.1,42.1,42.1,42.1,42.1,42.1,42.1,42.1,43.8,43.8,43.8,43.8,43.8,43.8,43.8,43.8,43.8,43.8,43.59,42.5,42.5,42.5,42.5,42.5,42.5,42.5,41.3,41.3,41.3,41.3,41.3,41.3,41.3,41.3,41.3,41.3,41.3,41.3,41.3,41.3,41.3,41.3,41.3,40.2,40.9,41.3,41.3,38.6,38.6,38.6,38.6,38.6,41.1,41.1,41.1,41.1,41.1,41.1,41.1,41.1,41.1,41.1,41.1,41.1,41.1,41.1,41.1,41.1,41.1,41.1,41.1,41.1,41.1,41.1,41.1,41.1,41.1,41.1,41.1,41.1,41.1,41.1,41.1,41.1,41.1,34.77,16.56,11.4,11.4,11.4,11.4,11.4,11.4,11.4,11.4,11.4,11.4,11.4,11.4,13.7,13.7,13.7,13.7,13.7,13.7,13.7,13.7,13.7,13.7,13.7,13.7,14.8,18.0,18.0,18.0,18.0,18.0,18.0,18.0,18.0,18.0,18.0,18.0,18.0,18.0,18.0,18.0,18.0,18.0,18.0,18.0,11.91,10.2,10.2,10.2,10.2,10.2,10.2,10.2,10.2,10.2,10.2,10.2,10.2,10.2,10.2,10.2,10.2,10.2,10.2,10.2,10.2,10.2,12.4,21.8,35.7,39.92,42.5,42.5,42.5,42.5,42.5,42.52,28.7,26.3,26.3,11.55,7.3,7.3,7.3,7.3,7.3,7.3,7.3,7.3,7.3,7.3,7.3,7.3,24.89,27.8,27.8,27.8,19.3,18.3,18.3,18.3,18.3,18.3,18.3,18.3,18.3,18.3,18.3,18.3,18.3,18.3,18.3,18.3,18.3,18.3,18.3,18.3,18.3,18.3,18.3,18.3,18.3,18.3,18.3,18.3,18.3,18.3,18.3,18.3,18.3,18.3,18.3,18.3,18.1,18.1,18.1,18.1,18.1,18.1,18.1,18.1,18.1,18.1,18.1,18.1,18.1,18.1,18.1,18.1,18.1,18.1,18.1,18.1,18.1,18.1,18.1,18.1,18.1,18.1,18.1,18.1,18.1,18.1,18.1,18.1,18.1,18.1,18.1,30.3,30.3,30.3,30.3,30.3,30.3,30.3,30.3,30.3,30.3,30.3,30.3,30.3,30.3,30.3,30.3,30.3,30.3,30.3,30.3,30.3,30.3,30.3,30.3,30.3,30.3,30.3,30.3,30.3,30.3,30.3,30.3,30.3,38.0,38.0,38.0,38.0,38.0,38.0,38.0,38.0,38.0,38.0,38.0,38.0,38.0,38.0,38.0,38.0,38.0,38.0,38.0,38.0,38.0,38.0,38.0,38.0,38.0,38.0,38.0,38.0,38.0,38.0,38.0,38.0,38.0,38.0,38.0,38.0,38.0,38.0,38.0,38.0,38.0,38.0,38.0,38.0,38.0,38.0,38.0,38.0,38.0,38.0,38.0,38.0,38.0,38.0,38.0,38.0,38.0,38.0,38.0,38.0,38.0,38.0,38.0,38.0,38.0,38.0,38.0,38.0,38.0,38.0,38.0,38.0,38.0,38.0,38.0,38.0,38.0,38.0,38.0,38.0,38.0,38.0,38.0,38.0,38.0,38.0,38.0,38.0,38.0,38.0,38.0,38.0,38.0,38.0,38.0,38.0,38.0,38.0,38.0,38.0,38.0,38.0,38.0,38.0,38.0,38.0,38.0,38.0,38.0,38.0,38.0,38.0,38.0,38.0,38.0,38.0,38.0,38.0,38.0,38.0,38.0,38.0,38.0,38.0,38.0,38.0,38.0,38.0,38.0,38.0,38.0,38.0,38.0,38.0,38.0,38.0,38.0,38.0,38.0,38.0,38.0,38.0,38.0,38.0,38.0,38.0,38.0,38.0,38.0,38.0,38.0,38.0,38.0,38.0,38.0,38.0,38.0,38.0,38.0,38.0,38.0,38.0,38.0,38.0,38.0,38.0,38.0,38.0,38.0,38.0,38.0,38.0,38.0,38.0,38.0,38.0,38.0,38.0,38.0,37.43,37.8,38.8,38.8,38.8,38.8,38.8,38.8,38.8,38.8,38.8,38.8,38.8,38.8,38.8,38.8,38.8,38.8,38.8,38.8,38.8,38.8,38.8,38.8,38.8,38.8,38.8,38.8,38.8,38.8,38.8,38.8,38.8,38.8,38.8,38.8,38.8,38.8,38.8,38.8,38.8,38.8,38.8,38.8,38.8,38.8,38.8,38.8,38.8,38.8,38.8,38.8,38.8,38.8,38.8,38.8,38.8,38.8,38.8,38.8,38.8,38.8,38.8,38.8,38.8,38.8,38.8,38.8,38.8,38.8,38.8,38.8,40.3,40.3,40.3,42.7,42.7,42.7,42.7,42.7,42.7,43.2,44.6,44.6,44.6,44.8,44.8,45.4,46.5,46.5,47.74,47.9,49.0,49.0,49.0,49.0,49.0,48.8,48.8,48.8,52.3,52.3,52.3,52.3,52.3,52.3,52.3,52.3,54.2,54.2,54.2,54.2,54.2,54.2,54.2,54.2,54.2,54.2,54.2,54.2,54.2,54.2,54.2,54.2,54.2,54.2,54.2,54.2,54.2,54.2,54.2,54.2,54.2,54.2,54.2,54.2,51.32,50.2,50.2,50.2,50.2,50.2,50.2,50.2,50.2,50.2,50.2,50.2,50.2,50.2,50.2,50.2,50.2,50.2,50.2,50.2,50.2,50.2,50.2,50.2,50.2,50.2,50.2,50.2,50.2,50.2,50.2,50.2,50.2,50.2,50.2,50.2,50.2,50.2,50.2,50.2,50.2,50.2,50.2,50.2,50.2,50.2,50.2,50.2,50.2,50.2,50.2,50.2,50.2,50.2,50.2,50.2,50.2,50.2,50.2,50.2,50.2,50.2,50.2,50.2,50.2,50.2,50.2,50.2,50.2,50.2,50.2,50.2,50.2,50.2,50.2,50.2,50.0,49.35,43.2,43.2,43.2,43.2,43.2,43.2,43.2,43.2,43.2,43.2,43.2,43.2,43.2,43.2,43.2,43.2,43.2,43.2,43.2,43.2,43.2,43.2,43.2,43.2,43.2,43.2,43.2,43.2,43.2,43.2,43.2,43.2,43.2,43.2,43.2,43.2,43.2,43.2,43.2,43.2,43.2,43.2,43.2,43.2,43.2,43.2,43.2,43.2,43.2,43.2,43.2,43.2,43.2,43.2,43.2,43.2,43.2,43.2,43.2,43.2,43.2,43.2,43.2,43.2,43.2,43.2,43.2,43.2,43.2,43.2,43.2,43.2,43.2,43.2,43.2,45.2,48.3,48.3,48.3,48.3,48.3,48.3,48.3,48.3,48.3,48.3
P147,88.5,88.5,88.5,88.5,88.5,88.5,88.5,88.5,88.5,88.5,88.5,100.0,99.7,90.2,87.5,87.6,87.6,87.6,87.6,87.6,87.6,87.6,87.6,80.3,84.3,84.3,84.3,84.3,84.3,84.3,84.3,84.3,84.3,84.3,84.3,84.3,84.3,84.3,84.3,84.3,84.3,84.3,84.3,84.3,84.3,84.3,84.3,84.3,84.3,84.3,84.3,84.3,84.3,84.3,84.3,84.3,84.3,84.3,84.3,84.3,84.3,84.3,84.3,84.3,84.3,84.3,84.3,84.3,84.3,84.3,84.3,84.3,84.3,84.3,84.3,84.3,84.3,84.3,84.3,84.3,84.3,84.3,84.3,84.3,84.3,84.3,84.3,84.3,84.3,84.3,84.3,84.3,84.3,84.3,84.3,84.3,84.3,84.3,84.3,84.3,84.3,84.3,84.3,84.3,84.3,84.3,84.3,84.3,84.3,84.3,84.3,84.3,84.3,84.3,84.3,84.3,84.3,84.3,84.3,84.3,84.3,84.3,84.3,84.3,84.3,84.3,84.3,84.3,84.3,84.3,84.3,84.3,84.3,84.3,84.3,84.3,84.3,84.3,84.3,84.3,84.3,84.3,84.3,84.3,84.3,84.3,84.3,84.3,84.3,84.3,84.3,84.3,84.3,84.3,84.3,84.3,84.3,84.3,84.3,84.3,84.3,84.3,84.3,84.3,84.3,84.3,84.3,84.3,84.3,84.3,84.3,84.3,84.3,87.8,92.7,90.8,90.8,90.8,90.8,90.8,90.8,90.8,90.8,90.8,90.8,90.8,90.8,90.8,90.8,90.8,90.8,90.8,90.8,90.8,90.8,90.8,90.8,90.8,90.8,90.8,90.8,90.8,90.8,90.8,90.8,90.8,90.8,90.8,90.8,90.8,90.8,90.8,90.8,90.8,90.8,90.8,90.8,90.8,90.8,90.8,90.8,90.8,90.8,90.8,90.8,90.8,90.8,90.8,90.8,90.8,90.8,87.8,87.8,90.2,90.4,90.4,90.4,90.4,90.4,90.4,90.4,90.4,90.4,90.4,90.4,90.4,90.4,90.4,90.4,90.4,90.4,90.4,90.4,90.4,90.4,90.4,90.4,90.4,90.4,90.4,90.4,90.4,90.4,90.4,90.4,90.4,90.4,90.4,90.4,90.4,90.4,90.4,90.4,90.4,90.4,90.4,90.4,90.4,90.4,90.4,90.4,90.4,90.4,90.4,90.4,90.4,90.4,90.4,90.4,90.4,90.4,90.4,90.4,90.4,90.4,90.4,90.4,90.4,90.4,90.4,90.4,90.4,90.4,90.4,90.4,90.4,90.4,90.4,90.4,90.4,90.4,90.4,90.4,90.4,90.4,90.4,90.4,90.4,90.4,90.4,90.4,90.4,90.4,90.4,90.4,90.4,90.4,90.4,90.4,90.4,90.4,90.4,90.4,90.4,90.4,90.4,90.4,90.4,90.4,90.4,90.4,90.4,90.4,90.4,90.4,90.4,90.4,90.4,90.4,90.4,90.4,90.4,90.4,90.4,90.4,90.4,90.4,90.4,90.4,90.4,90.4,90.4,90.4,90.4,90.4,90.4,90.4,90.4,90.4,90.4,90.4,90.4,90.4,90.4,90.4,90.4,90.4,90.4,90.4,90.4,90.4,90.4,90.4,90.4,90.4,90.4,90.4,90.4,90.4,90.4,90.4,90.4,90.4,90.4,90.4,90.4,90.4,90.4,90.4,90.4,90.4,90.4,90.4,90.4,90.4,90.4,90.4,90.4,90.4,90.4,90.4,90.4,90.4,90.4,90.4,90.4,90.4,90.4,90.4,90.4,90.4,90.4,90.4,90.4,90.4,90.4,90.4,90.4,90.4,90.4,90.4,90.4,90.4,90.4,90.4,90.4,90.4,90.4,90.4,90.4,90.4,90.4,90.4,90.4,90.4,90.4,90.4,90.4,90.4,90.4,90.4,90.4,90.4,90.4,90.4,90.4,90.4,90.4,90.4,90.4,90.4,90.4,90.4,90.4,90.4,90.4,90.4,90.4,90.4,90.4,90.4,90.4,90.4,90.4,90.4,90.4,90.4,90.4,90.4,90.4,90.4,90.4,90.4,90.4,90.4,90.4,90.4,90.4,90.4,90.4,90.4,90.4,90.4,90.4,90.4,90.4,90.4,90.4,90.4,90.4,90.4,90.4,90.4,90.4,90.4,90.4,90.4,90.4,90.4,90.4,90.4,90.4,90.4,90.4,90.4,90.4,90.4,90.4,90.4,90.4,90.4,90.4,90.4,90.4,90.4,90.4,90.4,90.4,90.4,90.4,90.4,90.4,90.4,90.4,90.4,90.4,90.4,90.4,90.4,90.4,90.4,90.4,90.4,90.4,90.4,90.4,90.4,90.4,90.4,90.4,90.4,90.4,90.4,90.4,90.4,90.4,90.4,90.4,90.4,90.4,90.4,90.4,90.4,90.4,90.4,90.4,90.4,90.4,90.4,90.4,90.4,90.4,90.4,90.4,90.4,90.4,90.4,90.4,90.4,90.4,90.4,90.4,90.4,90.4,90.4,90.4,90.4,90.4,90.4,90.4,90.4,90.4,90.4,90.4,90.4,90.4,90.4,90.4,90.4,90.4,90.4,90.4,90.4,90.4,90.4,90.4,90.4,90.4,90.4,90.4,90.4,90.4,90.4,90.4,90.4,90.4,90.4,90.4,90.4,90.4,90.4,90.4,90.4,90.4,90.4,90.4,90.4,90.4,90.4,90.4,90.4,90.4,90.4,90.4,90.4,90.4,90.4,90.4,90.4,90.4,90.4,90.4,90.4,90.4,90.4,90.4,90.4,90.4,90.4,90.4,90.4,90.4,90.4,90.4,90.4,90.4,90.4,90.4,90.4,90.4,90.4,90.4,90.4,90.4,90.4,90.4,90.4,90.4,90.4,90.4,90.4,90.4,90.4,90.4,90.4,90.4,90.4,90.4,90.4,90.4,90.4,90.4,90.4,90.4,90.4,90.4,90.4,90.4,90.4,90.4,90.4,90.4,90.4,90.4,90.4,90.4,90.4,90.4,90.4,90.4,90.4,90.4,90.4,90.4,90.4,90.4,90.4,90.4,90.4,90.4,90.4,90.4,90.4,90.4,90.4,90.4,90.4,90.4,90.4,90.4,90.4,90.4,90.4,90.4,90.4,90.4,90.4,90.4,90.4,90.4,90.4,90.4,90.4,90.4,90.4,90.4,90.4,90.4,90.4,90.4,90.4,90.4,90.4,90.4,90.4,90.4,90.4,90.4,90.4,90.4,90.4,90.4,90.4,90.4,90.4,90.4,90.4,90.4,90.4,90.4,90.4,90.4,90.4,90.4,90.4,90.4,90.4,90.4,90.4,90.4,90.4,90.4,90.4,90.4,90.4,90.4,90.4,90.4,90.4,90.4,90.4,90.4,90.4,90.4,90.4,90.4,90.4,90.4,90.4,90.4,90.4,90.4,90.4,90.4,90.4,90.4,90.4,90.4,90.4,90.4,90.4,90.4,90.4,90.4,90.4,90.4,90.4,90.4
P148,29.6,29.6,29.6,29.6,32.2,41.8,41.8,41.8,52.9,52.9,52.9,60.58,66.9,72.0,72.0,72.0,72.0,72.7,76.2,76.2,77.3,76.4,76.3,76.3,76.3,76.3,76.3,76.3,76.21,68.4,68.3,68.3,68.3,64.4,60.4,53.9,53.9,53.9,53.9,53.9,53.9,53.9,53.9,51.83,52.1,52.1,52.1,52.1,52.1,52.1,51.7,48.6,46.4,46.4,46.4,47.7,47.7,47.7,47.2,43.18,38.5,38.5,37.0,37.0,37.0,50.06,50.7,50.7,50.7,52.5,60.93,74.93,77.5,80.92,69.3,66.9,66.9,67.0,66.98,66.4,66.6,66.6,66.6,66.6,66.6,63.15,54.43,52.5,50.6,50.6,50.6,50.6,50.6,50.6,50.6,50.6,50.6,50.6,50.6,50.6,50.6,50.6,50.6,50.6,50.6,50.6,50.6,50.6,50.6,50.6,50.6,47.2,47.1,46.03,43.4,39.4,39.1,30.2,26.6,26.6,26.6,26.6,26.6,26.6,26.6,26.6,26.6,26.6,28.7,24.1,15.6,9.38,9.5,9.7,9.7,12.5,12.5,18.4,19.3,19.3,19.3,19.3,19.4,19.7,19.7,19.7,19.7,19.7,19.7,19.7,19.7,19.7,19.7,21.3,20.3,20.3,18.8,17.6,15.12,13.1,13.1,13.1,13.1,13.1,13.1,13.1,13.1,13.1,13.1,13.1,13.1,20.2,20.6,20.6,20.6,20.78,18.8,18.8,18.8,18.8,18.8,18.8,19.2,19.3,25.2,25.3,23.0,18.48,17.49,16.9,16.6,16.6,16.6,16.6,16.6,16.6,16.6,16.6,16.6,16.6,16.6,16.6,16.6,16.6,16.6,16.6,16.6,16.6,16.6,16.6,16.6,13.2,13.2,10.5,10.5,10.5,10.5,10.5,10.6,19.4,29.03,45.18,47.2,50.6,50.6,50.6,50.6,50.6,50.6,50.6,50.6,50.6,50.6,50.6,50.6,50.6,50.6,50.6,50.6,50.6,50.6,50.6,50.6,50.6,50.6,50.6,50.6,50.6,50.6,50.6,50.6,50.6,50.6,50.6,50.6,50.6,50.6,50.6,50.6,50.6,50.6,50.6,37.1,11.9,11.1,10.85,14.0,14.0,14.0,14.0,14.0,14.0,14.0,14.0,14.0,14.0,14.0,14.0,13.65,9.7,9.7,9.7,9.7,9.7,9.7,9.7,9.7,9.7,9.7,9.7,9.7,9.7,19.29,32.5,32.5,29.6,29.6,29.6,29.6,29.6,29.6,29.6,29.6,29.6,29.6,29.6,29.6,29.6,29.6,29.6,29.6,34.62,41.9,48.4,56.63,74.56,82.3,78.2,74.2,74.2,74.2,66.7,75.05,79.9,84.7,84.7,81.7,81.7,81.9,67.1,56.9,56.9,56.9,56.9,54.24,53.5,36.1,28.2,27.7,27.7,27.7,27.7,27.7,27.7,22.9,16.9,16.4,16.4,16.4,16.4,16.4,16.4,16.4,16.4,16.4,16.4,16.4,16.4,16.4,16.4,16.4,16.4,16.4,16.4,16.4,16.4,16.4,16.4,16.45,15.2,10.2,10.2,10.2,10.2,10.2,10.2,10.2,10.2,10.2,10.2,10.2,10.2,10.2,10.2,10.2,10.2,10.2,4.7,4.7,4.6,4.6,7.9,8.7,8.7,8.7,8.7,8.7,8.7,8.7,8.7,8.7,8.7,8.7,8.7,8.7,8.7,8.7,8.7,8.7,8.7,8.7,8.7,7.5,25.5,22.6,22.6,22.6,22.6,22.6,22.6,22.6,22.6,10.6,5.0,5.0,5.0,5.0,5.0,5.0,5.0,3.8,3.8,3.8,3.8,3.8,3.8,3.8,3.8,3.8,3.8,3.8,3.8,3.8,3.8,3.8,3.8,3.8,3.8,3.8,3.8,3.8,3.8,3.8,3.8,3.8,3.8,3.8,0.0,0.0,0.03,0.03,0.1,0.3,0.3,0.3,0.3,0.3,0.3,0.3,0.3,0.3,6.1,12.8,11.6,11.6,11.6,11.6,11.6,11.6,4.3,4.3,4.3,4.3,4.3,0.0,8.4,12.5,12.5,10.4,6.3,6.3,6.3,2.9,2.5,2.5,2.5,2.5,2.5,2.5,2.5,2.5,2.5,2.5,2.5,2.5,2.5,2.5,2.5,2.5,2.5,2.5,2.5,2.5,2.5,2.5,2.5,2.5,2.5,0.0,17.2,17.2,17.2,2.52,22.02,17.2,0.0,0.0,0.0,0.0,0.0,0.0,0.0,0.0,0.0,0.0,0.0,0.0,0.0,0.0,0.0,0.6,8.0,17.1,20.7,22.0,23.7,23.7,5.8,0.3,0.3,0.3,0.3,0.3,0.3,0.3,0.3,0.3,0.3,0.3,0.0,0.0,0.03,0.0,0.0,0.0,0.0,0.0,0.0,0.0,0.0,0.0,0.0,0.0,0.0,0.0,0.0,0.0,0.0,0.0,0.0,0.0,0.0,0.0,0.0,0.0,31.33,19.09,7.57,2.7,2.7,2.7,2.4,2.3,2.3,2.3,2.3,5.4,12.6,12.6,12.6,11.8,11.8,11.8,11.8,11.8,11.8,11.7,14.5,14.5,14.5,14.5,14.5,14.5,26.18,36.6,41.0,38.0,25.76,18.7,17.6,9.8,9.8,9.8,9.8,9.8,9.8,9.8,9.6,9.6,5.47,0.0,0.0,0.0,0.0,0.0,0.0,0.0,0.0,0.0,0.0,0.0,0.0,0.0,0.0,0.0,0.0,0.0,0.3,0.3,0.3,0.3,0.3,0.3,0.3,0.3,0.3,0.3,0.3,0.5,0.0,0.0,0.0,0.0,0.0,0.0,0.0,4.1,10.02,21.67,35.6,35.6,35.6,37.6,36.53,26.3,19.8,19.8,19.8,19.8,19.8,19.8,23.22,32.5,32.5,34.3,31.15,27.0,22.95,22.6,24.7,31.86,33.12,29.3,31.92,36.57,24.4,17.9,17.9,17.9,17.9,12.8,30.87,42.37,46.2,47.3,49.7,49.7,49.63,48.3,48.3,48.3,43.9,43.9,43.9,43.9,43.9,35.1,35.1,35.1,31.6,30.5,34.68,44.8,47.6,49.0,49.0,49.0,49.0,49.0,49.0,49.0,49.0,49.0,49.0,49.0,49.0,49.0,49.0,49.0,49.0,49.0,48.92,44.0,50.3,50.3,50.3,50.3,50.3,50.3,50.3,72.3,72.3,72.3,72.3,72.3,59.45,55.36,53.0,52.5,50.1,50.1,50.1,50.6,50.6,47.02,44.6,47.1,48.3,48.3,49.1,49.1,49.1,49.1,49.1,49.1,49.1,49.1,49.1,49.1,49.1,49.1,49.1,49.1,49.1,49.1,49.1,48.5,52.0,59.1,60.6,61.9,65.2,64.43,63.3,63.3,63.3,63.3,63.3,63.3,63.1,61.1,61.1,61.1,61.1,57.13,54.5,54.5,54.5
P149,73.9,73.9,73.9,73.9,73.9,73.9,73.9,73.9,72.55,71.9,69.81,100.0,100.0,95.14,82.4,82.4,82.4,82.4,82.4,82.4,82.4,82.4,82.4,82.4,82.4,82.4,82.4,82.4,82.4,82.4,82.4,82.4,82.4,82.4,61.7,47.0,28.2,24.5,24.5,24.5,24.5,24.5,37.39,11.3,11.0,10.94,10.76,9.53,9.4,9.4,9.4,9.4,9.4,9.4,9.4,9.4,9.4,9.4,9.4,9.4,9.4,9.4,9.4,9.4,9.4,5.01,3.04,20.4,21.0,21.0,21.0,21.0,21.0,21.0,21.0,21.0,21.0,21.0,21.0,21.0,21.0,21.0,21.0,21.0,21.0,21.0,21.0,21.0,21.0,21.0,21.0,19.9,19.9,19.9,19.9,19.9,19.9,19.9,19.9,19.9,19.9,19.9,19.9,19.9,19.9,19.9,19.9,19.9,19.9,19.9,19.9,19.9,19.9,19.9,19.9,19.9,19.9,19.9,19.9,19.9,19.9,19.9,19.9,19.9,19.9,19.9,19.9,19.9,19.9,19.9,19.9,19.9,19.9,19.9,19.9,19.9,19.9,19.9,19.9,19.9,19.9,19.9,19.9,19.9,19.9,19.9,19.9,19.9,19.9,19.9,19.9,19.9,19.9,19.9,19.9,19.9,19.9,19.9,19.9,19.9,19.9,19.9,19.9,19.9,19.9,19.9,19.9,19.9,19.9,19.9,19.9,19.9,19.9,19.9,19.9,0.85,15.4,15.4,15.4,15.4,15.4,15.4,15.4,15.4,15.4,15.4,15.4,15.4,15.4,15.4,15.4,15.4,15.4,15.4,15.4,15.4,15.4,15.4,15.4,15.4,15.4,15.4,15.4,15.4,15.4,15.4,15.4,15.4,15.4,15.4,15.4,15.4,15.4,15.4,15.4,15.4,15.4,15.4,15.4,15.4,15.4,15.4,15.4,15.4,15.4,15.4,15.4,15.4,15.4,15.4,15.4,15.4,15.4,15.4,15.4,15.4,15.4,15.4,15.4,15.4,15.4,15.4,15.4,15.4,15.4,15.4,15.4,15.4,15.4,15.4,15.4,15.4,15.4,15.4,15.4,15.4,15.4,15.4,15.4,15.4,15.4,15.4,15.4,15.4,15.4,15.4,15.4,15.4,15.4,15.4,15.4,15.4,15.4,15.4,15.4,15.4,15.4,15.4,15.4,15.4,15.4,15.4,15.4,15.4,15.4,15.4,15.4,15.4,15.4,15.4,15.4,15.4,15.4,15.4,15.4,15.4,15.4,15.4,15.4,15.4,15.4,15.4,15.4,15.4,15.4,15.4,15.4,15.4,15.4,15.4,15.4,15.4,15.4,15.4,15.4,15.4,15.4,15.4,15.4,15.4,15.4,15.4,15.4,15.4,15.4,15.4,15.4,15.4,15.4,15.4,15.4,15.4,15.4,15.4,15.4,15.4,15.4,15.4,15.4,15.4,15.4,15.4,15.4,15.4,15.4,15.4,15.4,15.4,15.4,15.4,15.4,15.4,15.4,15.4,15.4,15.4,15.4,15.4,15.4,15.4,15.4,15.4,15.4,15.4,15.4,15.4,15.4,15.4,15.4,15.4,15.4,15.4,15.4,15.4,15.4,15.4,15.4,15.4,15.4,15.4,15.4,15.4,15.4,15.4,15.4,15.4,15.4,15.4,15.4,15.4,15.4,15.4,15.4,15.4,15.4,15.4,15.4,15.4,15.4,15.4,15.4,15.4,15.4,15.4,15.4,15.4,15.4,15.4,15.4,15.4,15.4,15.4,15.4,15.4,15.4,15.4,15.4,15.4,15.4,15.4,15.4,15.4,15.4,15.4,15.4,15.4,15.4,15.4,15.4,15.4,35.23,31.61,39.47,35.6,35.6,35.6,35.6,35.6,35.6,35.6,35.6,35.6,35.6,35.6,35.6,35.6,35.6,35.6,35.6,35.6,35.6,35.6,35.6,35.6,35.6,35.6,35.6,35.6,35.6,35.6,35.6,35.6,35.6,35.6,35.6,35.6,35.6,35.6,35.6,35.6,35.6,35.6,35.6,35.6,23.41,23.8,23.8,23.8,23.8,23.8,23.8,23.8,23.8,23.8,23.8,23.8,23.8,23.8,23.8,23.8,23.8,23.8,23.8,23.8,23.8,23.8,23.8,23.8,23.8,23.8,23.8,23.8,23.8,23.8,23.8,23.8,23.8,23.8,23.8,23.8,23.8,23.8,23.8,23.8,23.8,23.8,23.8,23.8,23.8,23.8,23.8,23.8,23.8,23.8,23.8,23.8,23.8,23.8,23.8,23.8,23.8,23.8,23.8,23.8,23.8,23.8,23.8,23.8,23.8,23.8,23.8,23.8,23.8,23.8,23.8,23.8,23.8,23.8,23.8,23.8,23.8,23.8,23.8,23.8,23.8,23.8,23.8,23.8,23.8,23.8,23.8,23.8,23.8,4.5,8.5,5.6,5.6,5.6,5.6,5.6,5.6,5.6,5.6,5.6,12.26,3.09,7.67,6.33,5.7,5.73,6.57,5.2,5.4,5.4,5.4,5.4,5.4,5.4,5.4,5.4,5.4,5.4,5.4,5.4,5.4,5.4,5.4,5.4,5.4,5.4,5.4,5.4,5.4,5.4,5.4,5.4,5.4,5.4,5.4,5.4,5.4,5.4,5.4,5.4,5.4,5.4,5.4,5.4,5.4,5.4,5.4,5.4,5.4,5.4,5.4,5.4,5.4,5.4,5.4,5.4,5.4,11.9,7.49,5.4,4.08,4.2,6.88,5.6,3.5,3.5,3.5,3.5,3.5,3.5,3.5,3.5,3.5,3.5,3.5,3.5,3.5,3.5,3.5,3.5,3.5,3.5,3.5,3.5,3.5,3.5,3.5,3.5,3.5,3.5,3.5,3.5,3.5,3.5,3.5,3.5,3.5,3.5,3.5,3.5,3.5,3.5,3.5,3.5,3.5,3.5,3.5,3.5,3.5,3.5,3.5,3.5,3.5,3.5,3.5,3.5,3.5,3.5,3.5,3.5,3.5,3.5,3.5,3.5,3.5,3.5,3.5,3.5,3.5,3.5,3.5,3.5,3.5,3.5,3.5,3.5,3.5,3.92,9.38,9.0,5.62,5.4,5.4,5.4,5.4,5.4,5.4,5.4,5.4,5.4,5.4,5.4,5.4,5.4,5.4,5.4,5.4,5.4,5.4,5.4,5.4,5.4,5.4,5.4,5.4,5.4,5.4,5.4,5.4,5.4,5.4,5.4,5.4,5.4,5.4,5.4,5.4,5.4,5.4,5.4,5.4,5.4,4.2,4.2,4.2,4.2,4.2,4.2,4.2,4.2,4.2,4.2,4.2,4.2,4.2,4.2,4.2,4.2,4.2,4.2,4.2,4.2,4.2,4.2,4.2,4.2,4.2,4.2,4.2,4.2,4.2,4.2,4.2,4.2,4.2,46.11,64.09,85.06,88.63,88.3,88.3,88.3,88.3,88.3,88.3,88.3,88.3,84.9,84.9,84.9,84.9,84.9,84.9,84.9
P150,58.3,58.3,58.8,58.8,58.8,58.8,58.8,58.8,63.7,65.6,66.8,67.7,68.7,69.4,69.8,70.1,70.2,71.3,71.8,71.8,71.8,71.8,71.79,71.6,71.5,71.5,71.5,71.5,71.5,71.5,71.6,71.6,63.05,58.71,54.44,54.0,54.0,54.0,54.0,54.3,54.53,55.1,55.2,55.2,55.2,55.2,55.2,55.2,55.2,53.9,53.5,52.8,56.25,56.5,54.5,54.5,53.4,53.4,53.4,53.4,53.1,53.1,53.1,53.1,53.5,54.6,55.6,55.6,55.6,55.7,54.2,55.4,56.21,57.6,58.3,58.3,58.3,57.6,57.6,57.6,57.6,57.6,54.41,55.31,56.0,57.1,48.3,47.4,54.0,56.0,56.6,55.7,55.4,55.4,56.3,56.6,56.6,56.6,57.3,58.14,58.5,58.5,58.0,58.0,57.4,56.3,55.9,56.9,54.35,49.8,52.0,52.8,53.4,53.4,53.4,45.96,42.6,31.24,29.6,27.9,29.6,34.3,34.3,33.8,33.8,33.8,29.67,26.5,21.3,19.1,16.8,16.0,16.0,14.2,14.0,14.0,11.9,11.9,11.9,11.9,11.9,11.9,11.9,11.32,11.3,12.0,12.0,11.4,11.6,12.0,12.0,12.5,13.4,13.4,13.4,13.4,14.0,14.0,14.0,14.0,14.5,13.08,10.77,9.6,9.6,10.33,14.2,10.5,10.2,8.0,6.2,6.2,4.6,4.6,4.6,2.4,0.0,0.0,0.3,0.3,0.3,0.3,0.66,1.1,6.8,3.5,3.5,3.5,3.5,4.8,4.8,4.6,12.0,24.87,33.38,36.68,45.8,48.1,50.0,50.0,50.0,53.1,55.1,47.5,41.33,36.4,30.9,26.43,23.46,21.9,20.25,19.0,17.1,16.0,11.9,10.0,8.2,7.1,6.9,5.4,5.2,9.27,21.6,28.66,34.6,39.2,47.02,50.2,52.3,52.9,52.9,52.9,52.9,52.9,54.6,55.1,56.3,56.3,57.4,55.68,59.1,59.7,60.0,60.17,60.6,62.2,62.5,55.63,59.6,59.6,59.6,59.6,59.6,59.4,59.1,58.2,58.2,58.2,58.6,58.6,58.6,58.6,58.3,54.62,47.98,44.4,44.4,46.9,46.9,46.9,48.0,47.5,47.7,46.8,46.3,46.39,46.1,46.1,46.1,46.04,48.0,38.3,38.3,38.3,38.3,38.3,38.3,38.3,38.3,38.3,39.4,44.3,46.0,50.2,53.66,54.5,54.5,54.5,54.5,56.2,56.8,57.6,57.6,57.9,56.28,56.6,56.6,57.1,60.05,64.4,66.4,66.8,68.2,69.6,69.6,71.1,71.1,71.6,64.86,55.9,51.5,46.9,35.2,29.5,23.76,15.02,14.5,14.5,14.5,14.7,12.2,10.6,8.2,8.2,8.2,8.2,8.2,8.2,8.2,9.7,17.4,27.53,37.43,41.83,47.67,52.6,54.5,52.5,50.6,50.2,50.2,50.2,50.2,52.28,54.2,55.1,59.66,60.77,61.1,61.6,62.0,62.0,62.0,62.5,62.7,62.8,62.8,62.8,62.8,60.2,56.77,48.04,35.86,30.6,30.2,29.8,28.4,28.4,28.4,29.31,44.55,47.1,47.5,46.08,44.6,44.6,31.4,24.32,21.5,21.5,21.5,14.02,11.6,11.6,11.6,11.6,11.6,11.6,11.6,11.6,11.6,11.6,11.6,11.6,11.6,12.2,12.2,13.4,13.4,13.57,14.5,6.6,6.6,0.0,0.0,0.0,0.0,0.0,0.0,0.0,0.0,0.0,0.0,0.0,0.0,0.0,0.0,0.0,0.0,0.0,0.0,0.0,0.0,0.0,0.0,0.0,0.0,0.0,0.0,0.0,0.0,0.0,0.0,0.0,0.0,0.0,0.0,0.0,0.0,0.0,0.0,0.0,0.0,0.0,0.0,0.0,0.0,0.0,0.0,0.0,0.0,0.0,0.0,0.0,0.0,0.0,0.0,0.0,0.0,0.14,2.3,3.2,4.2,0.65,0.0,0.0,0.0,0.3,10.55,15.1,13.67,8.0,5.07,2.6,0.0,0.0,0.0,0.0,0.0,0.0,0.0,0.0,0.0,0.0,0.0,0.0,0.0,0.0,0.0,0.0,0.0,0.0,0.0,0.0,0.0,0.0,0.0,0.0,0.0,0.0,0.0,0.0,0.0,0.0,0.0,0.0,0.0,0.0,0.0,0.0,0.0,0.0,0.0,0.0,0.0,0.0,0.0,0.0,0.0,0.0,0.0,0.0,0.0,0.0,0.0,0.0,0.0,0.0,0.0,4.9,0.0,0.3,0.3,0.3,0.3,0.3,0.3,0.3,0.3,0.3,0.3,0.3,0.3,0.3,7.17,2.79,0.0,0.0,0.0,0.0,0.0,0.0,0.0,0.0,0.0,0.0,0.0,0.0,0.0,0.0,0.0,0.0,0.0,0.0,0.0,0.0,0.34,0.0,0.0,0.0,0.0,0.0,0.0,0.0,0.0,0.0,0.0,0.0,0.0,0.0,0.0,0.0,0.0,0.0,0.0,0.0,0.0,0.0,0.0,0.0,0.0,0.0,0.0,0.0,0.0,0.0,0.0,0.0,0.0,1.24,3.2,8.2,12.8,13.4,13.4,14.7,15.3,15.9,15.9,15.9,15.9,15.9,15.9,15.1,15.1,12.76,8.16,0.0,0.0,0.0,0.0,0.0,0.0,0.0,0.0,0.0,0.0,0.0,0.0,0.0,0.0,0.0,0.0,0.0,0.0,0.0,0.0,0.0,0.0,0.0,0.0,0.0,0.0,0.0,0.0,2.9,0.0,0.0,0.0,0.0,0.0,0.0,0.0,0.0,0.0,0.0,0.0,0.0,0.0,0.0,0.0,0.0,2.0,10.5,11.1,15.0,14.4,14.39,14.7,14.7,14.5,13.7,10.8,0.47,0.0,0.0,0.0,0.0,0.0,0.73,8.2,16.0,24.5,31.0,35.8,40.7,41.5,45.33,47.7,52.9,58.8,62.07,64.4,65.37,64.15,60.6,59.6,59.6,59.6,59.3,59.3,59.13,57.7,57.6,56.9,56.6,56.64,57.19,58.48,64.84,65.6,67.1,67.7,67.7,67.97,69.9,69.9,67.3,67.3,55.81,45.36,35.1,32.85,28.67,27.2,27.2,27.2,27.2,27.2,27.2,27.2,22.22,19.9,19.9,19.1,19.1,19.1,19.1,19.1,19.1,19.1,18.1,18.1,18.37,20.4,20.63,24.2,28.9,39.42,46.18,50.0,50.2,50.3,47.8,48.6,48.6,49.2,49.2,49.2,49.2,49.2,49.2,49.2,49.2,49.2,51.83,52.8,51.54,50.2,49.8,49.8,49.8,49.8,50.0,50.0,50.0,50.0,55.2,57.7,59.39,60.8,63.7,68.73,72.5,73.0,73.0,73.1,73.1,74.29,74.8,75.0,75.0,75.0,75.0,75.0,75.0,75.0,75.0
P151,53.1,53.1,53.1,53.1,53.1,53.1,62.72,68.8,68.8,68.8,68.8,68.8,68.8,68.8,68.8,68.8,68.8,68.8,68.8,68.8,68.8,68.8,68.8,68.8,68.8,68.8,68.8,68.8,68.8,68.8,68.8,68.8,68.8,68.8,68.8,68.8,69.0,69.1,69.0,68.7,68.1,68.1,68.1,68.1,68.1,68.1,68.1,68.1,68.1,68.1,68.1,68.1,68.1,68.1,68.1,68.1,68.1,68.02,68.4,68.4,68.4,68.4,68.4,68.4,68.4,68.4,68.4,68.4,66.66,65.8,65.8,65.8,65.8,65.8,65.8,65.8,65.8,65.8,65.8,65.8,65.8,65.8,65.8,65.8,65.8,65.8,65.7,67.9,67.9,67.9,67.9,67.9,67.9,67.9,67.9,67.9,67.9,67.9,67.9,67.9,67.9,67.9,67.9,67.9,67.9,67.9,78.3,78.4,78.4,78.4,78.4,78.4,78.4,78.4,78.4,78.4,78.4,79.08,79.3,79.3,79.3,79.3,79.3,79.3,79.3,79.3,79.3,79.3,79.3,79.3,74.1,74.1,74.1,74.1,74.1,74.1,74.1,74.1,74.1,74.1,74.1,74.1,74.1,74.1,74.1,74.1,74.1,74.1,74.1,74.1,74.1,74.1,74.1,74.1,74.1,74.1,74.1,74.1,74.1,74.1,74.1,74.1,74.1,74.1,74.1,74.1,74.1,74.1,74.1,70.9,69.6,69.6,69.6,69.6,69.6,69.6,69.6,69.6,69.6,69.6,68.2,51.36,46.3,46.3,46.3,46.3,46.3,46.3,36.3,36.3,36.3,36.3,36.3,53.6,61.5,61.98,63.48,62.5,62.5,62.5,62.5,62.5,62.5,62.5,62.5,62.5,62.5,62.5,62.5,62.5,62.5,62.5,62.5,62.5,62.5,62.5,62.5,62.5,62.5,62.5,62.5,62.5,60.84,59.1,59.1,59.1,59.1,59.1,59.1,59.1,59.1,59.1,59.1,59.1,59.1,59.1,59.1,59.1,59.1,59.1,59.1,59.1,58.26,57.1,57.1,57.1,57.1,57.1,57.1,57.1,57.1,55.8,55.8,55.8,55.8,55.8,55.8,55.8,55.8,55.8,55.8,55.8,55.8,55.8,55.8,55.8,55.8,52.9,48.66,48.6,48.6,48.6,48.6,48.6,48.6,42.06,41.1,41.1,41.1,41.1,41.1,41.1,41.1,41.1,41.1,41.1,41.1,41.1,41.1,41.1,41.1,41.1,41.1,34.5,34.5,34.5,34.5,34.5,34.5,34.5,34.5,34.5,34.5,34.5,34.5,34.5,34.5,34.5,34.5,34.5,34.5,33.4,32.1,32.1,31.3,30.6,28.86,28.5,28.5,28.5,28.5,28.5,27.6,25.12,24.9,24.9,24.9,24.9,24.9,24.9,24.3,22.6,22.3,22.3,22.3,22.3,22.3,22.3,22.3,22.3,22.3,22.3,22.3,22.3,22.3,22.3,22.3,22.3,22.3,22.3,22.3,22.3,22.3,22.3,22.3,22.3,22.3,22.3,22.3,22.3,22.3,22.3,22.3,22.3,22.3,22.3,22.3,15.78,15.3,15.3,15.3,15.3,5.21,3.3,3.3,3.3,3.3,3.3,3.3,3.3,3.3,3.3,3.3,3.3,3.3,3.3,3.3,3.3,2.4,2.1,2.1,2.1,2.1,2.1,2.1,1.72,1.5,1.5,0.7,0.6,0.6,0.6,0.1,0.0,0.0,0.0,0.0,0.0,0.0,0.0,0.0,0.0,0.0,0.0,0.0,0.0,0.0,0.0,0.0,0.0,0.0,0.0,0.0,0.0,0.0,0.0,0.0,0.0,0.0,0.0,0.0,0.0,0.0,0.0,0.0,0.0,0.0,0.0,0.0,0.0,0.0,0.0,0.0,0.0,0.0,0.0,0.0,0.0,0.0,0.0,0.0,0.0,0.0,0.0,0.0,0.0,0.0,0.0,0.0,0.0,0.0,0.0,0.0,0.0,0.0,0.0,0.0,0.0,0.0,0.0,0.0,0.0,0.0,0.0,0.0,0.0,0.0,0.0,0.0,0.0,0.0,0.0,0.0,0.0,0.0,0.0,0.0,0.0,0.0,0.0,0.0,0.0,0.0,0.0,0.0,0.0,0.0,0.0,0.0,0.0,0.0,0.0,0.0,0.0,0.0,0.0,0.0,0.0,0.0,0.0,0.0,0.0,0.0,0.0,0.0,0.0,0.0,0.0,0.0,0.0,0.0,0.0,0.0,0.0,0.0,0.0,0.0,0.0,0.0,0.0,0.0,0.0,0.0,0.0,0.0,0.0,0.0,0.0,0.0,0.0,0.0,0.0,0.0,0.0,0.0,0.0,0.0,0.0,0.0,0.0,0.0,0.0,0.0,0.0,0.0,0.0,0.0,0.0,0.0,0.0,0.0,0.0,0.0,0.0,0.0,0.0,0.0,0.0,0.0,0.0,0.0,0.0,0.0,0.0,0.0,0.0,0.0,0.0,0.0,0.0,0.0,0.0,0.0,0.0,0.0,0.0,0.0,0.0,0.0,0.0,0.0,0.0,0.0,0.0,0.0,0.0,0.0,0.0,0.0,0.0,0.0,0.0,0.0,0.0,0.0,0.0,0.0,0.0,0.0,0.0,0.0,0.0,0.0,0.0,0.0,0.0,0.0,0.0,0.0,0.0,0.0,0.0,0.0,0.0,0.0,0.0,0.0,0.0,0.0,0.0,0.0,0.0,0.0,0.0,0.0,0.0,0.0,0.0,0.0,0.0,0.0,0.0,0.0,0.0,0.0,0.0,0.0,0.0,0.0,0.0,0.0,0.0,0.0,0.0,0.0,0.0,0.0,0.0,0.0,0.0,0.0,0.0,0.0,0.0,0.0,0.0,0.0,0.0,0.0,0.0,0.0,0.0,0.0,0.0,0.0,0.0,0.0,0.0,0.0,0.0,0.0,0.0,0.0,0.0,0.0,0.0,0.0,0.0,0.0,0.0,0.0,0.0,0.0,0.0,0.0,0.0,0.0,0.0,0.0,0.0,0.0,0.0,0.0,0.0,0.0,0.0,0.0,0.0,0.0,0.0,0.0,0.0,0.0,0.0,0.0,0.0,0.0,0.0,0.0,0.0,0.0,0.0,0.0,0.0,0.0,0.0,0.0,0.0,0.0,0.0,0.0,0.0,0.0,0.0,0.0,0.0,0.0,0.0,11.2,17.41,48.7,48.93,59.8,59.8,59.8,59.8,59.8,59.8,59.8,59.8,59.8,59.8,59.8,59.8,59.8,59.8,59.8,61.3,62.88,63.7,63.7,63.7,63.7,63.7,65.14,65.2,65.2,65.2,65.2,65.2,65.2,65.2,65.2,65.2,65.7,65.7,65.7,65.7,65.7,65.7,65.7,65.7,65.7,66.0,66.0,66.0,66.0,66.0,66.3,66.4,66.4,66.4,66.4,66.4,66.4,66.4,67.6,67.6,67.6,67.6,67.8,67.8,67.8,67.8,67.8,68.8,70.96,86.44
P152,50.3,46.1,49.7,49.7,27.39,37.0,36.4,36.4,36.22,51.0,50.5,50.33,51.9,46.68,47.4,49.4,49.4,30.81,35.99,48.3,50.3,50.5,51.5,50.3,50.6,50.6,50.6,50.6,50.6,50.6,50.6,50.6,50.6,50.6,50.6,50.6,50.6,53.2,56.41,59.7,61.7,62.7,62.7,68.06,69.8,69.8,69.8,69.8,69.8,69.8,69.8,69.8,69.8,69.8,69.8,69.8,69.8,69.8,69.8,69.8,69.8,67.94,66.82,56.3,49.4,41.3,40.8,35.3,35.5,35.5,35.5,35.5,35.5,35.5,35.5,43.0,48.8,49.0,49.0,49.0,49.0,49.0,49.0,49.0,49.0,49.0,49.0,49.0,49.0,49.0,49.0,49.0,49.0,49.0,49.0,49.0,49.0,49.0,49.0,49.0,49.0,49.0,49.0,30.4,30.4,30.4,30.4,30.4,30.4,30.4,30.4,30.4,30.4,30.4,30.4,30.4,30.4,30.4,30.4,30.4,30.4,30.4,23.38,21.5,21.5,21.5,21.5,21.5,21.5,21.5,21.5,21.5,21.5,21.5,21.5,21.5,21.5,21.5,21.5,21.5,21.5,21.5,21.5,21.5,21.5,21.5,21.5,21.5,21.5,21.5,21.5,21.5,21.5,21.5,21.5,21.5,21.5,21.5,21.5,21.5,21.5,21.5,21.5,21.5,21.5,21.5,21.5,21.5,21.5,21.5,21.5,21.5,21.5,21.5,21.5,21.5,21.5,21.5,21.5,21.5,21.5,21.5,21.5,21.5,21.5,21.5,21.5,21.5,21.5,21.5,21.5,21.5,21.5,21.5,21.5,21.5,21.5,21.5,21.5,21.5,21.5,21.5,21.5,21.5,21.5,21.5,21.5,21.5,20.0,24.0,26.6,30.1,30.1,30.1,30.1,30.1,30.1,30.1,30.1,30.1,30.1,30.1,30.1,30.1,30.1,30.1,30.1,30.1,30.1,30.1,30.1,30.1,30.1,30.1,30.1,30.1,30.1,30.1,30.1,30.1,30.1,30.1,30.1,30.1,30.1,30.1,30.1,30.1,30.1,30.1,30.1,30.1,30.1,30.1,30.1,30.1,30.1,30.1,30.1,30.1,30.1,30.1,30.1,30.1,30.1,30.1,30.1,30.1,30.1,30.1,30.1,30.1,30.1,30.1,30.1,30.1,30.1,30.1,30.1,30.1,30.1,30.1,30.1,30.1,30.1,30.1,30.1,30.1,30.1,30.1,30.1,30.1,30.1,30.1,30.1,30.1,30.1,30.1,30.1,30.1,30.1,30.1,30.1,30.1,30.1,30.1,30.1,30.1,30.1,30.1,30.1,30.1,30.1,30.1,30.1,30.1,30.1,35.9,30.61,35.2,36.18,35.9,36.4,37.0,37.0,37.0,37.0,37.0,37.0,37.0,37.0,37.0,37.0,37.0,37.0,37.0,37.0,37.0,37.0,37.0,37.0,37.0,37.0,37.0,37.0,37.0,37.0,37.0,37.0,37.0,37.0,37.0,37.0,37.0,37.0,37.0,37.0,37.0,37.0,37.0,37.0,37.0,37.0,37.0,37.0,37.0,37.0,37.0,37.0,37.0,37.0,26.41,14.0,14.0,14.0,14.0,14.0,14.0,14.0,14.0,14.0,14.0,14.0,14.0,14.0,16.0,16.9,16.8,16.8,11.7,2.9,0.0,0.0,0.0,0.0,0.0,0.0,0.0,0.0,0.0,0.0,0.0,0.0,0.0,0.0,0.0,0.0,0.0,0.0,0.0,0.0,0.0,0.0,0.0,0.0,0.0,0.0,0.0,0.0,0.0,0.0,0.0,0.0,0.0,0.0,0.0,0.0,0.0,0.0,0.0,0.0,0.0,0.0,0.0,0.0,0.0,0.0,0.0,0.0,0.0,0.0,0.0,0.0,0.0,0.0,5.3,0.0,0.0,0.0,0.0,0.0,0.0,0.0,0.0,0.0,0.0,0.0,0.0,0.0,0.0,0.0,0.0,0.0,0.0,0.0,0.0,0.0,0.0,0.0,0.0,0.0,0.0,0.0,0.0,0.0,0.0,0.0,0.0,0.0,0.0,0.0,0.0,0.0,0.0,0.0,0.0,0.0,0.0,0.0,0.0,0.0,0.0,0.0,0.0,0.0,0.0,0.0,0.0,0.0,0.0,0.0,0.0,0.0,0.0,0.0,0.0,0.0,0.0,0.0,0.0,0.0,0.0,0.0,0.0,0.0,0.0,0.0,0.0,0.0,0.0,0.0,0.0,0.0,0.0,0.0,0.0,0.0,0.0,0.0,0.0,0.0,0.0,0.0,0.0,0.0,0.0,0.0,0.0,0.0,0.0,0.0,0.0,0.0,0.0,0.0,0.0,0.0,0.0,0.0,0.0,0.0,0.0,0.0,0.0,0.0,0.0,0.0,0.0,0.0,0.0,0.0,0.0,0.0,0.0,0.0,0.0,0.0,0.0,0.0,0.0,0.0,0.0,0.0,0.0,0.0,0.0,0.0,0.0,0.0,0.0,0.0,0.0,0.0,0.0,0.0,0.0,0.0,0.0,0.0,0.0,0.0,0.0,0.0,0.0,0.0,0.0,0.0,0.0,0.0,0.0,0.0,0.0,0.0,0.0,0.0,0.0,0.0,0.0,0.0,0.0,0.0,0.0,0.0,0.0,0.0,0.0,0.0,0.0,0.0,0.0,0.0,0.0,0.0,0.0,0.0,0.0,0.0,0.0,0.0,0.0,0.0,0.0,0.0,0.0,0.0,0.0,0.0,0.0,0.0,0.0,0.0,0.0,0.0,0.0,0.0,0.0,0.0,0.0,0.0,0.0,0.0,0.0,0.0,0.0,0.0,0.0,0.0,0.0,0.0,0.0,0.0,0.0,0.0,0.0,0.0,0.0,0.0,0.0,0.0,0.0,0.0,0.0,0.0,0.0,0.0,0.0,0.0,0.0,0.0,0.0,0.0,0.0,0.0,0.0,0.0,0.0,0.0,0.0,0.0,0.0,0.0,0.0,0.0,0.0,0.0,0.0,0.0,0.0,0.0,0.0,0.0,0.0,0.0,0.0,0.0,0.0,0.0,0.0,0.0,0.0,0.0,0.0,0.0,0.0,0.0,0.0,0.0,0.0,0.0,0.0,0.0,0.0,0.0,0.0,0.0,0.0,2.4,28.22,37.9,36.42,36.98,37.3,37.3,37.3,37.3,37.3,37.3,37.3,37.3,37.3,37.3,37.3,37.3,37.3,37.3,37.3,37.3,37.3,37.3,37.3,37.3,37.3,37.3,37.3,37.3,37.3,37.3,37.3,37.3,37.3,37.3,37.3,37.3,37.3,33.77,39.2,39.2,39.2,39.2,39.2,39.2,39.2,39.2,39.2,39.2,39.2,39.2,39.2,39.2,39.2,39.2,39.2,39.2,39.2,39.2,39.2,39.2,39.2,39.2,39.2,39.2,39.2,39.2,39.2,39.2,39.2,39.2,39.2,39.2,39.2,39.2,39.2,39.2,39.2,39.2,39.2,39.2,39.2
P153,50.0,50.0,50.0,50.0,50.0,50.0,50.0,50.0,50.0,50.0,50.0,50.0,50.0,50.0,50.0,50.0,50.0,50.0,50.0,50.0,50.0,50.0,50.0,50.0,50.0,50.0,50.0,50.0,50.0,50.0,48.34,44.6,44.4,44.4,42.8,42.0,42.0,42.2,43.1,43.3,45.9,49.8,53.9,52.2,51.1,51.1,51.1,51.1,51.1,51.1,51.1,51.1,51.1,51.1,51.1,51.1,51.1,51.1,51.1,51.1,50.4,49.8,49.8,50.4,50.2,50.38,50.4,50.4,50.4,50.4,50.4,50.4,51.12,50.4,50.4,50.0,50.0,50.4,50.4,50.4,51.7,52.8,52.4,50.42,52.0,51.72,51.1,51.1,51.3,49.3,49.3,49.3,49.3,49.3,49.3,49.3,49.3,49.3,49.3,49.3,49.3,49.3,49.3,49.3,49.8,50.7,50.9,50.9,50.9,51.1,51.3,51.3,51.3,51.3,51.3,47.88,25.7,28.3,30.26,38.12,35.9,40.7,43.7,44.54,49.98,43.99,38.7,39.4,38.9,39.8,38.13,30.5,20.5,20.5,17.99,16.6,19.4,28.94,34.8,33.93,30.0,30.3,31.1,32.0,32.9,28.3,24.8,23.3,23.79,25.1,25.1,27.7,33.5,35.9,41.3,47.0,49.6,50.7,50.7,50.7,50.7,50.7,51.3,50.9,50.2,50.2,50.2,50.7,50.7,51.5,50.34,50.4,52.8,51.16,49.8,49.8,49.8,50.4,51.5,51.7,49.8,43.1,39.66,37.0,37.0,47.8,52.15,57.77,61.3,61.3,61.9,62.8,63.4,64.26,66.9,68.7,71.0,68.4,68.7,67.76,68.19,71.9,74.86,73.2,71.5,69.71,63.0,56.98,51.72,50.91,50.4,42.0,39.2,51.3,52.4,51.1,50.2,50.2,50.2,50.9,50.4,50.4,50.4,50.4,50.4,50.4,51.18,51.3,51.3,47.2,42.2,42.8,44.6,42.58,47.6,47.6,47.6,47.6,47.6,52.19,50.9,50.9,50.9,50.9,50.9,50.9,50.9,52.2,51.3,51.3,51.3,51.3,51.3,51.1,51.1,51.1,51.1,51.1,51.1,51.1,50.9,50.9,50.9,50.9,42.0,32.61,28.52,28.3,29.0,27.7,29.6,48.5,48.9,51.1,49.59,55.2,57.8,51.5,47.94,41.81,55.36,58.49,55.2,53.3,50.4,50.4,50.4,50.4,50.4,50.4,50.4,63.15,86.2,97.7,91.97,88.32,88.3,88.3,88.3,88.1,86.3,84.4,83.9,81.8,83.5,83.5,82.41,82.12,84.8,82.2,81.6,81.6,81.6,81.6,81.6,41.93,16.7,16.7,16.7,21.5,21.7,20.8,24.5,21.92,22.33,20.6,20.28,20.8,24.5,26.74,23.61,15.25,13.9,22.62,23.0,23.0,23.0,23.0,23.0,23.0,23.0,23.0,23.0,23.4,32.01,49.0,49.0,49.0,49.2,51.6,49.0,51.6,51.4,51.4,51.4,51.4,51.4,51.4,51.4,51.4,50.66,53.4,56.75,59.0,59.0,59.4,60.5,61.6,62.0,62.0,50.49,39.89,28.0,18.9,18.4,18.0,18.0,18.0,18.0,18.0,18.0,18.0,18.0,18.0,18.0,18.0,18.0,17.48,21.0,21.0,21.0,21.0,21.0,21.0,21.0,21.0,21.0,21.0,21.0,21.3,21.3,21.3,21.3,21.3,21.3,15.25,16.5,16.5,16.5,16.5,16.5,16.5,16.5,16.5,16.5,16.5,29.2,33.0,33.0,32.1,30.22,29.3,29.3,29.3,29.3,29.3,29.3,29.3,29.3,8.0,8.0,6.51,5.02,1.7,9.22,14.75,16.9,19.5,19.5,19.5,19.5,19.7,19.7,27.5,30.87,31.31,27.58,24.33,23.0,16.33,11.3,10.6,18.4,19.53,18.0,18.0,18.0,18.0,18.0,17.8,16.29,15.2,6.5,18.65,15.38,19.7,19.1,27.5,28.6,31.7,32.1,35.4,36.7,43.8,50.3,43.8,40.23,34.9,35.8,36.9,32.8,31.98,31.9,31.9,31.9,32.5,32.5,32.5,32.5,35.92,35.4,33.4,27.52,27.8,26.2,29.1,29.7,28.4,28.2,26.7,25.2,24.1,23.6,23.6,24.5,22.59,21.7,21.7,21.7,21.7,21.7,21.7,21.7,21.7,20.4,19.7,19.7,19.52,18.9,18.9,13.92,10.03,7.61,10.45,15.81,16.13,19.48,14.5,8.7,6.55,10.4,4.6,11.3,11.3,11.1,11.1,11.1,11.1,9.12,5.0,5.0,5.0,5.0,3.14,0.7,0.7,0.7,0.7,0.7,0.7,0.7,0.7,0.7,0.7,0.7,0.7,14.88,23.85,26.0,25.9,23.9,23.9,24.47,34.3,34.3,36.9,36.9,36.9,36.9,36.9,37.3,37.3,37.3,28.4,24.3,21.0,20.8,17.4,16.7,16.5,16.5,11.7,10.2,8.9,6.9,6.9,6.9,3.7,6.5,4.82,13.69,29.67,33.3,16.73,20.48,33.8,34.3,32.8,47.85,62.47,72.0,76.59,78.5,78.5,74.41,77.19,77.9,73.11,56.87,49.9,50.5,50.5,50.5,50.3,49.9,49.9,44.04,29.31,21.9,20.0,20.0,18.7,18.4,18.4,18.4,18.4,17.8,17.8,17.8,16.1,2.06,0.0,0.0,6.7,5.4,8.2,9.97,11.1,11.1,11.1,11.1,11.1,10.8,10.6,5.27,5.2,5.0,5.0,22.6,27.8,29.1,32.06,41.0,41.4,31.0,25.8,31.39,35.77,36.4,36.7,42.65,45.3,46.9,47.9,47.9,47.9,47.9,47.9,49.2,49.7,49.7,49.7,49.7,49.7,49.7,49.7,49.7,49.7,49.7,49.7,50.1,51.0,51.0,50.8,50.8,50.5,50.5,49.2,47.7,49.7,49.2,51.54,55.7,64.84,70.7,70.7,70.7,70.7,70.7,71.1,59.24,48.22,43.0,39.9,39.9,39.9,43.4,38.0,33.6,31.0,49.0,49.7,51.0,51.8,51.8,51.8,51.8,51.8,51.8,51.8,51.8,48.57,50.1,50.5,55.29,56.4,53.1,51.8,49.9,48.6,50.5,46.9,43.6,42.51,38.4,36.9,37.28,44.7,47.7,49.9,49.7,49.9,49.9,49.9,49.9,49.9,49.9,49.9,49.9,49.9,49.9,49.9,49.9,50.5,49.9,49.0,48.8,48.6,49.2,49.2,49.89,50.3,49.0,49.18,50.8,49.9,49.9,49.9,49.9,49.9,49.9,49.9,49.9,49.9,49.9,49.9,50.1,50.3,50.5,43.53,35.74,27.1,27.1,26.9,26.9,26.72,26.7,26.7,26.7,26.7,26.7,26.5,44.64,61.5,68.8,68.8,68.8,68.8,68.8,68.8,68.8,66.4,70.3,70.3,79.0,79.0,79.0,76.6
